timestamp,zone_id,consumption,lag_1,lag_24,baseline,prediction,zone_min,zone_max,load_score,risk
2026-01-02 00:00:00,0,26.375472198834725,27.461518297448553,26.497259789474313,39.081739087523665,27.226960847879965,21.480401336412246,53.927114627867056,0.17710759431136414,Safe
2026-01-02 01:00:00,0,25.944518868907444,26.375472198834725,26.238217162942675,39.069501658605525,26.425236265284283,21.480401336412246,53.927114627867056,0.1523986337862972,Safe
2026-01-02 02:00:00,0,26.41335231799338,25.944518868907444,26.124589594989267,39.081533438730695,26.103397232537347,21.480401336412246,53.927114627867056,0.14247963151518908,Safe
2026-01-02 03:00:00,0,27.822082291503513,26.41335231799338,28.490196488257563,39.05369534719928,27.22047328341741,21.480401336412246,53.927114627867056,0.17690764912109674,Safe
2026-01-02 04:00:00,0,29.628675618913103,27.822082291503513,30.04592381870683,39.03631000554121,28.677649998244522,21.480401336412246,53.927114627867056,0.2218174881185966,Safe
2026-01-02 05:00:00,0,31.744504406709,29.628675618913103,32.370190337806534,39.01023975841215,30.658972805903602,21.480401336412246,53.927114627867056,0.2828813847542224,Safe
2026-01-02 06:00:00,0,36.08635078828195,31.744504406709,35.939229596426465,39.01636980807279,33.26915914578325,21.480401336412246,53.927114627867056,0.36332670554798513,Safe
2026-01-02 07:00:00,0,39.225825096957706,36.08635078828195,38.600201325927095,39.042437465199065,37.03033965591778,21.480401336412246,53.927114627867056,0.47924539230157964,Warning
2026-01-02 08:00:00,0,41.39111416687966,39.225825096957706,41.73686893313862,39.02803101660494,40.16475636727702,21.480401336412246,53.927114627867056,0.5758473681812984,Warning
2026-01-02 09:00:00,0,46.42633696547862,41.39111416687966,45.75653891171048,39.055939268845286,42.961572139123376,21.480401336412246,53.927114627867056,0.6620445635806158,Warning
2026-01-02 10:00:00,0,48.623579471548545,46.42633696547862,48.076865551159834,39.078719015528144,47.06150263120322,21.480401336412246,53.927114627867056,0.7884034440284768,High Risk
2026-01-02 11:00:00,0,49.87319387896658,48.623579471548545,50.55427354904681,39.050340695941465,49.351717348320065,21.480401336412246,53.927114627867056,0.8589873156817,High Risk
2026-01-02 12:00:00,0,51.5559887410659,49.87319387896658,51.86520889359643,39.03745652291936,50.62067769460913,21.480401336412246,53.927114627867056,0.8980963710668012,High Risk
2026-01-02 13:00:00,0,52.042495031470544,51.5559887410659,52.107818470724936,39.03473471295043,51.808612945406935,21.480401336412246,53.927114627867056,0.934708252323162,High Risk
2026-01-02 14:00:00,0,51.02538463423198,52.042495031470544,52.153026683760785,38.9877496275534,52.14352357655547,21.480401336412246,53.927114627867056,0.9450301181410742,High Risk
2026-01-02 15:00:00,0,50.15255460999773,51.02538463423198,50.573831875602394,38.9701964081532,50.93546097282046,21.480401336412246,53.927114627867056,0.9077979166650325,High Risk
2026-01-02 16:00:00,0,48.36204688431479,50.15255460999773,48.84705320977101,38.9499878112592,49.77164855927216,21.480401336412246,53.927114627867056,0.8719294955024371,High Risk
2026-01-02 17:00:00,0,44.94619282428825,48.36204688431479,45.63501918762889,38.92128671278667,47.49719731666167,21.480401336412246,53.927114627867056,0.8018314503758929,High Risk
2026-01-02 18:00:00,0,41.88966584306551,44.94619282428825,41.8887661541353,38.92132419982543,43.97277747670874,21.480401336412246,53.927114627867056,0.6932096710396376,Warning
2026-01-02 19:00:00,0,39.41079316736642,41.88966584306551,38.82228439258089,38.94584539877482,40.91683434478602,21.480401336412246,53.927114627867056,0.5990262321720682,Warning
2026-01-02 20:00:00,0,36.08559900222925,39.41079316736642,36.252075240270294,38.938908888856446,38.40995227699996,21.480401336412246,53.927114627867056,0.5217647244191469,Warning
2026-01-02 21:00:00,0,32.69880909796972,36.08559900222925,32.572976375569596,38.94415191895645,34.96803309146962,21.480401336412246,53.927114627867056,0.4156855955861604,Warning
2026-01-02 22:00:00,0,30.708014099274777,32.69880909796972,29.47359185053194,38.99558617932073,31.683980019092942,21.480401336412246,53.927114627867056,0.3144718627293463,Safe
2026-01-02 23:00:00,0,28.16212064939302,30.708014099274777,27.461518297448553,39.02477794398509,29.688504260226786,21.480401336412246,53.927114627867056,0.25297177551121813,Safe
2026-01-03 00:00:00,0,26.598715794719322,28.16212064939302,26.375472198834725,39.034079760480275,27.645322955429585,21.480401336412246,53.927114627867056,0.19000141473927104,Safe
2026-01-03 01:00:00,0,25.509494380957857,26.598715794719322,25.944518868907444,39.01595374014905,26.471351313937102,21.480401336412246,53.927114627867056,0.1538198885931349,Safe
2026-01-03 02:00:00,0,26.477077968270493,25.509494380957857,26.41335231799338,39.01860897557726,25.916536024438365,21.480401336412246,53.927114627867056,0.13672061362448715,Safe
2026-01-03 03:00:00,0,27.156944883510707,26.477077968270493,27.822082291503513,38.9908949169109,27.033765580723006,21.480401336412246,53.927114627867056,0.17115336223037222,Safe
2026-01-03 04:00:00,0,29.473029988812385,27.156944883510707,29.628675618913103,38.98440968232337,28.09817944711909,21.480401336412246,53.927114627867056,0.20395834386379477,Safe
2026-01-03 05:00:00,0,32.01316458983385,29.473029988812385,31.744504406709,38.99560385662023,30.342737384032148,21.480401336412246,53.927114627867056,0.2731350844345399,Safe
2026-01-03 06:00:00,0,34.96722024277226,32.01316458983385,36.08635078828195,38.948973417223996,33.4958922303592,21.480401336412246,53.927114627867056,0.3703145651672769,Safe
2026-01-03 07:00:00,0,38.85290064074701,34.96722024277226,39.225825096957706,38.93343489821522,36.509521033574316,21.480401336412246,53.927114627867056,0.46319388651072596,Warning
2026-01-03 08:00:00,0,42.17006397341736,38.85290064074701,41.39111416687966,38.96589114015429,39.80161292873996,21.480401336412246,53.927114627867056,0.5646553739696472,Warning
2026-01-03 09:00:00,0,44.79048288809908,42.17006397341736,46.42633696547862,38.89773055359681,43.70216631204751,21.480401336412246,53.927114627867056,0.6848694994515239,Warning
2026-01-03 10:00:00,0,48.295413721021866,44.79048288809908,48.623579471548545,38.884056980658194,46.17440362046008,21.480401336412246,53.927114627867056,0.7610632639789745,High Risk
2026-01-03 11:00:00,0,50.488241928610215,48.295413721021866,49.87319387896658,38.909683982726676,48.903253947693045,21.480401336412246,53.927114627867056,0.845165780576522,High Risk
2026-01-03 12:00:00,0,51.06898089545024,50.488241928610215,51.5559887410659,38.88939198915936,50.9187463106023,21.480401336412246,53.927114627867056,0.9072827747598147,High Risk
2026-01-03 13:00:00,0,52.083656066808246,51.06898089545024,52.042495031470544,38.89110703229843,51.46649190456742,21.480401336412246,53.927114627867056,0.92416416339735,High Risk
2026-01-03 14:00:00,0,51.839937279136414,52.083656066808246,51.02538463423198,38.92504672583612,51.78480288757376,21.480401336412246,53.927114627867056,0.9339744320164493,High Risk
2026-01-03 15:00:00,0,51.03019918695118,51.839937279136414,50.15255460999773,38.96161524987584,51.32619374765901,21.480401336412246,53.927114627867056,0.919840207644907,High Risk
2026-01-03 16:00:00,0,48.08540489937193,51.03019918695118,48.36204688431479,38.95008850050322,50.1820075799994,21.480401336412246,53.927114627867056,0.8845766627022086,High Risk
2026-01-03 17:00:00,0,45.08303094388546,48.08540489937193,44.94619282428825,38.955790088819775,47.07991500210625,21.480401336412246,53.927114627867056,0.7889709089106722,High Risk
2026-01-03 18:00:00,0,43.03042630082844,45.08303094388546,41.88966584306551,39.0033217745599,44.0629347371819,21.480401336412246,53.927114627867056,0.6959882963162468,Warning
2026-01-03 19:00:00,0,38.92278033157295,43.03042630082844,39.41079316736642,38.98298790640183,41.867189871921646,21.480401336412246,53.927114627867056,0.6283159629780597,Warning
2026-01-03 20:00:00,0,35.33447437348851,38.92278033157295,36.08559900222925,38.95169104687097,38.03256866591169,21.480401336412246,53.927114627867056,0.5101338514839585,Warning
2026-01-03 21:00:00,0,31.97522111806016,35.33447437348851,32.69880909796972,38.921541547708074,34.51788124463761,21.480401336412246,53.927114627867056,0.40181202297142676,Warning
2026-01-03 22:00:00,0,30.20646396552441,31.97522111806016,30.708014099274777,38.900643625468476,31.63113900539871,21.480401336412246,53.927114627867056,0.3128433152832294,Safe
2026-01-03 23:00:00,0,27.173495329115134,30.20646396552441,28.16212064939302,38.859450903790226,29.598844998398395,21.480401336412246,53.927114627867056,0.25020849843413046,Safe
2026-01-04 00:00:00,0,26.75676181625288,27.173495329115134,26.598715794719322,38.86603615468746,27.07254803968774,21.480401336412246,53.927114627867056,0.17234862837092396,Safe
2026-01-04 01:00:00,0,21.984224726950746,26.75676181625288,25.509494380957857,38.71914991910383,26.42631155203007,21.480401336412246,53.927114627867056,0.15243177386748166,Safe
2026-01-04 02:00:00,0,22.864817941748765,21.984224726950746,26.477077968270493,38.56863908466543,23.62360267823179,21.480401336412246,53.927114627867056,0.06605295447076993,Safe
2026-01-04 03:00:00,0,23.72432551713776,22.864817941748765,27.156944883510707,38.42561327773322,24.434381477819997,21.480401336412246,53.927114627867056,0.09104096380525387,Safe
2026-01-04 04:00:00,0,25.78977830799788,23.72432551713776,29.473029988812385,38.27214445769928,25.791038102269365,21.480401336412246,53.927114627867056,0.13285279757871726,Safe
2026-01-04 05:00:00,0,28.261551136138873,25.78977830799788,32.01316458983385,38.115827230461996,28.016175890861234,21.480401336412246,53.927114627867056,0.20143101380746753,Safe
2026-01-04 06:00:00,0,30.928226056181117,28.261551136138873,34.96722024277226,37.94753580602069,30.64970358993602,21.480401336412246,53.927114627867056,0.2825957097276444,Safe
2026-01-04 07:00:00,0,33.47086809446979,30.928226056181117,38.85290064074701,37.723284449925806,33.72989951334732,21.480401336412246,53.927114627867056,0.3775266138476496,Safe
2026-01-04 08:00:00,0,35.45665678096138,33.47086809446979,42.17006397341736,37.44355915024014,36.53417382469269,21.480401336412246,53.927114627867056,0.46395367965640244,Warning
2026-01-04 09:00:00,0,39.63250956242968,35.45665678096138,44.79048288809908,37.228643595003916,38.73446716305478,21.480401336412246,53.927114627867056,0.5317661958513493,Warning
2026-01-04 10:00:00,0,40.849724448369024,39.63250956242968,48.295413721021866,36.918406541976715,42.675358661232075,21.480401336412246,53.927114627867056,0.6532235324179418,Warning
2026-01-04 11:00:00,0,42.590544123828295,40.849724448369024,50.488241928610215,36.5893358001108,44.224725917912494,21.480401336412246,53.927114627867056,0.7009746619395052,High Risk
2026-01-04 12:00:00,0,43.987946899797855,42.590544123828295,51.06898089545024,36.294292716958616,45.56642934590109,21.480401336412246,53.927114627867056,0.7423256417625054,High Risk
2026-01-04 13:00:00,0,43.90575881355817,43.987946899797855,52.083656066808246,35.9535469980732,46.83108358985352,21.480401336412246,53.927114627867056,0.7813019841000556,High Risk
2026-01-04 14:00:00,0,44.27991241953062,43.90575881355817,51.839937279136414,35.638545962256295,46.693745817468475,21.480401336412246,53.927114627867056,0.7770692666929432,High Risk
2026-01-04 15:00:00,0,43.42775410955503,44.27991241953062,51.03019918695118,35.321777417364785,46.662421532815515,21.480401336412246,53.927114627867056,0.7761038597068431,High Risk
2026-01-04 16:00:00,0,41.22338934072366,43.42775410955503,48.08540489937193,35.035860102421104,45.0955196162959,21.480401336412246,53.927114627867056,0.7278123161488481,High Risk
2026-01-04 17:00:00,0,38.880424426205344,41.22338934072366,45.08303094388546,34.77741816418444,42.62104625782213,21.480401336412246,53.927114627867056,0.6515496370915282,Warning
2026-01-04 18:00:00,0,35.876757453756404,38.880424426205344,43.03042630082844,34.47934862888977,40.38046665066017,21.480401336412246,53.927114627867056,0.5824955076953803,Warning
2026-01-04 19:00:00,0,33.47320302982662,35.876757453756404,38.92278033157295,34.25228290798367,37.00306713555413,21.480401336412246,53.927114627867056,0.47840485972503993,Warning
2026-01-04 20:00:00,0,30.904694557189025,33.47320302982662,35.33447437348851,34.06770874897119,34.1973659993899,21.480401336412246,53.927114627867056,0.39193381951548806,Safe
2026-01-04 21:00:00,0,28.04835691138829,30.904694557189025,31.97522111806016,33.90408940702653,31.361709228893375,21.480401336412246,53.927114627867056,0.30453955379646797,Safe
2026-01-04 22:00:00,0,25.69019653197686,28.04835691138829,30.20646396552441,33.71591159729538,28.881142632032947,21.480401336412246,53.927114627867056,0.2280890825845428,Safe
2026-01-04 23:00:00,0,24.399700958658155,25.69019653197686,27.173495329115134,33.60033683185968,26.295219367865172,21.480401336412246,53.927114627867056,0.14839154400052643,Safe
2026-01-05 00:00:00,0,22.92353914007936,24.399700958658155,26.75676181625288,33.44061922035245,25.305307478622183,21.480401336412246,53.927114627867056,0.11788269554360599,Safe
2026-01-05 01:00:00,0,23.291353804271825,22.92353914007936,21.984224726950746,33.4950829319075,22.703437372862698,21.480401336412246,53.927114627867056,0.03769367910305025,Safe
2026-01-05 02:00:00,0,22.347771957125538,23.291353804271825,22.864817941748765,33.47353934921485,23.24618495828757,21.480401336412246,53.927114627867056,0.05442103030877192,Safe
2026-01-05 03:00:00,0,23.372888533966396,22.347771957125538,23.72432551713776,33.45889614158271,22.92064138257257,21.480401336412246,53.927114627867056,0.04438785490645583,Safe
2026-01-05 04:00:00,0,25.752855868367128,23.372888533966396,25.78977830799788,33.4573577065981,24.300301666331382,21.480401336412246,53.927114627867056,0.08690865597635528,Safe
2026-01-05 05:00:00,0,28.12693446634071,25.752855868367128,28.261551136138873,33.451748678689846,26.7085679216299,21.480401336412246,53.927114627867056,0.16113084789588533,Safe
2026-01-05 06:00:00,0,30.854631369942762,28.12693446634071,30.928226056181117,33.44868223342991,29.17964031306542,21.480401336412246,53.927114627867056,0.23728870995978937,Safe
2026-01-05 07:00:00,0,33.26887644718006,30.854631369942762,33.47086809446979,33.44026591479284,31.84047299763651,21.480401336412246,53.927114627867056,0.3192949390241557,Safe
2026-01-05 08:00:00,0,36.36251928543483,33.26887644718006,35.45665678096138,33.478010185812565,34.10499936186591,21.480401336412246,53.927114627867056,0.3890871017648306,Safe
2026-01-05 09:00:00,0,38.79298196481326,36.36251928543483,39.63250956242968,33.443029869245215,37.56481048171012,21.480401336412246,53.927114627867056,0.4957176557483934,Warning
2026-01-05 10:00:00,0,40.76539636445121,38.79298196481326,40.849724448369024,33.43951619908197,39.57706925773257,21.480401336412246,53.927114627867056,0.5577349915546387,Warning
2026-01-05 11:00:00,0,42.65023597155729,40.76539636445121,42.590544123828295,33.44200335940402,41.46768468413479,21.480401336412246,53.927114627867056,0.616003308322236,Warning
2026-01-05 12:00:00,0,44.04787234833102,42.65023597155729,43.987946899797855,33.4445002530929,43.18332030652825,21.480401336412246,53.927114627867056,0.6688787892409711,Warning
2026-01-05 13:00:00,0,44.78457287775801,44.04787234833102,43.90575881355817,33.48111750576789,44.072909345006565,21.480401336412246,53.927114627867056,0.696295711351713,Warning
2026-01-05 14:00:00,0,44.50589053588764,44.78457287775801,44.27991241953062,33.4905332606161,44.68462712894544,21.480401336412246,53.927114627867056,0.7151487076349139,High Risk
2026-01-05 15:00:00,0,43.38268599340543,44.50589053588764,43.42775410955503,33.4886554224432,44.21013196297154,21.480401336412246,53.927114627867056,0.7005248797270487,High Risk
2026-01-05 16:00:00,0,42.01761039395719,43.38268599340543,41.22338934072366,33.52174796632793,42.71854652026829,21.480401336412246,53.927114627867056,0.6545545719385626,Warning
2026-01-05 17:00:00,0,39.619409057291584,42.01761039395719,38.880424426205344,33.55253899262319,41.020732950550766,21.480401336412246,53.927114627867056,0.6022283624349808,Warning
2026-01-05 18:00:00,0,36.565003182213594,39.619409057291584,35.876757453756404,33.581215897975575,38.41854194033059,21.480401336412246,53.927114627867056,0.522029455795442,Warning
2026-01-05 19:00:00,0,33.07160975536439,36.565003182213594,33.47320302982662,33.56448284487298,35.59076791508847,21.480401336412246,53.927114627867056,0.4348781344061189,Warning
2026-01-05 20:00:00,0,30.455502849491097,33.07160975536439,30.904694557189025,33.5457665237189,32.418321562780875,21.480401336412246,53.927114627867056,0.3371040940576608,Safe
2026-01-05 21:00:00,0,27.98802901103754,30.455502849491097,28.04835691138829,33.54325286120429,29.723450136226607,21.480401336412246,53.927114627867056,0.2540487990793341,Safe
2026-01-05 22:00:00,0,25.67925704579888,27.98802901103754,25.69019653197686,33.5427970492802,27.296591018416837,21.480401336412246,53.927114627867056,0.1792535795692677,Safe
2026-01-05 23:00:00,0,24.62702476431855,25.67925704579888,24.399700958658155,33.55226887451605,25.339167674168877,21.480401336412246,53.927114627867056,0.11892625869895486,Safe
2026-01-06 00:00:00,0,23.205637467217393,24.62702476431855,22.92353914007936,33.564022971480135,24.143289498964265,21.480401336412246,53.927114627867056,0.08206957840576538,Safe
2026-01-06 01:00:00,0,28.28164015190759,23.205637467217393,23.291353804271825,33.771951569298295,23.335813410647745,21.480401336412246,53.927114627867056,0.05718335784539335,Safe
2026-01-06 02:00:00,0,28.17457078611804,28.28164015190759,22.347771957125538,34.01473485383965,26.34599189831261,21.480401336412246,53.927114627867056,0.14995634128605037,Safe
2026-01-06 03:00:00,0,28.25628980410967,28.17457078611804,23.372888533966396,34.21820990676229,26.626364164381293,21.480401336412246,53.927114627867056,0.15859734769274594,Safe
2026-01-06 04:00:00,0,30.52403576005495,28.25628980410967,25.752855868367128,34.417009068915945,27.494168869573905,21.480401336412246,53.927114627867056,0.1853428818444476,Safe
2026-01-06 05:00:00,0,31.588549279817407,30.52403576005495,28.12693446634071,34.56124301947747,29.795329706338094,21.480401336412246,53.927114627867056,0.25626411029592827,Safe
2026-01-06 06:00:00,0,30.95488393817252,31.588549279817407,30.854631369942762,34.56542020982038,31.427401122503035,21.480401336412246,53.927114627867056,0.3065641622982589,Safe
2026-01-06 07:00:00,0,33.65699045791162,30.95488393817252,33.26887644718006,34.5815916269342,31.837202026400384,21.480401336412246,53.927114627867056,0.3191941284703737,Safe
2026-01-06 08:00:00,0,36.19809037205022,33.65699045791162,36.36251928543483,34.574740422209835,34.66971993471634,21.480401336412246,53.927114627867056,0.40649165520521263,Warning
2026-01-06 09:00:00,0,39.22047841105221,36.19809037205022,38.79298196481326,34.59255277413646,37.16965619389789,21.480401336412246,53.927114627867056,0.4835390947926453,Warning
2026-01-06 10:00:00,0,41.51059060866094,39.22047841105221,40.76539636445121,34.623602534311864,39.82892114025126,21.480401336412246,53.927114627867056,0.5654970065388498,Warning
2026-01-06 11:00:00,0,42.70473910818131,41.51059060866094,42.65023597155729,34.62587349833786,41.97740742698902,21.480401336412246,53.927114627867056,0.6317128417522041,Warning
2026-01-06 12:00:00,0,43.71229302391985,42.70473910818131,44.04787234833102,34.6118910264874,43.23960719090394,21.480401336412246,53.927114627867056,0.6706135376000834,Warning
2026-01-06 13:00:00,0,44.54732828659789,43.71229302391985,44.78457287775801,34.60200583518906,44.153191684742545,21.480401336412246,53.927114627867056,0.6987699939251297,Warning
2026-01-06 14:00:00,0,43.73452041218762,44.54732828659789,44.50589053588764,34.56986541336823,44.60615292377195,21.480401336412246,53.927114627867056,0.7127301513377001,High Risk
2026-01-06 15:00:00,0,42.738397733999896,43.73452041218762,43.38268599340543,34.54302006922634,43.688224369099984,21.480401336412246,53.927114627867056,0.684439812093282,Warning
2026-01-06 16:00:00,0,41.496387940499254,42.738397733999896,42.01761039395719,34.52130246699892,42.56718914752594,21.480401336412246,53.927114627867056,0.6498897737903503,Warning
2026-01-06 17:00:00,0,39.36372546611811,41.496387940499254,39.619409057291584,34.51064898403336,40.9312865523611,21.480401336412246,53.927114627867056,0.5994716457644974,Warning
2026-01-06 18:00:00,0,36.34748284281688,39.36372546611811,36.565003182213594,34.501585636558495,38.48609449952063,21.480401336412246,53.927114627867056,0.5241114095668854,Warning
2026-01-06 19:00:00,0,33.950376798813146,36.34748284281688,33.07160975536439,34.53820093003552,35.31056319644867,21.480401336412246,53.927114627867056,0.42624229177124245,Warning
2026-01-06 20:00:00,0,30.60505680874853,33.950376798813146,30.455502849491097,34.54443234500459,32.84166919021873,21.480401336412246,53.927114627867056,0.35015156702010336,Safe
2026-01-06 21:00:00,0,27.711875529184702,30.60505680874853,27.98802901103754,34.53292594992738,29.801011828982126,21.480401336412246,53.927114627867056,0.2564392319613454,Safe
2026-01-06 22:00:00,0,25.852358065370495,27.711875529184702,25.67925704579888,34.54013849240953,27.111523232977767,21.480401336412246,53.927114627867056,0.1735498345374384,Safe
2026-01-06 23:00:00,0,24.473254067932505,25.852358065370495,24.62702476431855,34.53373138006012,25.530591480665308,21.480401336412246,53.927114627867056,0.12482589478465998,Safe
2026-01-07 00:00:00,0,23.302203322717506,24.473254067932505,23.205637467217393,34.53775495737262,24.138823004783568,21.480401336412246,53.927114627867056,0.08193192211981369,Safe
2026-01-07 01:00:00,0,20.90680839845743,23.302203322717506,28.28164015190759,34.23047030097886,25.106313233783187,21.480401336412246,53.927114627867056,0.1117497403527809,Safe
2026-01-07 02:00:00,0,20.866045954426706,20.90680839845743,28.17457078611804,33.925948432991724,23.49684258186626,21.480401336412246,53.927114627867056,0.06214623851713288,Safe
2026-01-07 03:00:00,0,22.061737665837942,20.866045954426706,28.25628980410967,33.66784209389707,23.498032200106444,21.480401336412246,53.927114627867056,0.0621829022677209,Safe
2026-01-07 04:00:00,0,24.05921566051934,22.061737665837942,30.52403576005495,33.39847458974975,25.05889520120942,21.480401336412246,53.927114627867056,0.1102883278920975,Safe
2026-01-07 05:00:00,0,25.14957934204976,24.05921566051934,31.588549279817407,33.1301841756761,26.734614640049447,21.480401336412246,53.927114627867056,0.16193360154870762,Safe
2026-01-07 06:00:00,0,28.669792734722254,25.14957934204976,30.95488393817252,33.03497204219901,27.233793719879323,21.480401336412246,53.927114627867056,0.17731818179760328,Safe
2026-01-07 07:00:00,0,31.908461298693105,28.669792734722254,33.65699045791162,32.962116660564895,30.469552031254615,21.480401336412246,53.927114627867056,0.27704348163258424,Safe
2026-01-07 08:00:00,0,33.375986498332026,31.908461298693105,36.19809037205022,32.84452899915998,33.46536708275171,21.480401336412246,53.927114627867056,0.36937378739442456,Safe
2026-01-07 09:00:00,0,35.853195353292776,33.375986498332026,39.22047841105221,32.70422553842,35.462869541706056,21.480401336412246,53.927114627867056,0.4309363370261574,Warning
2026-01-07 10:00:00,0,38.182032012609135,35.853195353292776,41.51059060866094,32.56553559691784,37.872842638120254,21.480401336412246,53.927114627867056,0.5052111333820057,Warning
2026-01-07 11:00:00,0,39.657276269929646,38.182032012609135,42.70473910818131,32.43855797865736,39.8104819686913,21.480401336412246,53.927114627867056,0.5649287156667964,Warning
2026-01-07 12:00:00,0,40.41569997448953,39.657276269929646,43.71229302391985,32.30119993493109,41.12381176702998,21.480401336412246,53.927114627867056,0.60540522698753,Warning
2026-01-07 13:00:00,0,41.173212813488206,40.41569997448953,44.54732828659789,32.16061179021819,41.90745315184853,21.480401336412246,53.927114627867056,0.6295568676676753,Warning
2026-01-07 14:00:00,0,41.14797755581383,41.173212813488206,43.73452041218762,32.05283917120261,42.12679685213205,21.480401336412246,53.927114627867056,0.6363169882245135,Warning
2026-01-07 15:00:00,0,39.75520665233323,41.14797755581383,42.738397733999896,31.928539542799836,41.769470168336284,21.480401336412246,53.927114627867056,0.6253042650074242,Warning
2026-01-07 16:00:00,0,38.35856241231783,39.75520665233323,41.496387940499254,31.797796812458945,40.43008989024148,21.480401336412246,53.927114627867056,0.5840248841103717,Warning
2026-01-07 17:00:00,0,36.02112892231633,38.35856241231783,39.36372546611811,31.6585219564672,38.78348893637478,21.480401336412246,53.927114627867056,0.5332770352195411,Warning
2026-01-07 18:00:00,0,33.439976684482964,36.02112892231633,36.34748284281688,31.53737586653662,36.216896877081446,21.480401336412246,53.927114627867056,0.45417527976169264,Warning
2026-01-07 19:00:00,0,31.07636921331145,33.439976684482964,33.950376798813146,31.417625550474053,33.70207254646833,21.480401336412246,53.927114627867056,0.3766689933616727,Safe
2026-01-07 20:00:00,0,28.736576392286725,31.07636921331145,30.60505680874853,31.339772199788143,31.00572248054997,21.480401336412246,53.927114627867056,0.29356812707061436,Safe
2026-01-07 21:00:00,0,26.269085243211144,28.736576392286725,27.711875529184702,31.279655937872576,28.47967848640322,21.480401336412246,53.927114627867056,0.21571605331496718,Safe
2026-01-07 22:00:00,0,23.87964917230218,26.269085243211144,25.852358065370495,31.19745973399473,26.223385410716293,21.480401336412246,53.927114627867056,0.14617763856456686,Safe
2026-01-07 23:00:00,0,22.10267524520171,23.87964917230218,24.473254067932505,31.098685616380948,24.182685620633364,21.480401336412246,53.927114627867056,0.08328375748458432,Safe
2026-01-08 00:00:00,0,21.62220672319517,22.10267524520171,23.302203322717506,31.02868575806752,22.61530709834404,21.480401336412246,53.927114627867056,0.034977525050377246,Safe
2026-01-08 01:00:00,0,22.146735351969852,21.62220672319517,20.90680839845743,31.080349381130535,21.480401336412246,21.480401336412246,53.927114627867056,0.0,Safe
2026-01-08 02:00:00,0,22.600925526469535,22.146735351969852,20.866045954426706,31.152636029965652,21.810868749575857,21.480401336412246,53.927114627867056,0.010184926898765915,Safe
2026-01-08 03:00:00,0,23.83983648918746,22.600925526469535,22.061737665837942,31.22672348093855,22.518121424042473,21.480401336412246,53.927114627867056,0.03198228573496952,Safe
2026-01-08 04:00:00,0,25.610394229405742,23.83983648918746,24.05921566051934,31.291355921308817,24.014908532372623,21.480401336412246,53.927114627867056,0.07811290761813335,Safe
2026-01-08 05:00:00,0,27.033696785083244,25.610394229405742,25.14957934204976,31.369860814768543,25.55047241604437,21.480401336412246,53.927114627867056,0.12543862047393878,Safe
2026-01-08 06:00:00,0,30.116108474622205,27.033696785083244,28.669792734722254,31.43012397059771,27.689235509722693,21.480401336412246,53.927114627867056,0.19135478919496046,Safe
2026-01-08 07:00:00,0,32.53540649568601,30.116108474622205,31.908461298693105,31.456246687139082,30.821077068144042,21.480401336412246,53.927114627867056,0.2878773994749836,Safe
2026-01-08 08:00:00,0,35.15851872338973,32.53540649568601,33.375986498332026,31.53051886318315,32.911631975709994,21.480401336412246,53.927114627867056,0.35230780339161444,Safe
2026-01-08 09:00:00,0,37.49711331001953,35.15851872338973,35.853195353292776,31.599015444713434,35.48140955396909,21.480401336412246,53.927114627867056,0.4315077357846417,Warning
2026-01-08 10:00:00,0,39.401072477454214,37.49711331001953,38.182032012609135,31.649808797415307,37.81361390987352,21.480401336412246,53.927114627867056,0.5033857180960476,Warning
2026-01-08 11:00:00,0,42.02141050497791,39.401072477454214,39.657276269929646,31.74831439054232,39.56843192664691,21.480401336412246,53.927114627867056,0.5574687910694963,Warning
2026-01-08 12:00:00,0,42.181370603902316,42.02141050497791,40.41569997448953,31.82188400010119,41.54842025608566,21.480401336412246,53.927114627867056,0.6184915594044771,Warning
2026-01-08 13:00:00,0,42.76644904898457,42.181370603902316,41.173212813488206,31.888268843246866,41.912584390285694,21.480401336412246,53.927114627867056,0.6297150112131533,Warning
2026-01-08 14:00:00,0,42.44973686189371,42.76644904898457,41.14797755581383,31.942508814333532,42.288121104097854,21.480401336412246,53.927114627867056,0.6412889632145448,Warning
2026-01-08 15:00:00,0,40.99848556718356,42.44973686189371,39.75520665233323,31.994312102452295,41.603720567995246,21.480401336412246,53.927114627867056,0.6201959018353576,Warning
2026-01-08 16:00:00,0,39.640996423279894,40.99848556718356,38.35856241231783,32.04774685290905,40.17304352864855,21.480401336412246,53.927114627867056,0.5761027765193226,Warning
2026-01-08 17:00:00,0,37.251602288855096,39.640996423279894,36.02112892231633,32.09901657651483,38.4821035212727,21.480401336412246,53.927114627867056,0.5239884085686307,Warning
2026-01-08 18:00:00,0,35.65077004674505,37.251602288855096,33.439976684482964,32.19113296660908,36.0302306518643,21.480401336412246,53.927114627867056,0.44842227119693,Warning
2026-01-08 19:00:00,0,32.90987776550153,35.65077004674505,31.07636921331145,32.26752915628367,34.17055507026998,21.480401336412246,53.927114627867056,0.39110751307104824,Safe
2026-01-08 20:00:00,0,29.707679892476836,32.90987776550153,28.736576392286725,32.307991802124924,31.570449475489948,21.480401336412246,53.927114627867056,0.31097287843826527,Safe
2026-01-08 21:00:00,0,27.866395055369196,29.707679892476836,26.269085243211144,32.37454637763151,28.62376182990218,21.480401336412246,53.927114627867056,0.2201566676158397,Safe
2026-01-08 22:00:00,0,25.550844456783455,27.866395055369196,23.87964917230218,32.4441795144849,26.597366761142624,21.480401336412246,53.927114627867056,0.15770365463716568,Safe
2026-01-08 23:00:00,0,24.213689242128464,25.550844456783455,22.10267524520171,32.53213843102351,24.469076372675385,21.480401336412246,53.927114627867056,0.09211025219432584,Safe
2026-01-09 00:00:00,0,26.515563022774554,24.213689242128464,21.62220672319517,32.73602827683931,23.426724541753842,21.480401336412246,53.927114627867056,0.05998521723520649,Safe
2026-01-09 01:00:00,0,26.433851755606355,26.515563022774554,22.146735351969852,32.91465812699084,25.11759396675709,21.480401336412246,53.927114627867056,0.11209740985399988,Safe
2026-01-09 02:00:00,0,25.778414045806638,26.433851755606355,22.600925526469535,33.047053481963225,25.21931227231407,21.480401336412246,53.927114627867056,0.11523234378423662,Safe
2026-01-09 03:00:00,0,26.92654430642317,25.778414045806638,23.83983648918746,33.175666307681375,25.21275502820288,21.480401336412246,53.927114627867056,0.11503025108380821,Safe
2026-01-09 04:00:00,0,29.161264318471034,26.92654430642317,25.610394229405742,33.323619228059094,26.572308850681672,21.480401336412246,53.927114627867056,0.1569313758099209,Safe
2026-01-09 05:00:00,0,31.968484570728958,29.161264318471034,27.033696785083244,33.52923538579433,28.52653987531247,21.480401336412246,53.927114627867056,0.21716031015059972,Safe
2026-01-09 06:00:00,0,34.79511846308371,31.968484570728958,30.116108474622205,33.72419413531356,31.42423468780118,21.480401336412246,53.927114627867056,0.3064665735355444,Safe
2026-01-09 07:00:00,0,38.02110718978721,34.79511846308371,32.53540649568601,33.952764997567776,34.107836616380894,21.480401336412246,53.927114627867056,0.38917454527265394,Safe
2026-01-09 08:00:00,0,42.09424487699461,38.02110718978721,35.15851872338973,34.24175358730131,37.12338098202198,21.480401336412246,53.927114627867056,0.48211290379345056,Warning
2026-01-09 09:00:00,0,43.716930947726446,42.09424487699461,37.49711331001953,34.5009126555391,40.59784442244319,21.480401336412246,53.927114627867056,0.5891950388044599,Warning
2026-01-09 10:00:00,0,46.31941094210118,43.716930947726446,39.401072477454214,34.78917675823273,42.31463147725155,21.480401336412246,53.927114627867056,0.6421060065957502,Warning
2026-01-09 11:00:00,0,48.32742059508716,46.31941094210118,42.02141050497791,35.05192717865395,44.91982379055115,21.480401336412246,53.927114627867056,0.7223974126807634,High Risk
2026-01-09 12:00:00,0,49.708996347195836,48.32742059508716,42.181370603902316,35.365578251291176,46.29302582899071,21.480401336412246,53.927114627867056,0.764719172169403,High Risk
2026-01-09 13:00:00,0,49.90256126637993,49.708996347195836,42.76644904898457,35.66291626034931,47.400330005070074,21.480401336412246,53.927114627867056,0.7988460229233171,High Risk
2026-01-09 14:00:00,0,49.744899008872395,49.90256126637993,42.44973686189371,35.96688134980676,47.419085023130094,21.480401336412246,53.927114627867056,0.7994240481092126,High Risk
2026-01-09 15:00:00,0,49.47366164147181,49.744899008872395,40.99848556718356,36.320013686235434,46.81911334572055,21.480401336412246,53.927114627867056,0.7809330640292761,High Risk
2026-01-09 16:00:00,0,46.65436769309837,49.47366164147181,39.640996423279894,36.61223748914454,46.17664140251319,21.480401336412246,53.927114627867056,0.7611322318884216,High Risk
2026-01-09 17:00:00,0,44.71159725251962,46.65436769309837,37.251602288855096,36.92307061263056,43.50808858592931,21.480401336412246,53.927114627867056,0.6788880701957021,Warning
2026-01-09 18:00:00,0,41.6473278417762,44.71159725251962,35.65077004674505,37.172927187423525,41.68482508747499,21.480401336412246,53.927114627867056,0.6226955237924906,Warning
2026-01-09 19:00:00,0,38.259091451474156,41.6473278417762,32.90987776550153,37.39581109100572,38.735176906990034,21.480401336412246,53.927114627867056,0.5317880699902492,Warning
2026-01-09 20:00:00,0,34.677530360508925,38.259091451474156,29.707679892476836,37.60288819384039,35.41500332694214,21.480401336412246,53.927114627867056,0.4294611116972088,Warning
2026-01-09 21:00:00,0,31.266623963571455,34.677530360508925,27.866395055369196,37.744564398348814,32.43343611957128,21.480401336412246,53.927114627867056,0.3375699210950193,Safe
2026-01-09 22:00:00,0,28.64936629604496,31.266623963571455,25.550844456783455,37.873669474984716,29.40168436657512,21.480401336412246,53.927114627867056,0.24413205475936373,Safe
2026-01-09 23:00:00,0,27.588517457204446,28.64936629604496,24.213689242128464,38.014287317279546,27.22574425886198,21.480401336412246,53.927114627867056,0.17707009932783335,Safe
2026-01-10 00:00:00,0,26.427875114857983,27.588517457204446,26.515563022774554,38.01063365444969,27.316611195223025,21.480401336412246,53.927114627867056,0.1798705966461389,Safe
2026-01-10 01:00:00,0,26.121059847415633,26.427875114857983,26.433851755606355,37.997600658275076,26.52656795086055,21.480401336412246,53.927114627867056,0.15552165218088862,Safe
2026-01-10 02:00:00,0,26.994337390935343,26.121059847415633,25.778414045806638,38.04826413098877,26.100895210457782,21.480401336412246,53.927114627867056,0.14240251979111465,Safe
2026-01-10 03:00:00,0,26.82589999719247,26.994337390935343,26.92654430642317,38.04407061810416,27.06705552086106,21.480401336412246,53.927114627867056,0.17217935024996106,Safe
2026-01-10 04:00:00,0,30.375924143613744,26.82589999719247,29.161264318471034,38.094681444151774,27.72091795121961,21.480401336412246,53.927114627867056,0.19233123448961587,Safe
2026-01-10 05:00:00,0,31.98220360949602,30.375924143613744,31.968484570728958,38.095253070767065,31.01220799959423,21.480401336412246,53.927114627867056,0.2937680092215774,Safe
2026-01-10 06:00:00,0,34.55452247704605,31.98220360949602,34.79511846308371,38.085228238015496,33.03385389225185,21.480401336412246,53.927114627867056,0.35607465372487124,Safe
2026-01-10 07:00:00,0,37.41659336331337,34.55452247704605,38.02110718978721,38.06004016191242,35.82642504385749,21.480401336412246,53.927114627867056,0.4421410309401782,Warning
2026-01-10 08:00:00,0,40.37393108086139,37.41659336331337,42.09424487699461,37.98836042040687,39.09904622453902,21.480401336412246,53.927114627867056,0.543002435620017,Warning
2026-01-10 09:00:00,0,44.25353256820169,40.37393108086139,43.716930947726446,38.01071882126001,41.5959621605681,21.480401336412246,53.927114627867056,0.6199567895678577,Warning
2026-01-10 10:00:00,0,47.3371346111179,44.25353256820169,46.31941094210118,38.0531239741357,45.03361828195246,21.480401336412246,53.927114627867056,0.72590453178007,High Risk
2026-01-10 11:00:00,0,48.73354683019995,47.3371346111179,48.32742059508716,38.070045900598735,47.74525359257383,21.480401336412246,53.927114627867056,0.8094764856692659,High Risk
2026-01-10 12:00:00,0,49.50677786172819,48.73354683019995,49.708996347195836,38.06162013037092,49.13476798272373,21.480401336412246,53.927114627867056,0.852300987949173,High Risk
2026-01-10 13:00:00,0,50.75239324933243,49.50677786172819,49.90256126637993,38.09702979632727,49.7086957449479,21.480401336412246,53.927114627867056,0.8699893047712963,High Risk
2026-01-10 14:00:00,0,49.90658694410668,50.75239324933243,49.744899008872395,38.1037667936287,50.472647591020234,21.480401336412246,53.927114627867056,0.893534118560763,High Risk
2026-01-10 15:00:00,0,49.416928370773206,49.90658694410668,49.47366164147181,38.10140290734959,49.82449561818807,21.480401336412246,53.927114627867056,0.8735582292608451,High Risk
2026-01-10 16:00:00,0,46.60515124230158,49.416928370773206,46.65436769309837,38.09935222189973,48.53854679000274,21.480401336412246,53.927114627867056,0.8339255929133184,High Risk
2026-01-10 17:00:00,0,44.6356979456635,46.60515124230158,44.71159725251962,38.09618975078072,46.02771210632476,21.480401336412246,53.927114627867056,0.7565422664808101,High Risk
2026-01-10 18:00:00,0,41.12454212327883,44.6356979456635,41.6473278417762,38.074407012509994,43.68631093646259,21.480401336412246,53.927114627867056,0.6843808405555106,Warning
2026-01-10 19:00:00,0,38.35638159853264,41.12454212327883,38.259091451474156,38.078460768637434,40.22178636786421,21.480401336412246,53.927114627867056,0.5776050192049095,Warning
2026-01-10 20:00:00,0,33.74636819018321,38.35638159853264,34.677530360508925,38.03966234487386,37.17898795538834,21.480401336412246,53.927114627867056,0.4838266974573287,Warning
2026-01-10 21:00:00,0,32.254803775779756,33.74636819018321,31.266623963571455,38.08083650371587,32.98518575661239,21.480401336412246,53.927114627867056,0.3545747133856956,Safe
2026-01-10 22:00:00,0,29.53249557795208,32.254803775779756,28.64936629604496,38.11763355712867,31.110487201064064,21.480401336412246,53.927114627867056,0.2967969507836423,Safe
2026-01-10 23:00:00,0,27.90264192716864,29.53249557795208,27.588517457204446,38.13072207671051,28.96008949393628,21.480401336412246,53.927114627867056,0.230522206049501,Safe
2026-01-11 00:00:00,0,27.144564448741512,27.90264192716864,26.427875114857983,38.160584132288996,27.492872387276115,21.480401336412246,53.927114627867056,0.1853029245690778,Safe
2026-01-11 01:00:00,0,26.794153209798072,27.144564448741512,26.121059847415633,38.18862968905493,26.890153571692302,21.480401336412246,53.927114627867056,0.16672727434545728,Safe
2026-01-11 02:00:00,0,28.4031206356535,26.794153209798072,26.994337390935343,38.247328990918184,26.958803153605828,21.480401336412246,53.927114627867056,0.16884303809573648,Safe
2026-01-11 03:00:00,0,28.61011770279674,28.4031206356535,26.82589999719247,38.32167139531836,27.957650156291876,21.480401336412246,53.927114627867056,0.19962726461907063,Safe
2026-01-11 04:00:00,0,31.322866568760062,28.61011770279674,30.375924143613744,38.36112732969946,29.307970759733116,21.480401336412246,53.927114627867056,0.24124382373540806,Safe
2026-01-11 05:00:00,0,34.393412704165485,31.322866568760062,31.98220360949602,38.46159437531069,31.638674401681904,21.480401336412246,53.927114627867056,0.3130755544004327,Safe
2026-01-11 06:00:00,0,36.56304197658678,34.393412704165485,34.55452247704605,38.54528268779155,34.534777804421786,21.480401336412246,53.927114627867056,0.4023327709162696,Warning
2026-01-11 07:00:00,0,40.54523837799458,36.56304197658678,37.41659336331337,38.6756428967366,36.9384480988806,21.480401336412246,53.927114627867056,0.4764133164182789,Warning
2026-01-11 08:00:00,0,43.76370141115621,40.54523837799458,40.37393108086139,38.81688332716555,40.56486012438044,21.480401336412246,53.927114627867056,0.5881784706007748,Warning
2026-01-11 09:00:00,0,47.6041281401187,43.76370141115621,44.25353256820169,38.95649147599543,44.00528701081444,21.480401336412246,53.927114627867056,0.694211607131338,Warning
2026-01-11 10:00:00,0,49.316448046100845,47.6041281401187,47.3371346111179,39.03896286911972,47.58180434542669,21.480401336412246,53.927114627867056,0.80443901883429,High Risk
2026-01-11 11:00:00,0,51.73746749482191,49.316448046100845,48.73354683019995,39.164126230145634,49.18382268383253,21.480401336412246,53.927114627867056,0.8538128421439664,High Risk
2026-01-11 12:00:00,0,53.17734798925842,51.73746749482191,49.50677786172819,39.31706665212605,51.038001468322776,21.480401336412246,53.927114627867056,0.9109581902933956,High Risk
2026-01-11 13:00:00,0,53.13876036036673,53.17734798925842,50.75239324933243,39.41649861508582,52.40954786217276,21.480401336412246,53.927114627867056,0.9532289232104476,High Risk
2026-01-11 14:00:00,0,54.0633606536648,53.13876036036673,49.90658694410668,39.58969751965074,52.09487457622444,21.480401336412246,53.927114627867056,0.9435307675475432,High Risk
2026-01-11 15:00:00,0,51.05835515650167,54.0633606536648,49.416928370773206,39.65809030238943,52.53447380711471,21.480401336412246,53.927114627867056,0.9570791110544246,High Risk
2026-01-11 16:00:00,0,48.67158679956925,51.05835515650167,46.60515124230158,39.74419178394225,49.599490476039676,21.480401336412246,53.927114627867056,0.8666236244152737,High Risk
2026-01-11 17:00:00,0,47.81808482538602,48.67158679956925,44.6356979456635,39.87679123726402,47.358593708027755,21.480401336412246,53.927114627867056,0.7975597201973331,High Risk
2026-01-11 18:00:00,0,42.908671923708646,47.81808482538602,41.12454212327883,39.95112997894859,45.59706670960373,21.480401336412246,53.927114627867056,0.7432698780086607,High Risk
2026-01-11 19:00:00,0,41.28954595786678,42.908671923708646,38.35638159853264,40.073345160587515,41.426547962599216,21.480401336412246,53.927114627867056,0.6147354843704468,Warning
2026-01-11 20:00:00,0,37.7382905167307,41.28954595786678,33.74636819018321,40.239675257527,38.786402579578294,21.480401336412246,53.927114627867056,0.5333668330085357,Warning
2026-01-11 21:00:00,0,34.55801671403874,37.7382905167307,32.254803775779756,40.33564246328779,35.944367924724766,21.480401336412246,53.927114627867056,0.4457760024139566,Warning
2026-01-11 22:00:00,0,31.793373254289108,34.55801671403874,29.53249557795208,40.429845699801824,32.924907223214,21.480401336412246,53.927114627867056,0.35271694335521014,Safe
2026-01-11 23:00:00,0,28.5153843049867,31.793373254289108,27.90264192716864,40.455376632210914,30.552064656099116,21.480401336412246,53.927114627867056,0.279586501061403,Safe
2026-01-12 00:00:00,0,27.973036520945527,28.5153843049867,27.144564448741512,40.489896301886084,28.140373563550842,21.480401336412246,53.927114627867056,0.2052587564742286,Safe
2026-01-12 01:00:00,0,27.685116787491893,27.973036520945527,26.794153209798072,40.52701978428999,27.664391907009552,21.480401336412246,53.927114627867056,0.19058911528141775,Safe
2026-01-12 02:00:00,0,27.51196440139889,27.685116787491893,28.4031206356535,40.489888274529385,28.025741348618162,21.480401336412246,53.927114627867056,0.2017258189353768,Safe
2026-01-12 03:00:00,0,28.785038248079726,27.51196440139889,28.61011770279674,40.49717663058284,27.982857726809474,21.480401336412246,53.927114627867056,0.20040415593358615,Safe
2026-01-12 04:00:00,0,31.226174606407326,28.785038248079726,31.322866568760062,40.49314779881814,29.746758791852024,21.480401336412246,53.927114627867056,0.25476716628952506,Safe
2026-01-12 05:00:00,0,34.392217755620536,31.226174606407326,34.393412704165485,40.49309800929544,32.40001967787203,21.480401336412246,53.927114627867056,0.3365400343274691,Safe
2026-01-12 06:00:00,0,36.53643071864518,34.392217755620536,36.56304197658678,40.49198920688121,35.22107414330071,21.480401336412246,53.927114627867056,0.4234842604851123,Warning
2026-01-12 07:00:00,0,40.437823140642514,36.53643071864518,40.54523837799458,40.487513571991535,37.991232015085785,21.480401336412246,53.927114627867056,0.5088598657590991,Warning
2026-01-12 08:00:00,0,43.773239917761984,40.437823140642514,43.76370141115621,40.487911009766776,41.65391381990849,21.480401336412246,53.927114627867056,0.6217428458945427,Warning
2026-01-12 09:00:00,0,47.046913749474406,43.773239917761984,47.6041281401187,40.464693743489924,45.157732857068815,21.480401336412246,53.927114627867056,0.7297297133994318,High Risk
2026-01-12 10:00:00,0,48.931675521869664,47.046913749474406,49.316448046100845,40.4486615549803,47.89302098138027,21.480401336412246,53.927114627867056,0.8140306413683331,High Risk
2026-01-12 11:00:00,0,51.87282684009913,48.931675521869664,51.73746749482191,40.45430152770018,49.95876765443265,21.480401336412246,53.927114627867056,0.8776964614109012,High Risk
2026-01-12 12:00:00,0,52.28881795964545,51.87282684009913,53.17734798925842,40.417279443132976,52.38252068072556,21.480401336412246,53.927114627867056,0.9523959519208304,High Risk
2026-01-12 13:00:00,0,53.76360045164362,52.28881795964545,53.13876036036673,40.44331444693618,52.64246507795741,21.480401336412246,53.927114627867056,0.9604073762794536,High Risk
2026-01-12 14:00:00,0,52.899103179854116,53.76360045164362,54.0633606536648,40.39480371886073,53.927114627867056,21.480401336412246,53.927114627867056,0.9999999691802385,High Risk
2026-01-12 15:00:00,0,51.96722982493631,52.899103179854116,51.05835515650167,40.43267349671218,52.331513557720655,21.480401336412246,53.927114627867056,0.9508239245486061,High Risk
2026-01-12 16:00:00,0,48.94475491898537,51.96722982493631,48.67158679956925,40.44405550168785,50.903161166311115,21.480401336412246,53.927114627867056,0.9068024443278581,High Risk
2026-01-12 17:00:00,0,47.08753566751818,48.94475491898537,47.81808482538602,40.413615953443355,48.62660042443291,21.480401336412246,53.927114627867056,0.8366393849367332,High Risk
2026-01-12 18:00:00,0,43.875510261820196,47.08753566751818,42.908671923708646,40.453900884198,45.72770067308246,21.480401336412246,53.927114627867056,0.7472959856232962,High Risk
2026-01-12 19:00:00,0,40.63116827572478,43.875510261820196,41.28954595786678,40.42646848077542,43.064771707819666,21.480401336412246,53.927114627867056,0.6652251496877111,Warning
2026-01-12 20:00:00,0,36.48962478647674,40.63116827572478,37.7382905167307,40.37444074201483,39.71967409691936,21.480401336412246,53.927114627867056,0.5621300387050476,Warning
2026-01-12 21:00:00,0,33.55356654172929,36.48962478647674,34.55801671403874,40.33258865150194,35.912370221432994,21.480401336412246,53.927114627867056,0.44478984082593415,Warning
2026-01-12 22:00:00,0,31.782089307069477,33.55356654172929,31.793373254289108,40.33211848703446,33.038782094108754,21.480401336412246,53.927114627867056,0.35622653973134444,Safe
2026-01-12 23:00:00,0,30.111842926461215,31.782089307069477,28.5153843049867,40.39863759626257,30.754264413608666,21.480401336412246,53.927114627867056,0.2858182493886227,Safe
2026-01-13 00:00:00,0,27.419980943648735,30.111842926461215,27.973036520945527,40.375593613875196,29.47203320930344,21.480401336412246,53.927114627867056,0.24630018932289474,Safe
2026-01-13 01:00:00,0,26.626719845343075,27.419980943648735,27.685116787491893,40.33149374128566,27.606032969417868,21.480401336412246,53.927114627867056,0.18879050673611264,Safe
2026-01-13 02:00:00,0,27.73161256352948,26.626719845343075,27.51196440139889,40.340645748041105,27.02593602014189,21.480401336412246,53.927114627867056,0.17091205703962825,Safe
2026-01-13 03:00:00,0,28.709235564946685,27.73161256352948,28.785038248079726,40.33748730291056,28.186918645798908,21.480401336412246,53.927114627867056,0.20669326481396283,Safe
2026-01-13 04:00:00,0,31.121022143305183,28.709235564946685,31.226174606407326,40.33310595028131,29.663909168936065,21.480401336412246,53.927114627867056,0.2522137606604757,Safe
2026-01-13 05:00:00,0,33.49135907119618,31.121022143305183,34.392217755620536,40.29557017176362,32.33056658253309,21.480401336412246,53.927114627867056,0.33439950648495553,Safe
2026-01-13 06:00:00,0,37.27686127563102,33.49135907119618,36.53643071864518,40.326421444971366,34.620456645616855,21.480401336412246,53.927114627867056,0.4049733723782683,Warning
2026-01-13 07:00:00,0,40.34654834680761,37.27686127563102,40.437823140642514,40.32261832856158,38.440662324577204,21.480401336412246,53.927114627867056,0.5227112007649916,Warning
2026-01-13 08:00:00,0,43.851959002662156,40.34654834680761,43.773239917761984,40.32589829043241,41.59724469834979,21.480401336412246,53.927114627867056,0.6199963170765654,Warning
2026-01-13 09:00:00,0,46.59723596623355,43.851959002662156,47.046913749474406,40.307161716130715,45.01880698734941,21.480401336412246,53.927114627867056,0.725448051211036,High Risk
2026-01-13 10:00:00,0,49.77982276553159,46.59723596623355,48.931675521869664,40.34250118461663,47.46613309766005,21.480401336412246,53.927114627867056,0.8008740585511742,High Risk
2026-01-13 11:00:00,0,51.7625892992419,49.77982276553159,51.87282684009913,40.33790795374758,50.561975113839786,21.480401336412246,53.927114627867056,0.8962871715206764,High Risk
2026-01-13 12:00:00,0,52.78495119123169,51.7625892992419,52.28881795964545,40.358580171730345,52.00618616176971,21.480401336412246,53.927114627867056,0.9407974117550867,High Risk
2026-01-13 13:00:00,0,53.01629733789758,52.78495119123169,53.76360045164362,40.32744254199092,53.1819792491967,21.480401336412246,53.927114627867056,0.9770350744307384,High Risk
2026-01-13 14:00:00,0,52.99815477420105,53.01629733789758,52.899103179854116,40.331569691755384,53.03815373487923,21.480401336412246,53.927114627867056,0.9726024063637795,High Risk
2026-01-13 15:00:00,0,50.67623695427606,52.99815477420105,51.96722982493631,40.277778322144535,52.70746281578356,21.480401336412246,53.927114627867056,0.9624105910654656,High Risk
2026-01-13 16:00:00,0,49.2104329606899,50.67623695427606,48.94475491898537,40.28884824054889,50.148926565163315,21.480401336412246,53.927114627867056,0.8835571137106241,High Risk
2026-01-13 17:00:00,0,46.65697607759567,49.2104329606899,47.08753566751818,40.27090825763545,48.551139040794055,21.480401336412246,53.927114627867056,0.8343136830810378,High Risk
2026-01-13 18:00:00,0,44.70649696458559,46.65697607759567,43.875510261820196,40.305532703584014,45.77572950510124,21.480401336412246,53.927114627867056,0.7487762227772761,High Risk
2026-01-13 19:00:00,0,41.10053253952551,44.70649696458559,40.63116827572478,40.32508954790904,43.38518718486521,21.480401336412246,53.927114627867056,0.6751002783114414,Warning
2026-01-13 20:00:00,0,37.25005012580353,41.10053253952551,36.48962478647674,40.356773937047656,39.60071642140058,21.480401336412246,53.927114627867056,0.5584637915020108,Warning
2026-01-13 21:00:00,0,33.28274543347255,37.25005012580353,33.55356654172929,40.345489724203624,36.06806867558817,21.480401336412246,53.927114627867056,0.44958843006848753,Warning
2026-01-13 22:00:00,0,31.380280090854505,33.28274543347255,31.782089307069477,40.328747673528,32.857097772478326,21.480401336412246,53.927114627867056,0.3506270722475667,Safe
2026-01-13 23:00:00,0,29.001993495679812,31.380280090854505,30.111842926461215,40.28250394724544,31.036553650709575,21.480401336412246,53.927114627867056,0.2945183363855749,Safe
2026-01-14 00:00:00,0,28.185191540961338,29.001993495679812,27.419980943648735,40.31438772213347,28.554102166378033,21.480401336412246,53.927114627867056,0.21800977339109873,Safe
2026-01-14 01:00:00,0,27.093428091176985,28.185191540961338,26.626719845343075,40.33383389904321,27.74641919086642,21.480401336412246,53.927114627867056,0.19311717661669045,Safe
2026-01-14 02:00:00,0,27.794997903063074,27.093428091176985,27.73161256352948,40.33647495485712,27.407520017726576,21.480401336412246,53.927114627867056,0.18267238488537188,Safe
2026-01-14 03:00:00,0,29.01703797669736,27.794997903063074,28.709235564946685,40.349300055346724,28.202607361676144,21.480401336412246,53.927114627867056,0.20717678729751265,Safe
2026-01-14 04:00:00,0,31.06267322145607,29.01703797669736,31.121022143305183,40.34686885026968,29.830044891974197,21.480401336412246,53.927114627867056,0.25733402404202504,Safe
2026-01-14 05:00:00,0,33.64466989912094,31.06267322145607,33.49135907119618,40.35325680143321,31.984085304150675,21.480401336412246,53.927114627867056,0.3237210360774399,Safe
2026-01-14 06:00:00,0,37.330203351221876,33.64466989912094,37.27686127563102,40.35547938791616,34.974411228366314,21.480401336412246,53.927114627867056,0.41588216824493257,Warning
2026-01-14 07:00:00,0,41.19532535990004,37.330203351221876,40.34654834680761,40.39084509679501,38.44446376668181,21.480401336412246,53.927114627867056,0.5228283603044894,Warning
2026-01-14 08:00:00,0,43.534479145643466,41.19532535990004,43.851959002662156,40.377616769419234,42.181489985103354,21.480401336412246,53.927114627867056,0.6380026175452521,Warning
2026-01-14 09:00:00,0,46.687983517869085,43.534479145643466,46.59723596623355,40.38139791740405,44.656518786459216,21.480401336412246,53.927114627867056,0.7142824152197946,High Risk
2026-01-14 10:00:00,0,49.9219042653826,46.687983517869085,49.77982276553159,40.387317979897844,47.815855988055134,21.480401336412246,53.927114627867056,0.8116524346682034,High Risk
2026-01-14 11:00:00,0,52.6602233975898,49.9219042653826,51.7625892992419,40.42471940066233,50.617557049361935,21.480401336412246,53.927114627867056,0.8980001935241644,High Risk
2026-01-14 12:00:00,0,53.64415802236749,52.6602233975898,52.78495119123169,40.460519685292994,52.76530197982484,21.480401336412246,53.927114627867056,0.9641931803138479,High Risk
2026-01-14 13:00:00,0,53.59755055140596,53.64415802236749,53.01629733789758,40.484738569189176,53.490504484813094,21.480401336412246,53.927114627867056,0.9865437486479501,High Risk
2026-01-14 14:00:00,0,54.13990554403602,53.59755055140596,52.99815477420105,40.5323115179323,53.45369521248672,21.480401336412246,53.927114627867056,0.9854092956492357,High Risk
2026-01-14 15:00:00,0,51.25979623713052,54.13990554403602,50.67623695427606,40.55662648805124,53.0155224892012,21.480401336412246,53.927114627867056,0.97190491676669,High Risk
2026-01-14 16:00:00,0,49.655332202529245,51.25979623713052,49.2104329606899,40.57516395646121,50.62298235767841,21.480401336412246,53.927114627867056,0.8981674002332241,High Risk
2026-01-14 17:00:00,0,46.81168172478384,49.655332202529245,46.65697607759567,40.58161002509405,48.6959777879339,21.480401336412246,53.927114627867056,0.8387775787420536,High Risk
2026-01-14 18:00:00,0,43.69476356493635,46.81168172478384,44.70649696458559,40.53945446677533,46.16157768647524,21.480401336412246,53.927114627867056,0.7606679717509346,High Risk
2026-01-14 19:00:00,0,40.35880136606702,43.69476356493635,41.10053253952551,40.50854900121456,42.88143300446142,21.480401336412246,53.927114627867056,0.6595746945534441,Warning
2026-01-14 20:00:00,0,37.160356937712685,40.35880136606702,37.25005012580353,40.50481178504411,39.37381595535896,21.480401336412246,53.927114627867056,0.5514707732258466,Warning
2026-01-14 21:00:00,0,33.448441271473015,37.160356937712685,33.28274543347255,40.511715778294125,35.91653171556926,21.480401336412246,53.927114627867056,0.4449180970832207,Warning
2026-01-14 22:00:00,0,30.935090909340957,33.448441271473015,31.380280090854505,40.4931662290644,32.82844335792878,21.480401336412246,53.927114627867056,0.3497439500216256,Safe
2026-01-14 23:00:00,0,28.350059626482068,30.935090909340957,29.001993495679812,40.466002317847824,30.364576342009716,21.480401336412246,53.927114627867056,0.27380815591356233,Safe
2026-01-02 00:00:00,1,21.959434353520784,23.080474736649286,22.794256489297148,33.14133191459237,23.08358142985717,17.424585223659776,50.64182416423918,0.17036322753848537,Safe
2026-01-02 01:00:00,1,22.26884042892677,21.959434353520784,22.239876965502585,33.14253872556838,22.15784937821992,17.424585223659776,50.64182416423918,0.14249420370347557,Safe
2026-01-02 02:00:00,1,22.67669929743816,22.26884042892677,23.303038512877244,33.11644125825841,22.72469878435337,17.424585223659776,50.64182416423918,0.1595591196070081,Safe
2026-01-02 03:00:00,1,24.52905011070738,22.67669929743816,24.26108426624606,33.127606501777635,23.32023507658024,17.424585223659776,50.64182416423918,0.17748764989104712,Safe
2026-01-02 04:00:00,1,25.167702615405325,24.52905011070738,24.76695789595502,33.1443041984214,24.70956095882629,17.424585223659776,50.64182416423918,0.21931309609703367,Safe
2026-01-02 05:00:00,1,26.989672293792985,25.167702615405325,27.08481783750845,33.14033980076659,25.92180873138862,17.424585223659776,50.64182416423918,0.25580763251037975,Safe
2026-01-02 06:00:00,1,30.768863694255735,26.989672293792985,30.266798939904305,33.16125916553123,28.206637654394164,17.424585223659776,50.64182416423918,0.32459206273675484,Safe
2026-01-02 07:00:00,1,33.384331049447205,30.768863694255735,33.19599633277895,33.16910644539241,31.690127913614045,17.424585223659776,50.64182416423918,0.4294620117587481,Warning
2026-01-02 08:00:00,1,36.17103560508114,33.384331049447205,36.11007905360519,33.17164630170391,34.40433302896754,17.424585223659776,50.64182416423918,0.5111727475155057,Warning
2026-01-02 09:00:00,1,38.67285281200152,36.17103560508114,38.2406570578146,33.18965445812836,36.962950600362305,17.424585223659776,50.64182416423918,0.5881995437204806,Warning
2026-01-02 10:00:00,1,40.80784921995108,38.67285281200152,40.7345384111521,33.19270907516165,39.45878784821715,17.424585223659776,50.64182416423918,0.6633363477511441,Warning
2026-01-02 11:00:00,1,42.807030706194666,40.80784921995108,42.86348126761162,33.19035696843594,41.588926955809725,17.424585223659776,50.64182416423918,0.7274638644082496,High Risk
2026-01-02 12:00:00,1,44.0465325857651,42.807030706194666,43.862857021030976,33.198010116966536,43.24348238557894,17.424585223659776,50.64182416423918,0.777274006151783,High Risk
2026-01-02 13:00:00,1,43.3763015339225,44.0465325857651,44.76167008287498,33.140286427426844,44.36482258329359,17.424585223659776,50.64182416423918,0.811031783731153,High Risk
2026-01-02 14:00:00,1,43.504280031971156,43.3763015339225,43.89491528512061,33.12400995854562,43.628238791362506,17.424585223659776,50.64182416423918,0.7888570397353026,High Risk
2026-01-02 15:00:00,1,42.79606546680549,43.504280031971156,43.32759234187603,33.10186300541768,43.518199255106815,17.424585223659776,50.64182416423918,0.7855443160878072,High Risk
2026-01-02 16:00:00,1,41.81484081699609,42.79606546680549,40.93789644991113,33.13840235404622,42.23570235095631,17.424585223659776,50.64182416423918,0.7469349401599847,High Risk
2026-01-02 17:00:00,1,38.93835964684216,41.81484081699609,39.356279717854754,33.120989017754034,41.050374244326804,17.424585223659776,50.64182416423918,0.7112508162306674,High Risk
2026-01-02 18:00:00,1,35.486439208240725,38.93835964684216,35.520648627666894,33.11956362527794,37.84953814239093,17.424585223659776,50.64182416423918,0.6148901279958325,Warning
2026-01-02 19:00:00,1,33.23731017244367,35.486439208240725,32.97091984217517,33.13066322237246,34.71074765096202,17.424585223659776,50.64182416423918,0.5203973135102303,Warning
2026-01-02 20:00:00,1,30.31940662701373,33.23731017244367,29.424836702934712,33.16793696920909,32.02088773137862,17.424585223659776,50.64182416423918,0.43941948620142474,Warning
2026-01-02 21:00:00,1,27.01925438092283,30.31940662701373,28.01001302296121,33.12665535912415,29.62097097907438,17.424585223659776,50.64182416423918,0.36717035422666316,Safe
2026-01-02 22:00:00,1,25.668637259267012,27.01925438092283,25.217101224684193,33.1454693605651,26.498644393337976,17.424585223659776,50.64182416423918,0.27317318313954786,Safe
2026-01-02 23:00:00,1,23.62750529816765,25.668637259267012,23.080474736649286,33.16826230062837,24.880909354884235,17.424585223659776,50.64182416423918,0.22447151372488172,Safe
2026-01-03 00:00:00,1,22.11826002576824,23.62750529816765,21.959434353520784,33.17488003697201,23.157189321492655,17.424585223659776,50.64182416423918,0.1725791820177606,Safe
2026-01-03 01:00:00,1,22.451425796503003,22.11826002576824,22.26884042892677,33.18248776062102,22.272044068333194,17.424585223659776,50.64182416423918,0.14593201763135005,Safe
2026-01-03 02:00:00,1,22.9558898597009,22.451425796503003,22.67669929743816,33.1941207007153,22.630326269701914,17.424585223659776,50.64182416423918,0.15671804928267424,Safe
2026-01-03 03:00:00,1,23.09330210450586,22.9558898597009,24.52905011070738,33.13429786712357,23.59522146607774,17.424585223659776,50.64182416423918,0.18576607368511935,Safe
2026-01-03 04:00:00,1,25.861923292237783,23.09330210450586,25.167702615405325,33.16322372865826,23.90392028442728,17.424585223659776,50.64182416423918,0.19505940506670782,Safe
2026-01-03 05:00:00,1,28.336386342058233,25.861923292237783,26.989672293792985,33.219336814002645,26.34509435628334,17.424585223659776,50.64182416423918,0.26855058242590296,Safe
2026-01-03 06:00:00,1,30.245230021899097,28.336386342058233,30.768863694255735,33.19751874432112,29.262653636201698,17.424585223659776,50.64182416423918,0.3563832646456608,Safe
2026-01-03 07:00:00,1,32.064864443624664,30.245230021899097,33.384331049447205,33.14254096907852,31.41073014753671,17.424585223659776,50.64182416423918,0.4210507841378761,Warning
2026-01-03 08:00:00,1,35.48639780316828,32.064864443624664,36.17103560508114,33.11401439399881,33.55880821292903,17.424585223659776,50.64182416423918,0.48571835041475236,Warning
2026-01-03 09:00:00,1,38.54558881934989,35.48639780316828,38.67285281200152,33.10871172763833,36.66125644644094,17.424585223659776,50.64182416423918,0.5791170867053568,Warning
2026-01-03 10:00:00,1,41.293608283462504,38.54558881934989,40.80784921995108,33.12895168861797,39.40030324134845,17.424585223659776,50.64182416423918,0.6615756774795226,Warning
2026-01-03 11:00:00,1,42.030232593379935,41.293608283462504,42.807030706194666,33.096585100584015,41.888571181243414,17.424585223659776,50.64182416423918,0.7364846086353349,High Risk
2026-01-03 12:00:00,1,43.56100455792199,42.030232593379935,44.0465325857651,33.07635476609056,42.796260101914015,17.424585223659776,50.64182416423918,0.7638104467330914,High Risk
2026-01-03 13:00:00,1,44.104949493426176,43.56100455792199,43.3763015339225,33.10671509773655,43.572107835499516,17.424585223659776,50.64182416423918,0.7871672257723304,High Risk
2026-01-03 14:00:00,1,44.30902602897558,44.104949493426176,43.504280031971156,33.14024618094506,43.973047676633115,17.424585223659776,50.64182416423918,0.7992374592369657,High Risk
2026-01-03 15:00:00,1,42.468689656303866,44.30902602897558,42.79606546680549,33.12660552217416,43.86477832252665,17.424585223659776,50.64182416423918,0.7959780266561689,High Risk
2026-01-03 16:00:00,1,40.97388205571258,42.468689656303866,41.81484081699609,33.09156557378734,42.3207316206648,17.424585223659776,50.64182416423918,0.7494947335040615,High Risk
2026-01-03 17:00:00,1,38.578557039983345,40.97388205571258,38.93835964684216,33.07657379850156,40.355227523257476,17.424585223659776,50.64182416423918,0.6903235290053339,Warning
2026-01-03 18:00:00,1,35.67478655321674,38.578557039983345,35.486439208240725,33.084421604542236,37.60158511873682,17.424585223659776,50.64182416423918,0.6074255396044534,Warning
2026-01-03 19:00:00,1,32.70824354659179,35.67478655321674,33.23731017244367,33.0623771617984,34.92554637626777,17.424585223659776,50.64182416423918,0.5268637967487532,Warning
2026-01-03 20:00:00,1,30.5506507540648,32.70824354659179,30.31940662701373,33.07201233375887,31.979513887581042,17.424585223659776,50.64182416423918,0.4381739328721418,Warning
2026-01-03 21:00:00,1,27.974694044715033,30.5506507540648,27.01925438092283,33.1118223197502,29.433886572721573,17.424585223659776,50.64182416423918,0.36153820638152395,Safe
2026-01-03 22:00:00,1,24.960736131378486,27.974694044715033,25.668637259267012,33.082326439421514,27.28046005839273,17.424585223659776,50.64182416423918,0.29670962585583927,Safe
2026-01-03 23:00:00,1,23.945787007038607,24.960736131378486,23.62750529816765,33.09558817729114,24.60322330063035,17.424585223659776,50.64182416423918,0.21611181693036713,Safe
2026-01-04 00:00:00,1,21.741875555886516,23.945787007038607,22.11826002576824,33.07990549104607,23.420508380915457,17.424585223659776,50.64182416423918,0.1805063625991045,Safe
2026-01-04 01:00:00,1,20.714494907733947,21.741875555886516,22.451425796503003,33.0075333706807,22.087365075361962,17.424585223659776,50.64182416423918,0.140372284393381,Safe
2026-01-04 02:00:00,1,21.095838164871992,20.714494907733947,22.9558898597009,32.93003121672948,21.585343785435178,17.424585223659776,50.64182416423918,0.1252590091536313,Safe
2026-01-04 03:00:00,1,21.80164432966092,21.095838164871992,23.09330210450586,32.87621214277761,21.882744611103906,17.424585223659776,50.64182416423918,0.13421221616904655,Safe
2026-01-04 04:00:00,1,23.329905675228208,21.80164432966092,25.861923292237783,32.770711408735544,23.293284143077848,17.424585223659776,50.64182416423918,0.17667629610155097,Safe
2026-01-04 05:00:00,1,26.16711175045682,23.329905675228208,28.336386342058233,32.68032496741882,25.143230675605565,17.424585223659776,50.64182416423918,0.23236865753305433,Safe
2026-01-04 06:00:00,1,27.646628430486004,26.16711175045682,30.245230021899097,32.57204990110994,27.659156521932243,17.424585223659776,50.64182416423918,0.3081102257918045,Safe
2026-01-04 07:00:00,1,31.13943663494257,27.646628430486004,32.064864443624664,32.53349040908152,29.25309081264871,17.424585223659776,50.64182416423918,0.35609537728445634,Safe
2026-01-04 08:00:00,1,33.246750942151486,31.13943663494257,35.48639780316828,32.44017178987249,32.71695845986005,17.424585223659776,50.64182416423918,0.46037459053058016,Warning
2026-01-04 09:00:00,1,36.063415117843746,33.246750942151486,38.54558881934989,32.33674788564307,35.14714352977754,17.424585223659776,50.64182416423918,0.5335349456433083,Warning
2026-01-04 10:00:00,1,38.40660994781062,36.063415117843746,41.293608283462504,32.21645628832424,37.93664933941169,17.424585223659776,50.64182416423918,0.6175125974477373,Warning
2026-01-04 11:00:00,1,39.57134775962723,38.40660994781062,42.030232593379935,32.11400275358454,39.7272050314306,17.424585223659776,50.64182416423918,0.6714170065805234,Warning
2026-01-04 12:00:00,1,40.97293352973829,39.57134775962723,43.56100455792199,32.00616646074356,41.01563685736367,17.424585223659776,50.64182416423918,0.7102050524337573,High Risk
2026-01-04 13:00:00,1,41.28119163309709,40.97293352973829,44.104949493426176,31.888509883229844,42.122008756454576,17.424585223659776,50.64182416423918,0.7435122116399417,High Risk
2026-01-04 14:00:00,1,39.781507201804736,41.28119163309709,44.30902602897558,31.69986326543106,42.39422576470729,17.424585223659776,50.64182416423918,0.7517072636292002,High Risk
2026-01-04 15:00:00,1,39.94204747839744,39.781507201804736,42.468689656303866,31.594586508018295,40.779967303798735,17.424585223659776,50.64182416423918,0.7031102560573422,High Risk
2026-01-04 16:00:00,1,38.17408985258983,39.94204747839744,40.97388205571258,31.477928499554846,40.37403120608066,17.424585223659776,50.64182416423918,0.6908896110415542,Warning
2026-01-04 17:00:00,1,35.57358449334114,38.17408985258983,38.578557039983345,31.35272131011142,38.3937691227132,17.424585223659776,50.64182416423918,0.6312741196006686,Warning
2026-01-04 18:00:00,1,33.673444276773374,35.57358449334114,35.67478655321674,31.269332048592943,35.69291586987973,17.424585223659776,50.64182416423918,0.5499653396519163,Warning
2026-01-04 19:00:00,1,31.347116284620643,33.673444276773374,32.70824354659179,31.212618412677475,33.430457039748426,17.424585223659776,50.64182416423918,0.48185435769861445,Warning
2026-01-04 20:00:00,1,27.8648228846823,31.347116284620643,30.5506507540648,31.100708918119874,31.164886736775518,17.424585223659776,50.64182416423918,0.41364970532455597,Warning
2026-01-04 21:00:00,1,25.311888132805446,27.8648228846823,27.974694044715033,30.989758671790312,27.997180873204798,17.424585223659776,50.64182416423918,0.3182863979204109,Safe
2026-01-04 22:00:00,1,22.990748340176207,25.311888132805446,24.960736131378486,30.90767584715688,25.289869754088706,17.424585223659776,50.64182416423918,0.23678320488092114,Safe
2026-01-04 23:00:00,1,21.816917805667572,22.990748340176207,23.945787007038607,30.818972963766424,23.418585386805326,17.424585223659776,50.64182416423918,0.18044847115136314,Safe
2026-01-05 00:00:00,1,20.757038330424386,21.816917805667572,21.741875555886516,30.777938079372166,21.893913404626574,17.424585223659776,50.64182416423918,0.13454845101404414,Safe
2026-01-05 01:00:00,1,20.244080744827958,20.757038330424386,20.714494907733947,30.75833748925108,20.846534532260616,17.424585223659776,50.64182416423918,0.10301726798259543,Safe
2026-01-05 02:00:00,1,20.193196124986624,20.244080744827958,21.095838164871992,30.720727404255864,20.64017180450403,17.424585223659776,50.64182416423918,0.09680474917833175,Safe
2026-01-05 03:00:00,1,21.815873198479505,20.193196124986624,21.80164432966092,30.721320273789967,20.848204868679836,17.424585223659776,50.64182416423918,0.10306755320864697,Safe
2026-01-05 04:00:00,1,23.906179945781236,21.815873198479505,23.329905675228208,30.74533170172968,22.436466069317877,17.424585223659776,50.64182416423918,0.15088191717986188,Safe
2026-01-05 05:00:00,1,26.72803831317791,23.906179945781236,26.16711175045682,30.768703641843057,24.77954644004651,17.424585223659776,50.64182416423918,0.22141999845693508,Safe
2026-01-05 06:00:00,1,28.964781162693093,26.72803831317791,27.646628430486004,30.823626672351683,27.13852921186414,17.424585223659776,50.64182416423918,0.29243681912106884,Safe
2026-01-05 07:00:00,1,31.075757124252725,28.964781162693093,31.13943663494257,30.820973359406278,29.802031753384146,17.424585223659776,50.64182416423918,0.3726211615373746,Safe
2026-01-05 08:00:00,1,33.27649043420364,31.075757124252725,33.246750942151486,30.822212504908446,31.908999992810827,17.424585223659776,50.64182416423918,0.4360511227019906,Warning
2026-01-05 09:00:00,1,36.10832425411383,33.27649043420364,36.063415117843746,30.8240837189197,34.31756068115982,17.424585223659776,50.64182416423918,0.5085604790680686,Warning
2026-01-05 10:00:00,1,37.476673205842026,36.10832425411383,38.40660994781062,30.785336354671013,36.97854331241753,17.424585223659776,50.64182416423918,0.5886689599658735,Warning
2026-01-05 11:00:00,1,39.81146877017447,37.476673205842026,39.57134775962723,30.795341396777147,38.27545440091788,17.424585223659776,50.64182416423918,0.6277122727402139,Warning
2026-01-05 12:00:00,1,40.86373173149784,39.81146877017447,40.97293352973829,30.79079132185046,40.28796724117224,17.424585223659776,50.64182416423918,0.6882986683544925,Warning
2026-01-05 13:00:00,1,40.98952018980883,40.86373173149784,41.28119163309709,30.778638345046783,41.0843452172753,17.424585223659776,50.64182416423918,0.7122735072492248,High Risk
2026-01-05 14:00:00,1,40.6656449275982,40.98952018980883,39.781507201804736,30.815477416954845,40.65392239146737,17.424585223659776,50.64182416423918,0.6993156929763384,Warning
2026-01-05 15:00:00,1,39.62528207861595,40.6656449275982,39.94204747839744,30.80227885863061,40.49618029432243,17.424585223659776,50.64182416423918,0.6945668909257431,Warning
2026-01-05 16:00:00,1,37.83301985170935,39.62528207861595,38.17408985258983,30.78806760859393,39.20827725639248,17.424585223659776,50.64182416423918,0.6557947641556137,Warning
2026-01-05 17:00:00,1,34.82811688448409,37.83301985170935,35.57358449334114,30.757006458224883,37.14186772415202,17.424585223659776,50.64182416423918,0.5935858167555002,Warning
2026-01-05 18:00:00,1,32.67580628127308,34.82811688448409,33.673444276773374,30.71543820841237,34.51880746838647,17.424585223659776,50.64182416423918,0.514618983254047,Warning
2026-01-05 19:00:00,1,30.81733358702718,32.67580628127308,31.347116284620643,30.693363929345978,32.309777503570835,17.424585223659776,50.64182416423918,0.4481164692352046,Warning
2026-01-05 20:00:00,1,28.504473097537936,30.81733358702718,27.8648228846823,30.720016021548293,29.898248459783893,17.424585223659776,50.64182416423918,0.3755177509762282,Safe
2026-01-05 21:00:00,1,26.060784414551595,28.504473097537936,25.311888132805446,30.75122003328772,27.50628119718411,17.424585223659776,50.64182416423918,0.30350793719041547,Safe
2026-01-05 22:00:00,1,23.555879157795506,26.060784414551595,22.990748340176207,30.774767150688522,25.107703811618443,17.424585223659776,50.64182416423918,0.2312991266493724,Safe
2026-01-05 23:00:00,1,21.944530557342077,23.555879157795506,21.816917805667572,30.78008434867496,23.06140623994376,17.424585223659776,50.64182416423918,0.1696956467896611,Safe
2026-01-06 00:00:00,1,20.296388287569222,21.944530557342077,20.757038330424386,30.760890596889325,21.64080905631212,17.424585223659776,50.64182416423918,0.1269287827704688,Safe
2026-01-06 01:00:00,1,20.20172743118859,20.296388287569222,20.244080744827958,30.759125875487687,20.38314556256679,17.424585223659776,50.64182416423918,0.08906701291857566,Safe
2026-01-06 02:00:00,1,20.417181966262547,20.20172743118859,20.193196124986624,30.76845861887418,20.3035833713678,17.424585223659776,50.64182416423918,0.08667180514871539,Safe
2026-01-06 03:00:00,1,22.36477367083839,20.417181966262547,21.815873198479505,30.79132947188914,21.000144020804328,17.424585223659776,50.64182416423918,0.10764165847435499,Safe
2026-01-06 04:00:00,1,23.07024801783848,22.36477367083839,23.906179945781236,30.756498974891525,22.994014265452698,17.424585223659776,50.64182416423918,0.16766682155879853,Safe
2026-01-06 05:00:00,1,25.050861772634924,23.07024801783848,26.72803831317791,30.686616619035565,24.42254747153215,17.424585223659776,50.64182416423918,0.21067259833720886,Safe
2026-01-06 06:00:00,1,28.5252938748619,25.050861772634924,28.964781162693093,30.668304648709267,26.488193719707333,17.424585223659776,50.64182416423918,0.27285856718562335,Safe
2026-01-06 07:00:00,1,30.269021166064622,28.5252938748619,31.075757124252725,30.63469065045143,29.49167562087345,17.424585223659776,50.64182416423918,0.3632779369628502,Safe
2026-01-06 08:00:00,1,33.676489281664956,30.269021166064622,33.27649043420364,30.651357269095655,31.389461215628693,17.424585223659776,50.64182416423918,0.4204104861496608,Warning
2026-01-06 09:00:00,1,35.68601270361135,33.676489281664956,36.10832425411383,30.63376095449138,34.595567215608675,17.424585223659776,50.64182416423918,0.5169298238705317,Warning
2026-01-06 10:00:00,1,38.04621320106619,35.68601270361135,37.476673205842026,30.65749178762572,36.3831328451064,17.424585223659776,50.64182416423918,0.5707442176219514,Warning
2026-01-06 11:00:00,1,39.67540459551697,38.04621320106619,39.81146877017447,30.651822447014993,38.73156233376636,17.424585223659776,50.64182416423918,0.6414433332878208,Warning
2026-01-06 12:00:00,1,40.438465863817726,39.67540459551697,40.86373173149784,30.634103035861653,40.16126982016654,17.424585223659776,50.64182416423918,0.6844844615982314,Warning
2026-01-06 13:00:00,1,40.751604035052274,40.438465863817726,40.98952018980883,30.6241898627468,40.70533480360238,17.424585223659776,50.64182416423918,0.7008634558918301,High Risk
2026-01-06 14:00:00,1,40.79080733663216,40.751604035052274,40.6656449275982,30.62940496312321,40.80015263358541,17.424585223659776,50.64182416423918,0.7037179323670774,High Risk
2026-01-06 15:00:00,1,39.318946694039276,40.79080733663216,39.62528207861595,30.61664098876585,40.4700032299383,17.424585223659776,50.64182416423918,0.6937788343493703,Warning
2026-01-06 16:00:00,1,38.01565265205138,39.318946694039276,37.83301985170935,30.624250688780098,38.89045955237207,17.424585223659776,50.64182416423918,0.6462269100958262,Warning
2026-01-06 17:00:00,1,35.87951397903496,38.01565265205138,34.82811688448409,30.668058901053055,37.0067745217997,17.424585223659776,50.64182416423918,0.5895188562676936,Warning
2026-01-06 18:00:00,1,32.98568024506817,35.87951397903496,32.67580628127308,30.680970316211184,34.867891674094054,17.424585223659776,50.64182416423918,0.5251281106328431,Warning
2026-01-06 19:00:00,1,30.54003999997146,32.98568024506817,30.81733358702718,30.669416416750533,32.332014524523956,17.424585223659776,50.64182416423918,0.4487859113981567,Warning
2026-01-06 20:00:00,1,27.64882137628479,30.54003999997146,28.504473097537936,30.633764261698317,29.93498793195254,17.424585223659776,50.64182416423918,0.37662378724638096,Safe
2026-01-06 21:00:00,1,25.055140103461905,27.64882137628479,26.060784414551595,30.59186241540291,27.2006352839822,17.424585223659776,50.64182416423918,0.29430651305798716,Safe
2026-01-06 22:00:00,1,23.419346662031806,25.055140103461905,23.555879157795506,30.586173561412753,24.640707934868185,17.424585223659776,50.64182416423918,0.2172402861922591,Safe
2026-01-06 23:00:00,1,22.88558127328073,23.419346662031806,21.944530557342077,30.6253840079102,23.015411613941232,17.424585223659776,50.64182416423918,0.16831098550880796,Safe
2026-01-07 00:00:00,1,20.14599919355874,22.88558127328073,20.296388287569222,30.619117795659765,22.10113315847281,17.424585223659776,50.64182416423918,0.14078677045951643,Safe
2026-01-07 01:00:00,1,17.63206062324928,20.14599919355874,20.20172743118859,30.51204834532896,20.2699099832995,17.424585223659776,50.64182416423918,0.08565807287810719,Safe
2026-01-07 02:00:00,1,18.674586458310195,17.63206062324928,20.417181966262547,30.439440199164277,18.692932239079884,17.424585223659776,50.64182416423918,0.038183395661078055,Safe
2026-01-07 03:00:00,1,18.780569000491752,18.674586458310195,22.36477367083839,30.290098337899835,20.04370533512096,17.424585223659776,50.64182416423918,0.07884821605125512,Safe
2026-01-07 04:00:00,1,20.10456850748803,18.780569000491752,23.07024801783848,30.1665283583019,20.35462568280341,17.424585223659776,50.64182416423918,0.08820842623845421,Safe
2026-01-07 05:00:00,1,22.180016620989225,20.10456850748803,25.050861772634924,30.046909810316663,21.901513938753908,17.424585223659776,50.64182416423918,0.13477726394795828,Safe
2026-01-07 06:00:00,1,24.353743816774283,22.180016620989225,28.5252938748619,29.873095224563006,24.452822333672238,17.424585223659776,50.64182416423918,0.21158401849716926,Safe
2026-01-07 07:00:00,1,26.442490616685816,24.353743816774283,30.269021166064622,29.713656451672225,26.476616717058214,17.424585223659776,50.64182416423918,0.2725100432664227,Safe
2026-01-07 08:00:00,1,28.685771228028223,26.442490616685816,33.676489281664956,29.50570986610403,29.01374992250637,17.424585223659776,50.64182416423918,0.34889005587393324,Safe
2026-01-07 09:00:00,1,30.154402231293265,28.685771228028223,35.68601270361135,29.27522609642411,31.174138297506225,17.424585223659776,50.64182416423918,0.4139282221654271,Warning
2026-01-07 10:00:00,1,32.415257948364825,30.154402231293265,38.04621320106619,29.040602960894887,32.94584354793143,17.424585223659776,50.64182416423918,0.4672651415962563,Warning
2026-01-07 11:00:00,1,33.7517741634786,32.415257948364825,39.67540459551697,28.79378502622662,34.98766670983627,17.424585223659776,50.64182416423918,0.5287339200244866,Warning
2026-01-07 12:00:00,1,35.11998769342245,33.7517741634786,40.438465863817726,28.572181769126818,36.12626922229685,17.424585223659776,50.64182416423918,0.5630113769865149,Warning
2026-01-07 13:00:00,1,34.59883529074634,35.11998769342245,40.751604035052274,28.315816404780733,37.131773385542026,17.424585223659776,50.64182416423918,0.593281928213645,Warning
2026-01-07 14:00:00,1,34.84611059590496,34.59883529074634,40.79080733663216,28.068120707250433,36.80298948490518,17.424585223659776,50.64182416423918,0.583383938458175,Warning
2026-01-07 15:00:00,1,33.7398984445913,34.84611059590496,39.318946694039276,27.835660363523434,36.4618543809339,17.424585223659776,50.64182416423918,0.5731141175886048,Warning
2026-01-07 16:00:00,1,32.081476707438846,33.7398984445913,38.01565265205138,27.58840303249792,35.28966757642847,17.424585223659776,50.64182416423918,0.5378256105783206,Warning
2026-01-07 17:00:00,1,31.21539664536732,32.081476707438846,35.87951397903496,27.394064810261764,33.4699913408996,17.424585223659776,50.64182416423918,0.48304453187388885,Warning
2026-01-07 18:00:00,1,28.35254959852867,31.21539664536732,32.98568024506817,27.201017699989283,31.911380994718222,17.424585223659776,50.64182416423918,0.43612280240541124,Warning
2026-01-07 19:00:00,1,26.387893517275856,28.35254959852867,30.54003999997146,27.02801159654363,29.194989855452075,17.424585223659776,50.64182416423918,0.3543462567283665,Safe
2026-01-07 20:00:00,1,23.40518839988962,26.387893517275856,27.64882137628479,26.8511935558605,26.915936375050407,17.424585223659776,50.64182416423918,0.28573569533077453,Safe
2026-01-07 21:00:00,1,22.51258962381738,23.40518839988962,25.055140103461905,26.745253952541976,24.070202678813548,17.424585223659776,50.64182416423918,0.200065311478069,Safe
2026-01-07 22:00:00,1,20.935936025359656,22.51258962381738,23.419346662031806,26.641778509347304,22.92453439896397,17.424585223659776,50.64182416423918,0.16557514065415335,Safe
2026-01-07 23:00:00,1,18.896708578871806,20.935936025359656,22.88558127328073,26.4755754804136,21.706693191869704,17.424585223659776,50.64182416423918,0.12891221473758713,Safe
2026-01-08 00:00:00,1,17.15140575294125,18.896708578871806,20.14599919355874,26.350800753721202,19.43054761825517,17.424585223659776,50.64182416423918,0.06038919543537497,Safe
2026-01-08 01:00:00,1,23.95178578922183,17.15140575294125,17.63206062324928,26.61412263563673,17.424585223659776,17.424585223659776,50.64182416423918,0.0,Safe
2026-01-08 02:00:00,1,24.28735089968221,23.95178578922183,18.674586458310195,26.8479878206939,22.246424071351445,17.424585223659776,50.64182416423918,0.14516073148513262,Safe
2026-01-08 03:00:00,1,24.6802770217351,24.28735089968221,18.780569000491752,27.0938089882457,22.503014860427985,17.424585223659776,50.64182416423918,0.15288535850217383,Safe
2026-01-08 04:00:00,1,26.424260166869125,24.6802770217351,20.10456850748803,27.35712947405325,23.213932802195814,17.424585223659776,50.64182416423918,0.17428743594869114,Safe
2026-01-08 05:00:00,1,27.909610958846436,26.424260166869125,22.180016620989225,27.595862571463964,25.069028421568696,17.424585223659776,50.64182416423918,0.23013480986330195,Safe
2026-01-08 06:00:00,1,30.23022030760217,27.909610958846436,24.353743816774283,27.840715758581794,26.787922678336088,17.424585223659776,50.64182416423918,0.2818818622927703,Safe
2026-01-08 07:00:00,1,32.734658939733414,30.23022030760217,26.442490616685816,28.102889438708775,29.02618699034483,17.424585223659776,50.64182416423918,0.34926447192598054,Safe
2026-01-08 08:00:00,1,35.08135934184406,32.734658939733414,28.685771228028223,28.369372276784436,31.43801917032723,17.424585223659776,50.64182416423918,0.4218723160544151,Warning
2026-01-08 09:00:00,1,36.10116496005933,35.08135934184406,30.154402231293265,28.61715405714969,33.48128391860389,17.424585223659776,50.64182416423918,0.48338449322301047,Warning
2026-01-08 10:00:00,1,38.39995537751476,36.10116496005933,32.415257948364825,28.86651645003094,34.92430104113443,17.424585223659776,50.64182416423918,0.5268263061223324,Warning
2026-01-08 11:00:00,1,39.63214389016986,38.39995537751476,33.7517741634786,29.11153185530974,36.89091327816207,17.424585223659776,50.64182416423918,0.586030870997247,Warning
2026-01-08 12:00:00,1,40.2956071562811,39.63214389016986,35.11998769342245,29.32718266626218,38.168025490444144,17.424585223659776,50.64182416423918,0.6244781415882605,Warning
2026-01-08 13:00:00,1,41.20828685742893,40.2956071562811,34.59883529074634,29.602576481540627,38.42538561639364,17.424585223659776,50.64182416423918,0.6322259293758634,Warning
2026-01-08 14:00:00,1,40.27169660605071,41.20828685742893,34.84611059590496,29.8286425652967,39.109250413353806,17.424585223659776,50.64182416423918,0.6528135759769506,Warning
2026-01-08 15:00:00,1,39.812773794920496,40.27169660605071,33.7398984445913,30.081679038227083,38.115857731417584,17.424585223659776,50.64182416423918,0.6229076390684883,Warning
2026-01-08 16:00:00,1,37.977215693953426,39.812773794920496,32.081476707438846,30.32733482933185,37.24720534399703,17.424585223659776,50.64182416423918,0.5967569899183951,Warning
2026-01-08 17:00:00,1,37.15484582125955,37.977215693953426,31.21539664536732,30.574811878327367,35.74568514985412,17.424585223659776,50.64182416423918,0.5515539508691272,Warning
2026-01-08 18:00:00,1,33.77202530330229,37.15484582125955,28.35254959852867,30.80062336602627,34.22637544738725,17.424585223659776,50.64182416423918,0.5058153613540235,Warning
2026-01-08 19:00:00,1,32.40603835776568,33.77202530330229,26.387893517275856,31.051379401046674,31.333100357848203,17.424585223659776,50.64182416423918,0.4187137510241263,Warning
2026-01-08 20:00:00,1,29.65945870718962,32.40603835776568,23.40518839988962,31.31197399718417,29.415843955208715,17.424585223659776,50.64182416423918,0.36099503610171946,Safe
2026-01-08 21:00:00,1,28.091267110431865,29.65945870718962,22.51258962381738,31.544418892459777,27.307064866299037,17.424585223659776,50.64182416423918,0.29751055958645317,Safe
2026-01-08 22:00:00,1,26.635945935590577,28.091267110431865,20.935936025359656,31.78191930538607,25.73802527881697,17.424585223659776,50.64182416423918,0.2502748593811128,Safe
2026-01-08 23:00:00,1,24.25197820188119,26.635945935590577,18.896708578871806,32.005055539678125,24.08485893254293,17.424585223659776,50.64182416423918,0.20050653578675925,Safe
2026-01-09 00:00:00,1,26.12929104417846,24.25197820188119,17.15140575294125,32.37913409347968,21.922479216323417,17.424585223659776,50.64182416423918,0.135408420468097,Safe
2026-01-09 01:00:00,1,25.645418175913612,26.12929104417846,23.95178578922183,32.44970210959183,25.48144090812074,17.424585223659776,50.64182416423918,0.24255042558844306,Safe
2026-01-09 02:00:00,1,25.23366137722915,25.645418175913612,24.28735089968221,32.48913171282296,25.278515603174366,17.424585223659776,50.64182416423918,0.236441389879595,Safe
2026-01-09 03:00:00,1,27.00617784917973,25.23366137722915,24.6802770217351,32.58604424729982,25.14256478706228,17.424585223659776,50.64182416423918,0.23234861105885973,Safe
2026-01-09 04:00:00,1,27.16563007889173,27.00617784917973,26.424260166869125,32.61693466030076,26.90300709234114,17.424585223659776,50.64182416423918,0.2853464612242565,Safe
2026-01-09 05:00:00,1,30.116998762902373,27.16563007889173,27.909610958846436,32.70890915213642,27.515818954371753,17.424585223659776,50.64182416423918,0.30379506993247063,Safe
2026-01-09 06:00:00,1,32.341585993736054,30.116998762902373,30.23022030760217,32.796882722392,30.2475634441844,17.424585223659776,50.64182416423918,0.38603382591277857,Safe
2026-01-09 07:00:00,1,34.39080636175156,32.341585993736054,32.734658939733414,32.865888864976085,32.56497975209498,17.424585223659776,50.64182416423918,0.4557992944482765,Warning
2026-01-09 08:00:00,1,37.78657431272636,34.39080636175156,35.08135934184406,32.97860615542952,34.71328853719204,17.424585223659776,50.64182416423918,0.5204738065070768,Warning
2026-01-09 09:00:00,1,38.71053042788605,37.78657431272636,36.10116496005933,33.08732971658896,37.29184750722437,17.424585223659776,50.64182416423918,0.598100935511322,Warning
2026-01-09 10:00:00,1,40.75447354071327,38.71053042788605,38.39995537751476,33.18543464005557,38.684905564568716,17.424585223659776,50.64182416423918,0.6400387382859148,Warning
2026-01-09 11:00:00,1,43.19151066882276,40.75447354071327,39.63214389016986,33.33374158916611,40.44849335038355,17.424585223659776,50.64182416423918,0.6931312826685796,Warning
2026-01-09 12:00:00,1,43.54279390345047,43.19151066882276,40.2956071562811,33.46904103696483,42.27563981022011,17.424585223659776,50.64182416423918,0.7481372513494529,High Risk
2026-01-09 13:00:00,1,44.016350881124886,43.54279390345047,41.20828685742893,33.586043704618824,42.818508918573826,17.424585223659776,50.64182416423918,0.7644802440040148,High Risk
2026-01-09 14:00:00,1,43.94679621206566,44.016350881124886,40.27169660605071,33.73917285486945,42.80906003362607,17.424585223659776,50.64182416423918,0.7641957867473415,High Risk
2026-01-09 15:00:00,1,42.39737421190884,43.94679621206566,39.812773794920496,33.84686453891063,42.6063998089771,17.424585223659776,50.64182416423918,0.7580947312408788,High Risk
2026-01-09 16:00:00,1,41.49050128975027,42.39737421190884,37.977215693953426,33.993251438735506,40.96111765201289,17.424585223659776,50.64182416423918,0.7085637599769394,High Risk
2026-01-09 17:00:00,1,39.55571242515726,41.49050128975027,37.15484582125955,34.093287547231235,40.0843354122927,17.424585223659776,50.64182416423918,0.6821683628491644,Warning
2026-01-09 18:00:00,1,37.20347749564543,39.55571242515726,33.77202530330229,34.2362647219122,37.65672429903242,17.424585223659776,50.64182416423918,0.6090854963135067,Warning
2026-01-09 19:00:00,1,34.585527006869064,37.20347749564543,32.40603835776568,34.32707674895818,35.64493833289271,17.424585223659776,50.64182416423918,0.5485209831348533,Warning
2026-01-09 20:00:00,1,32.28566452000841,34.585527006869064,29.65945870718962,34.43650199115896,32.98640276445501,17.424585223659776,50.64182416423918,0.46848617069428283,Warning
2026-01-09 21:00:00,1,29.64759646132206,32.28566452000841,28.091267110431865,34.50134904744605,30.939834317782612,17.424585223659776,50.64182416423918,0.4068745361836072,Warning
2026-01-09 22:00:00,1,27.6574754583609,29.64759646132206,26.635945935590577,34.54391277756148,28.709807266273522,17.424585223659776,50.64182416423918,0.3397399080357457,Safe
2026-01-09 23:00:00,1,26.439668128513997,27.6574754583609,24.25197820188119,34.635066524504516,26.587555276427146,17.424585223659776,50.64182416423918,0.27584983186919,Safe
2026-01-10 00:00:00,1,25.430524243753773,26.439668128513997,26.12929104417846,34.605951241153484,26.430126250230742,17.424585223659776,50.64182416423918,0.2711104547722963,Safe
2026-01-10 01:00:00,1,25.39305016211871,25.430524243753773,25.645418175913612,34.59543590724537,25.6019858821601,17.424585223659776,50.64182416423918,0.24617941385643277,Safe
2026-01-10 02:00:00,1,26.523450103278556,25.39305016211871,25.23366137722915,34.64917710416409,25.436524846895477,17.424585223659776,50.64182416423918,0.24119823433758628,Safe
2026-01-10 03:00:00,1,26.37833041035691,26.523450103278556,27.00617784917973,34.623016794213136,26.785106785952237,17.424585223659776,50.64182416423918,0.28179709027712757,Safe
2026-01-10 04:00:00,1,27.62645106265032,26.37833041035691,27.16563007889173,34.64221766853641,26.744365460339836,17.424585223659776,50.64182416423918,0.2805705788124399,Safe
2026-01-10 05:00:00,1,29.981488231303935,27.62645106265032,30.116998762902373,34.63657139638648,28.57350982146975,17.424585223659776,50.64182416423918,0.335636694010511,Safe
2026-01-10 06:00:00,1,33.04485697182294,29.981488231303935,32.341585993736054,34.665874353806764,30.88084857955199,17.424585223659776,50.64182416423918,0.40509877942789424,Warning
2026-01-10 07:00:00,1,35.469288034461634,33.04485697182294,34.39080636175156,34.71081109016969,33.593295966740534,17.424585223659776,50.64182416423918,0.4867565990432717,Warning
2026-01-10 08:00:00,1,37.62630381344059,35.469288034461634,37.78657431272636,34.70413315269945,36.34684091064854,17.424585223659776,50.64182416423918,0.5696516544071032,Warning
2026-01-10 09:00:00,1,39.63700010433723,37.62630381344059,38.71053042788605,34.74273605588491,38.07923236456408,17.424585223659776,50.64182416423918,0.6218050379216433,Warning
2026-01-10 10:00:00,1,41.212878982968256,39.63700010433723,40.75447354071327,34.76183628264554,40.09867758586579,17.424585223659776,50.64182416423918,0.6826001318221055,Warning
2026-01-10 11:00:00,1,42.668526154215115,41.212878982968256,43.19151066882276,34.74004526120355,41.96708755893919,17.424585223659776,50.64182416423918,0.7388483323473661,High Risk
2026-01-10 12:00:00,1,44.65388546722246,42.668526154215115,43.54279390345047,34.78634074302739,43.043050451010274,17.424585223659776,50.64182416423918,0.7712400329822117,High Risk
2026-01-10 13:00:00,1,44.155700517627125,44.65388546722246,44.016350881124886,34.79214697788164,44.5086562658813,17.424585223659776,50.64182416423918,0.8153618750585784,High Risk
2026-01-10 14:00:00,1,43.77053968494785,44.155700517627125,43.94679621206566,34.7848029559184,44.15774877629316,17.424585223659776,50.64182416423918,0.8047978579934683,High Risk
2026-01-10 15:00:00,1,43.60861122788438,43.77053968494785,42.39737421190884,34.83527116491738,43.37481634551957,17.424585223659776,50.64182416423918,0.7812277952135943,High Risk
2026-01-10 16:00:00,1,41.481282521915205,43.60861122788438,41.49050128975027,34.83488704959092,42.95826617614571,17.424585223659776,50.64182416423918,0.7686876151709718,High Risk
2026-01-10 17:00:00,1,39.39815202176433,41.481282521915205,39.55571242515726,34.828322032782886,40.89957860641495,17.424585223659776,50.64182416423918,0.7067111362879146,High Risk
2026-01-10 18:00:00,1,36.226619169976104,39.39815202176433,37.20347749564543,34.78761960254666,38.727110767036045,17.424585223659776,50.64182416423918,0.6413093195426005,Warning
2026-01-10 19:00:00,1,34.69590805258872,36.226619169976104,34.585527006869064,34.79221881278498,35.74908850330018,17.424585223659776,50.64182416423918,0.5516564083114719,Warning
2026-01-10 20:00:00,1,32.18606610579768,34.69590805258872,32.28566452000841,34.78806887885953,33.95726135705684,17.424585223659776,50.64182416423918,0.49771372224096605,Warning
2026-01-10 21:00:00,1,30.683333171161937,32.18606610579768,29.64759646132206,34.83122457510286,31.406831109833803,17.424585223659776,50.64182416423918,0.42093340419571706,Warning
2026-01-10 22:00:00,1,28.2550553129914,30.683333171161937,27.6574754583609,34.856123735712465,29.739332147439548,17.424585223659776,50.64182416423918,0.3707335993541,Safe
2026-01-10 23:00:00,1,26.26675355964013,28.2550553129914,26.439668128513997,34.848918962009385,27.728305285130396,17.424585223659776,50.64182416423918,0.3101919388818099,Safe
2026-01-11 00:00:00,1,28.341065460963826,26.26675355964013,25.430524243753773,34.97019151272647,26.077552099313536,17.424585223659776,50.64182416423918,0.26049626311916957,Safe
2026-01-11 01:00:00,1,28.441470211800482,28.341065460963826,25.39305016211871,35.09720901479655,27.426750027031787,17.424585223659776,50.64182416423918,0.3011136633044878,Safe
2026-01-11 02:00:00,1,28.033541285990086,28.441470211800482,26.523450103278556,35.16012948074286,27.879367877129965,17.424585223659776,50.64182416423918,0.3147396554371226,Safe
2026-01-11 03:00:00,1,29.72180729899686,28.033541285990086,26.37833041035691,35.299441017769524,27.56187400473555,17.424585223659776,50.64182416423918,0.30518155027960914,Safe
2026-01-11 04:00:00,1,31.41880395670202,29.72180729899686,27.62645106265032,35.45745572168835,29.09737021195874,17.424585223659776,50.64182416423918,0.35140743207984176,Safe
2026-01-11 05:00:00,1,33.07046837223564,31.41880395670202,29.981488231303935,35.5861632275605,31.017256703748863,17.424585223659776,50.64182416423918,0.4092053254395703,Warning
2026-01-11 06:00:00,1,35.37078839808681,33.07046837223564,33.04485697182294,35.68307703698816,33.1496859146668,17.424585223659776,50.64182416423918,0.47340178531198973,Warning
2026-01-11 07:00:00,1,39.62170707888933,35.37078839808681,35.469288034461634,35.85609449717265,35.48945999917483,17.424585223659776,50.64182416423918,0.5438403313409051,Warning
2026-01-11 08:00:00,1,42.26772059845256,39.62170707888933,37.62630381344059,36.04948686321482,39.018541420424015,17.424585223659776,50.64182416423918,0.650082795421671,Warning
2026-01-11 09:00:00,1,45.18360332364302,42.26772059845256,39.63700010433723,36.28059533068589,41.44377009962587,17.424585223659776,50.64182416423918,0.7230939391392172,High Risk
2026-01-11 10:00:00,1,48.11795365922514,45.18360332364302,41.212878982968256,36.568306775529926,43.897454250015564,17.424585223659776,50.64182416423918,0.7969617305264293,High Risk
2026-01-11 11:00:00,1,48.627842270828225,48.11795365922514,42.668526154215115,36.81661161372214,46.32213518910153,17.424585223659776,50.64182416423918,0.8699563846103735,High Risk
2026-01-11 12:00:00,1,49.946213980074496,48.627842270828225,44.65388546722246,37.03712530175764,47.336092191719274,17.424585223659776,50.64182416423918,0.9004814072923168,High Risk
2026-01-11 13:00:00,1,50.867528742350856,49.946213980074496,44.155700517627125,37.31678481112113,48.03132955764093,17.424585223659776,50.64182416423918,0.9214114233672627,High Risk
2026-01-11 14:00:00,1,50.087685665396606,50.867528742350856,43.77053968494785,37.579999226973165,48.504518401653144,17.424585223659776,50.64182416423918,0.9356567021700373,High Risk
2026-01-11 15:00:00,1,48.34634693605355,50.087685665396606,43.60861122788438,37.77740488148021,47.937071398937334,17.424585223659776,50.64182416423918,0.9185737957114969,High Risk
2026-01-11 16:00:00,1,47.27851988326737,48.34634693605355,41.481282521915205,38.01895643820322,46.06596464986317,17.424585223659776,50.64182416423918,0.8622444091513464,High Risk
2026-01-11 17:00:00,1,44.02918706665012,47.27851988326737,39.39815202176433,38.211916231740126,44.652212924700144,17.424585223659776,50.64182416423918,0.8196836266272111,High Risk
2026-01-11 18:00:00,1,41.33114155688257,44.02918706665012,36.226619169976104,38.42460466452789,41.43373502893321,17.424585223659776,50.64182416423918,0.7227918348490769,High Risk
2026-01-11 19:00:00,1,39.90330440733853,41.33114155688257,34.69590805258872,38.64157951264247,39.13853644989208,17.424585223659776,50.64182416423918,0.6536952276912611,Warning
2026-01-11 20:00:00,1,36.07240458023635,39.90330440733853,32.18606610579768,38.80351028241075,37.34242707649861,17.424585223659776,50.64182416423918,0.5996236258180639,Warning
2026-01-11 21:00:00,1,33.9318011691257,36.07240458023635,30.683333171161937,38.93886311565924,34.312954119468756,17.424585223659776,50.64182416423918,0.5084217992229249,Warning
2026-01-11 22:00:00,1,30.925389651966707,33.9318011691257,28.2550553129914,39.05012704644987,32.07673588693082,17.424585223659776,50.64182416423918,0.4411007865036805,Warning
2026-01-11 23:00:00,1,29.36970429200002,30.925389651966707,26.26675355964013,39.1794166602982,29.422526511387865,17.424585223659776,50.64182416423918,0.3611962134479139,Safe
2026-01-12 00:00:00,1,29.11710421657279,29.36970429200002,28.341065460963826,39.21175160844857,29.110632948887357,17.424585223659776,50.64182416423918,0.35180670477535597,Safe
2026-01-12 01:00:00,1,28.993692773521218,29.11710421657279,28.441470211800482,39.2347608818536,28.979119605294514,17.424585223659776,50.64182416423918,0.34784751539574166,Safe
2026-01-12 02:00:00,1,28.734872746250947,28.993692773521218,28.033541285990086,39.26398302603114,28.75854055595927,17.424585223659776,50.64182416423918,0.3412070163738535,Safe
2026-01-12 03:00:00,1,29.525816203854358,28.734872746250947,29.72180729899686,39.255816730400205,29.166123922685387,17.424585223659776,50.64182416423918,0.35347725217475745,Safe
2026-01-12 04:00:00,1,31.318096064841914,29.525816203854358,31.41880395670202,39.25162056823937,30.265980742241744,17.424585223659776,50.64182416423918,0.38658827589388145,Safe
2026-01-12 05:00:00,1,33.40998272372644,31.318096064841914,33.07046837223564,39.26576699955148,32.00781922270064,17.424585223659776,50.64182416423918,0.4390260607181107,Warning
2026-01-12 06:00:00,1,36.43475219634084,33.40998272372644,35.37078839808681,39.310098824478736,34.168277236193994,17.424585223659776,50.64182416423918,0.5040663234659514,Warning
2026-01-12 07:00:00,1,38.35897661490048,36.43475219634084,39.62170707888933,39.257485055145864,37.60854409732265,17.424585223659776,50.64182416423918,0.6076350386055226,Warning
2026-01-12 08:00:00,1,43.006943931477565,38.35897661490048,42.26772059845256,39.28828602735524,39.7771691119528,17.424585223659776,50.64182416423918,0.6729211676911869,Warning
2026-01-12 09:00:00,1,45.413338123117455,43.006943931477565,45.18360332364302,39.297858310666676,43.82655296018749,17.424585223659776,50.64182416423918,0.7948272578864718,High Risk
2026-01-12 10:00:00,1,46.67794761801581,45.413338123117455,48.11795365922514,39.23785805894962,46.4104114306338,17.424585223659776,50.64182416423918,0.8726139275516348,High Risk
2026-01-12 11:00:00,1,48.19671597576199,46.67794761801581,48.627842270828225,39.21989446332186,47.41519302394199,17.424585223659776,50.64182416423918,0.9028627259197589,High Risk
2026-01-12 12:00:00,1,50.289069787043715,48.19671597576199,49.946213980074496,39.23418012194558,48.86342682300091,17.424585223659776,50.64182416423918,0.9464615860794107,High Risk
2026-01-12 13:00:00,1,50.32910317178132,50.289069787043715,50.867528742350856,39.21174572317185,50.55245691839916,17.424585223659776,50.64182416423918,0.9973095824337035,High Risk
2026-01-12 14:00:00,1,49.937972455806836,50.32910317178132,50.087685665396606,39.20550767277227,50.31197201735246,17.424585223659776,50.64182416423918,0.9900698207473957,High Risk
2026-01-12 15:00:00,1,47.82513749851182,49.937972455806836,48.34634693605355,39.1837906128747,49.45946818627728,17.424585223659776,50.64182416423918,0.9644053214512416,High Risk
2026-01-12 16:00:00,1,47.121096688690415,47.82513749851182,47.27851988326737,39.17723131310066,47.70687052735323,17.424585223659776,50.64182416423918,0.9116436331815607,High Risk
2026-01-12 17:00:00,1,44.822619217338676,47.121096688690415,44.02918706665012,39.21029098604602,46.13304673292051,17.424585223659776,50.64182416423918,0.8642639051473214,High Risk
2026-01-12 18:00:00,1,41.73346806064118,44.822619217338676,41.33114155688257,39.2270545903693,43.70088356108452,17.424585223659776,50.64182416423918,0.7910439995745898,High Risk
2026-01-12 19:00:00,1,39.51112713107933,41.73346806064118,39.90330440733853,39.21071387052516,41.18407195619373,17.424585223659776,50.64182416423918,0.7152757656878197,High Risk
2026-01-12 20:00:00,1,36.62662426587531,39.51112713107933,36.07240458023635,39.233806357426786,38.41437038770796,17.424585223659776,50.64182416423918,0.6318943175771293,Warning
2026-01-12 21:00:00,1,33.70471807225715,36.62662426587531,33.9318011691257,39.22434456172393,35.788107791002005,17.424585223659776,50.64182416423918,0.5528310780845062,Warning
2026-01-12 22:00:00,1,31.79392474159053,33.70471807225715,30.925389651966707,39.26053352379159,32.84110725193206,17.424585223659776,50.64182416423918,0.4641120711970681,Warning
2026-01-12 23:00:00,1,29.370115401873115,31.79392474159053,29.36970429200002,39.260550653369634,31.054284287596673,17.424585223659776,50.64182416423918,0.41032003526838345,Warning
2026-01-13 00:00:00,1,28.461637415832335,29.370115401873115,29.11710421657279,39.23323953667211,29.376372778097902,17.424585223659776,50.64182416423918,0.35980676226616237,Safe
2026-01-13 01:00:00,1,28.06104209702824,28.461637415832335,28.993692773521218,39.19437909181824,28.73763863317823,17.424585223659776,50.64182416423918,0.34057776714006904,Safe
2026-01-13 02:00:00,1,28.263602017463434,28.06104209702824,28.734872746250947,39.1747428114521,28.386065107655263,17.424585223659776,50.64182416423918,0.32999369916356414,Safe
2026-01-13 03:00:00,1,29.970643628077735,28.263602017463434,29.525816203854358,39.193277287461406,28.78963683330347,17.424585223659776,50.64182416423918,0.34214316511468273,Safe
2026-01-13 04:00:00,1,31.370367712474604,29.970643628077735,31.318096064841914,39.195455272779434,30.523609086776027,17.424585223659776,50.64182416423918,0.39434413836153803,Safe
2026-01-13 05:00:00,1,33.7882978979282,31.370367712474604,33.40998272372644,39.21121840503783,32.15828357701707,17.424585223659776,50.64182416423918,0.4435557674181734,Warning
2026-01-13 06:00:00,1,36.782915868160536,33.7882978979282,36.43475219634084,39.225725224696994,34.78064759018227,17.424585223659776,50.64182416423918,0.5225016406411205,Warning
2026-01-13 07:00:00,1,39.63106927212261,36.782915868160536,38.35897661490048,39.27872908541458,37.40519340099562,17.424585223659776,50.64182416423918,0.6015131965532994,Warning
2026-01-13 08:00:00,1,42.59401815616192,39.63106927212261,43.006943931477565,39.26152384477643,40.86531581191679,17.424585223659776,50.64182416423918,0.7056796600256047,High Risk
2026-01-13 09:00:00,1,44.357925250104884,42.59401815616192,45.413338123117455,39.2175483084009,43.63400955617713,17.424585223659776,50.64182416423918,0.7890307677399457,High Risk
2026-01-13 10:00:00,1,46.955925298073176,44.357925250104884,46.67794761801581,39.22913071173663,45.224813129473795,17.424585223659776,50.64182416423918,0.836921669456716,High Risk
2026-01-13 11:00:00,1,48.78557311306791,46.955925298073176,48.19671597576199,39.25366642579104,47.45023528272971,17.424585223659776,50.64182416423918,0.9039176678369804,High Risk
2026-01-13 12:00:00,1,49.921612719559846,48.78557311306791,50.289069787043715,39.238355714645884,49.36736247178085,17.424585223659776,50.64182416423918,0.9616324928037926,High Risk
2026-01-13 13:00:00,1,50.90945623595195,49.921612719559846,50.32910317178132,39.262537092319654,50.12699396814914,17.424585223659776,50.64182416423918,0.9845010844666505,High Risk
2026-01-13 14:00:00,1,50.265964126977764,50.90945623595195,49.937972455806836,39.276203411951776,50.64182416423918,17.424585223659776,50.64182416423918,0.9999999698951508,High Risk
2026-01-13 15:00:00,1,49.217550213866645,50.265964126977764,47.82513749851182,39.33422060842489,49.496534272427006,17.424585223659776,50.64182416423918,0.9655211903860488,High Risk
2026-01-13 16:00:00,1,46.522502446627854,49.217550213866645,47.121096688690415,39.30927918167229,48.56729297604059,17.424585223659776,50.64182416423918,0.9375465212669802,High Risk
2026-01-13 17:00:00,1,43.67582182424796,46.522502446627854,44.822619217338676,39.261495956960175,46.01142271006137,17.424585223659776,50.64182416423918,0.8606024322773085,High Risk
2026-01-13 18:00:00,1,41.15044896420962,43.67582182424796,41.73346806064118,39.237203494608856,43.08551230308275,17.424585223659776,50.64182416423918,0.7725183406365633,High Risk
2026-01-13 19:00:00,1,39.73319071322826,41.15044896420962,39.51112713107933,39.24645614386507,40.6670975821511,17.424585223659776,50.64182416423918,0.6997123301053504,Warning
2026-01-13 20:00:00,1,35.966738687586066,39.73319071322826,36.62662426587531,39.21896091143635,38.749769196768476,17.424585223659776,50.64182416423918,0.6419914481533148,Warning
2026-01-13 21:00:00,1,33.27591378526204,35.966738687586066,33.70471807225715,39.20109406614488,35.277137955813224,17.424585223659776,50.64182416423918,0.537448408238883,Warning
2026-01-13 22:00:00,1,31.89156750223694,33.27591378526204,31.79392474159053,39.205162514505155,32.85666073761677,17.424585223659776,50.64182416423918,0.4645803065384913,Warning
2026-01-13 23:00:00,1,30.18706629243728,31.89156750223694,29.370115401873115,39.23920213494532,31.118538287339213,17.424585223659776,50.64182416423918,0.4122543922425776,Warning
2026-01-14 00:00:00,1,29.358280216696322,30.18706629243728,28.461637415832335,39.276562251647995,29.6885679424043,17.424585223659776,50.64182416423918,0.3692053506156119,Safe
2026-01-14 01:00:00,1,28.432493630119108,29.358280216696322,28.06104209702824,39.292039398860105,29.00734045565727,17.424585223659776,50.64182416423918,0.34869709984084424,Safe
2026-01-14 02:00:00,1,29.26415786683109,28.432493630119108,28.263602017463434,39.3337292259171,28.46875063950185,17.424585223659776,50.64182416423918,0.33248293463269096,Safe
2026-01-14 03:00:00,1,28.8575958834857,29.26415786683109,29.970643628077735,39.287352236559094,29.59878140410241,17.424585223659776,50.64182416423918,0.36650234041781987,Safe
2026-01-14 04:00:00,1,31.370745892305173,28.8575958834857,31.370367712474604,39.28736799405203,29.81065032188401,17.424585223659776,50.64182416423918,0.3728806222425772,Safe
2026-01-14 05:00:00,1,34.12363410844835,31.370745892305173,33.7882978979282,39.30134033615705,32.287947193241166,17.424585223659776,50.64182416423918,0.4474592710342487,Warning
2026-01-14 06:00:00,1,37.32807376826803,34.12363410844835,36.782915868160536,39.32405524866152,35.11993419820959,17.424585223659776,50.64182416423918,0.5327158128190093,Warning
2026-01-14 07:00:00,1,38.948154955657145,37.32807376826803,39.63106927212261,39.29560048547546,38.19831202298737,17.424585223659776,50.64182416423918,0.625389913083948,Warning
2026-01-14 08:00:00,1,41.46548597115136,38.948154955657145,42.59401815616192,39.248578311100026,40.27565136627067,17.424585223659776,50.64182416423918,0.6879279007975372,Warning
2026-01-14 09:00:00,1,44.17612411618572,41.46548597115136,44.357925250104884,39.241003263853386,42.531963164905896,17.424585223659776,50.64182416423918,0.7558538272944834,High Risk
2026-01-14 10:00:00,1,47.12924472373202,44.17612411618572,46.955925298073176,39.24822490658917,45.20053192131848,17.424585223659776,50.64182416423918,0.8361906873462591,High Risk
2026-01-14 11:00:00,1,49.15902137014066,47.12924472373202,48.78557311306791,39.26378525063387,47.76547700826964,17.424585223659776,50.64182416423918,0.9134079724530128,High Risk
2026-01-14 12:00:00,1,49.9098604645936,49.15902137014066,49.921612719559846,39.26329557334361,49.48687199436252,17.424585223659776,50.64182416423918,0.9652303089617711,High Risk
2026-01-14 13:00:00,1,50.125175023593954,49.9098604645936,50.90945623595195,39.23061718949536,50.31780638644331,17.424585223659776,50.64182416423918,0.9902454635491844,High Risk
2026-01-14 14:00:00,1,50.50114032963057,50.125175023593954,50.265964126977764,39.24041619793923,50.239056519177495,17.424585223659776,50.64182416423918,0.9878747106688522,High Risk
2026-01-14 15:00:00,1,49.28735001552894,50.50114032963057,49.217550213866645,39.24332452300849,50.12727480797332,17.424585223659776,50.64182416423918,0.9845095391072133,High Risk
2026-01-14 16:00:00,1,46.959475111128825,49.28735001552894,46.522502446627854,39.2615317173627,48.40835524613047,17.424585223659776,50.64182416423918,0.9327617248722636,High Risk
2026-01-14 17:00:00,1,44.61945712770958,46.959475111128825,43.67582182424796,39.30084985500693,45.90604379161412,17.424585223659776,50.64182416423918,0.8574300158262199,High Risk
2026-01-14 18:00:00,1,41.86034520016913,44.61945712770958,41.15044896420962,39.33042886483858,43.505673067014826,17.424585223659776,50.64182416423918,0.7851672170839646,High Risk
2026-01-14 19:00:00,1,39.226978932984224,41.86034520016913,39.73319071322826,39.30933670732841,41.20918790145988,17.424585223659776,50.64182416423918,0.7160318774331385,High Risk
2026-01-14 20:00:00,1,36.95461380302712,39.226978932984224,35.966738687586066,39.35049817047179,38.19164885846439,17.424585223659776,50.64182416423918,0.6251893195206386,Warning
2026-01-14 21:00:00,1,33.58736399934053,36.95461380302712,33.27591378526204,39.36347526272505,35.77910140113072,17.424585223659776,50.64182416423918,0.5525599420753916,Warning
2026-01-14 22:00:00,1,31.45150682818498,33.58736399934053,31.89156750223694,39.34513940130622,33.094564506933814,17.424585223659776,50.64182416423918,0.4717423636432543,Warning
2026-01-14 23:00:00,1,28.11792742305655,31.45150682818498,30.18706629243728,39.258925281748695,31.109054606635297,17.424585223659776,50.64182416423918,0.41196888746491156,Warning
2026-01-02 00:00:00,2,25.602973210852113,27.861129488427224,25.828409192798127,38.71923938233072,27.26054756577804,20.313624766792515,54.89879229242671,0.2008642170945772,Safe
2026-01-02 01:00:00,2,25.44996004574014,25.602973210852113,26.127753192379245,38.69099800122076,25.88021661712068,20.313624766792515,54.89879229242671,0.16095315094972754,Safe
2026-01-02 02:00:00,2,25.573606914122635,25.44996004574014,25.53760690428853,38.69249800163052,25.57786722016717,20.313624766792515,54.89879229242671,0.15221098169502487,Safe
2026-01-02 03:00:00,2,28.31546547226249,25.573606914122635,27.574394871907725,38.723375943311964,26.35580631042337,20.313624766792515,54.89879229242671,0.17470441235966366,Safe
2026-01-02 04:00:00,2,29.0053119615078,28.31546547226249,29.013902350765154,38.72301801042624,28.648573803130425,20.313624766792515,54.89879229242671,0.24099778580405432,Safe
2026-01-02 05:00:00,2,32.27364920070069,29.0053119615078,33.50644528218919,38.671651507030894,30.63835884718445,20.313624766792515,54.89879229242671,0.2985306858556823,Safe
2026-01-02 06:00:00,2,35.851246358811494,32.27364920070069,34.94381801059756,38.7094610215398,33.27608806839145,20.313624766792515,54.89879229242671,0.37479832697623794,Safe
2026-01-02 07:00:00,2,38.71542479353572,35.851246358811494,38.740652573570365,38.70840986403835,36.92401339313594,20.313624766792515,54.89879229242671,0.4802749078418386,Warning
2026-01-02 08:00:00,2,42.1368205975814,38.71542479353572,41.85960377698661,38.719960564896475,39.87160716405666,20.313624766792515,54.89879229242671,0.5655020123081939,Warning
2026-01-02 09:00:00,2,44.86080842706306,42.1368205975814,45.45291373071653,38.69528951057758,43.347346505508916,20.313624766792515,54.89879229242671,0.6659999855615574,Warning
2026-01-02 10:00:00,2,47.99824388420103,44.86080842706306,47.642462632577455,38.710113729395225,45.884956507772465,20.313624766792515,54.89879229242671,0.7393727667403651,High Risk
2026-01-02 11:00:00,2,50.75086604079627,47.99824388420103,49.73368234730754,38.75249638329059,48.66040423235892,20.313624766792515,54.89879229242671,0.8196224183368095,High Risk
2026-01-02 12:00:00,2,50.77075915988631,50.75086604079627,50.77375206598747,38.752371678869714,50.82359824564697,20.313624766792515,54.89879229242671,0.882169287573104,High Risk
2026-01-02 13:00:00,2,52.60369269110898,50.77075915988631,51.146826312643505,38.813074444639106,50.9642827629574,20.313624766792515,54.89879229242671,0.8862370577563303,High Risk
2026-01-02 14:00:00,2,51.16370878611708,52.60369269110898,52.03179066937169,38.776904366170164,52.47053963587355,20.313624766792515,54.89879229242671,0.9297891622313952,High Risk
2026-01-02 15:00:00,2,49.37058685854543,51.16370878611708,49.987787050641536,38.751187691499496,50.82581006965713,20.313624766792515,54.89879229242671,0.882233240536309,High Risk
2026-01-02 16:00:00,2,47.57869510607084,49.37058685854543,47.82728418306507,38.7408298132914,48.9093535474249,20.313624766792515,54.89879229242671,0.8268205707726277,High Risk
2026-01-02 17:00:00,2,45.06070581893404,47.57869510607084,45.33716128408958,38.72931083557659,46.880947268011354,20.313624766792515,54.89879229242671,0.7681709713667405,High Risk
2026-01-02 18:00:00,2,42.10640242161148,45.06070581893404,42.23626599133233,38.72389985350488,44.166841920537195,20.313624766792515,54.89879229242671,0.6896949811322997,Warning
2026-01-02 19:00:00,2,39.24715641766901,42.10640242161148,38.77500561661172,38.743572803548936,41.042972809748846,20.313624766792515,54.89879229242671,0.5993710288730251,Warning
2026-01-02 20:00:00,2,34.989671134203164,39.24715641766901,35.28086397629013,38.73143976846198,37.97027135136263,20.313624766792515,54.89879229242671,0.5105265446800753,Warning
2026-01-02 21:00:00,2,31.77185499261296,34.989671134203164,32.93698280720817,38.68289277618718,34.37295469565957,20.313624766792515,54.89879229242671,0.4065132693641905,Warning
2026-01-02 22:00:00,2,30.105292018488765,31.77185499261296,29.330686846130952,38.71516799170209,31.02644581896956,20.313624766792515,54.89879229242671,0.3097518823491291,Safe
2026-01-02 23:00:00,2,27.472366671714113,30.105292018488765,27.861129488427224,38.69896954100571,29.429450281646695,20.313624766792515,54.89879229242671,0.26357614848970934,Safe
2026-01-03 00:00:00,2,25.992216429670894,27.472366671714113,25.602973210852113,38.715188008456494,26.928163521992676,20.313624766792515,54.89879229242671,0.19125362220795683,Safe
2026-01-03 01:00:00,2,25.954795303485383,25.992216429670894,25.44996004574014,38.73622281086254,25.90393650768698,20.313624766792515,54.89879229242671,0.16163899090880468,Safe
2026-01-03 02:00:00,2,25.181050113932628,25.954795303485383,25.573606914122635,38.71986627752129,25.92166289082001,20.313624766792515,54.89879229242671,0.16215153382499412,Safe
2026-01-03 03:00:00,2,27.647952987403816,25.181050113932628,28.31546547226249,38.692053257318854,26.351556843476125,20.313624766792515,54.89879229242671,0.1745815427271477,Safe
2026-01-03 04:00:00,2,28.88783885906032,27.647952987403816,29.0053119615078,38.68715854471687,28.207338756866065,20.313624766792515,54.89879229242671,0.22823985906625857,Safe
2026-01-03 05:00:00,2,32.56794153251686,28.88783885906032,32.27364920070069,38.699420725209215,30.13950571157652,20.313624766792515,54.89879229242671,0.2841067822902512,Safe
2026-01-03 06:00:00,2,35.02889631792992,32.56794153251686,35.851246358811494,38.66515614017248,33.779739890750385,20.313624766792515,54.89879229242671,0.3893609803860552,Safe
2026-01-03 07:00:00,2,38.86334614135153,35.02889631792992,38.71542479353572,38.67131952966481,36.37541884346417,20.313624766792515,54.89879229242671,0.4644127746483816,Warning
2026-01-03 08:00:00,2,41.61786917951341,38.86334614135153,42.1368205975814,38.64969655391197,40.063565273497645,20.313624766792515,54.89879229242671,0.5710523137126443,Warning
2026-01-03 09:00:00,2,45.21459462791318,41.61786917951341,44.86080842706306,38.66443764561406,42.80404767292922,20.313624766792515,54.89879229242671,0.6502909734115369,Warning
2026-01-03 10:00:00,2,47.34260772479639,45.21459462791318,47.99824388420103,38.637119472305535,46.23896343958491,20.313624766792515,54.89879229242671,0.7496085685855999,High Risk
2026-01-03 11:00:00,2,50.454388839542375,47.34260772479639,50.75086604079627,38.62476625558662,48.57786749047935,20.313624766792515,54.89879229242671,0.8172359403927048,High Risk
2026-01-03 12:00:00,2,50.72909840878185,50.454388839542375,50.77075915988631,38.62303039095727,50.627904063242696,20.313624766792515,54.89879229242671,0.8765109608756576,High Risk
2026-01-03 13:00:00,2,51.01797058842689,50.72909840878185,52.60369269110898,38.55695863667885,51.435297473965115,20.313624766792515,54.89879229242671,0.8998560375412228,High Risk
2026-01-03 14:00:00,2,51.57426903462108,51.01797058842689,51.16370878611708,38.57406531369985,51.13237985810218,20.313624766792515,54.89879229242671,0.891097438732071,High Risk
2026-01-03 15:00:00,2,50.376293544297894,51.57426903462108,49.37058685854543,38.615969758939535,50.88425480562118,20.313624766792515,54.89879229242671,0.883923119130387,High Risk
2026-01-03 16:00:00,2,48.51806900114394,50.376293544297894,47.57869510607084,38.655110337900915,49.484674019758586,20.313624766792515,54.89879229242671,0.8434554607228463,High Risk
2026-01-03 17:00:00,2,45.452015735942176,48.51806900114394,45.06070581893404,38.671414917776254,47.40318023710719,20.313624766792515,54.89879229242671,0.7832708824372552,High Risk
2026-01-03 18:00:00,2,42.130004013725,45.452015735942176,42.10640242161148,38.67239831744765,44.379356380710455,20.313624766792515,54.89879229242671,0.6958396514991867,Warning
2026-01-03 19:00:00,2,38.84148178729915,42.130004013725,39.24715641766901,38.6554952078489,41.219984786903964,20.313624766792515,54.89879229242671,0.604489175890985,Warning
2026-01-03 20:00:00,2,35.492096833893626,38.84148178729915,34.989671134203164,38.67642961200267,37.60428849216249,20.313624766792515,54.89879229242671,0.49994446933385045,Warning
2026-01-03 21:00:00,2,32.12911135552894,35.492096833893626,31.77185499261296,38.69131529379084,34.30428246624067,20.313624766792515,54.89879229242671,0.4045276717121796,Warning
2026-01-03 22:00:00,2,30.286339255448897,32.12911135552894,30.105292018488765,38.69885892866418,31.526003963538834,20.313624766792515,54.89879229242671,0.32419617063412054,Safe
2026-01-03 23:00:00,2,27.80356304336827,30.286339255448897,27.472366671714113,38.71265877748311,29.415338728448145,20.313624766792515,54.89879229242671,0.2631681252300253,Safe
2026-01-04 00:00:00,2,26.557035259638717,27.80356304336827,25.992216429670894,38.736192895398425,27.278784490479048,20.313624766792515,54.89879229242671,0.20139152187516515,Safe
2026-01-04 01:00:00,2,21.059852740459306,26.557035259638717,25.954795303485383,38.532236955272346,26.447498789085095,20.313624766792515,54.89879229242671,0.17735562045176134,Safe
2026-01-04 02:00:00,2,20.93341961137358,21.059852740459306,25.181050113932628,38.355252350999045,22.573299870384048,20.313624766792515,54.89879229242671,0.06533653585977711,Safe
2026-01-04 03:00:00,2,22.876543355750165,20.93341961137358,27.647952987403816,38.15644361634681,23.33416866354184,20.313624766792515,54.89879229242671,0.08733639376400683,Safe
2026-01-04 04:00:00,2,24.18836995158478,22.876543355750165,28.88783885906032,37.960632411868666,25.034190423890195,20.313624766792515,54.89879229242671,0.1364910410541687,Safe
2026-01-04 05:00:00,2,26.991511899645847,24.18836995158478,32.56794153251686,37.728281177165705,27.154452564069373,20.313624766792515,54.89879229242671,0.19779657260326786,Safe
2026-01-04 06:00:00,2,29.062899680609902,26.991511899645847,35.02889631792992,37.479697983944035,29.83687949327753,20.313624766792515,54.89879229242671,0.2753566089876494,Safe
2026-01-04 07:00:00,2,31.168367852191093,29.062899680609902,38.86334614135153,37.159073888562354,32.508677872965464,20.313624766792515,54.89879229242671,0.3526093301275688,Safe
2026-01-04 08:00:00,2,34.332856319304696,31.168367852191093,41.61786917951341,36.85553168605366,34.83342892498172,20.313624766792515,54.89879229242671,0.41982748030929107,Warning
2026-01-04 09:00:00,2,37.281835130993265,34.332856319304696,45.21459462791318,36.52500004034866,38.14164832139895,20.313624766792515,54.89879229242671,0.5154817603792352,Warning
2026-01-04 10:00:00,2,38.725472283685406,37.281835130993265,47.34260772479639,36.16595273030237,40.80593963416419,20.313624766792515,54.89879229242671,0.5925174212230011,Warning
2026-01-04 11:00:00,2,40.650817369759885,38.725472283685406,50.454388839542375,35.75747058572809,42.81833680255836,20.313624766792515,54.89879229242671,0.6507041311389179,Warning
2026-01-04 12:00:00,2,41.22898667848041,40.650817369759885,50.72909840878185,35.36163259696554,44.17651420649629,20.313624766792515,54.89879229242671,0.6899746468494676,Warning
2026-01-04 13:00:00,2,42.220405435067555,41.22898667848041,51.01797058842689,34.99506738224223,44.654965206643766,20.313624766792515,54.89879229242671,0.7038086404526173,High Risk
2026-01-04 14:00:00,2,42.293747865379295,42.220405435067555,51.57426903462108,34.60837900019049,45.496242630443895,20.313624766792515,54.89879229242671,0.7281334438196033,High Risk
2026-01-04 15:00:00,2,40.62689749498587,42.293747865379295,50.376293544297894,34.20215416480249,45.13459272285941,20.313624766792515,54.89879229242671,0.7176766519923079,High Risk
2026-01-04 16:00:00,2,39.2843976562414,40.62689749498587,48.51806900114394,33.817417858764884,43.404451928795766,20.313624766792515,54.89879229242671,0.667651139097054,Warning
2026-01-04 17:00:00,2,37.65721535843168,39.2843976562414,45.452015735942176,33.492634509701944,41.47410542359985,20.313624766792515,54.89879229242671,0.611836852583887,Warning
2026-01-04 18:00:00,2,35.27375572806662,37.65721535843168,42.130004013725,33.206957497799515,39.26927401253627,20.313624766792515,54.89879229242671,0.5480860742862655,Warning
2026-01-04 19:00:00,2,31.65068692871371,35.27375572806662,38.84148178729915,32.90734104535846,36.57931835507079,20.313624766792515,54.89879229242671,0.4703083512871218,Warning
2026-01-04 20:00:00,2,29.255317693090287,31.65068692871371,35.492096833893626,32.64747524782498,33.05460085877468,20.313624766792515,54.89879229242671,0.36839421738074435,Safe
2026-01-04 21:00:00,2,26.716341771029754,29.255317693090287,32.12911135552894,32.42194318180419,30.331352582642367,20.313624766792515,54.89879229242671,0.28965386733405124,Safe
2026-01-04 22:00:00,2,24.70226626949849,26.716341771029754,30.286339255448897,32.18927347405625,28.033850087355766,20.313624766792515,54.89879229242671,0.22322358541757847,Safe
2026-01-04 23:00:00,2,23.041056554468692,24.70226626949849,27.80356304336827,31.990835703685434,25.862068567465926,20.313624766792515,54.89879229242671,0.1604284159136295,Safe
2026-01-05 00:00:00,2,22.163476213334313,23.041056554468692,26.557035259638717,31.807770743422747,24.344882732130152,20.313624766792515,54.89879229242671,0.11656031001698626,Safe
2026-01-05 01:00:00,2,21.42501897035968,22.163476213334313,21.059852740459306,31.82298600300193,21.88815905551109,20.313624766792515,54.89879229242671,0.045526286435514825,Safe
2026-01-05 02:00:00,2,21.155824011531703,21.42501897035968,20.93341961137358,31.832252853008523,21.360028828562783,20.313624766792515,54.89879229242671,0.030255861294840394,Safe
2026-01-05 03:00:00,2,23.22624973697466,21.155824011531703,22.876543355750165,31.846823952226206,21.84798246614649,20.313624766792515,54.89879229242671,0.04436461537600213,Safe
2026-01-05 04:00:00,2,24.85363680406183,23.22624973697466,24.18836995158478,31.87454340441275,23.656201899092235,20.313624766792515,54.89879229242671,0.09664770405332083,Safe
2026-01-05 05:00:00,2,26.713476403915315,24.85363680406183,26.991511899645847,31.86295859209065,25.683671085257345,20.313624766792515,54.89879229242671,0.15527020822479448,Safe
2026-01-05 06:00:00,2,29.501806154072703,26.713476403915315,29.062899680609902,31.881246361818267,27.613450420825977,20.313624766792515,54.89879229242671,0.2110680955225909,Safe
2026-01-05 07:00:00,2,31.793479249417658,29.501806154072703,31.168367852191093,31.90729267003604,30.16454545961566,20.313624766792515,54.89879229242671,0.28483078477763485,Safe
2026-01-05 08:00:00,2,34.67118369109427,31.793479249417658,34.332856319304696,31.921389643860604,32.75180314033119,20.313624766792515,54.89879229242671,0.3596390853009612,Safe
2026-01-05 09:00:00,2,37.31188245117857,34.67118369109427,37.281835130993265,31.92264161553499,35.65013352909326,20.313624766792515,54.89879229242671,0.443441782015128,Warning
2026-01-05 10:00:00,2,39.647364666422284,37.31188245117857,38.725472283685406,31.961053798149024,37.87789102084299,20.313624766792515,54.89879229242671,0.5078554479511068,Warning
2026-01-05 11:00:00,2,40.81927993352812,39.647364666422284,40.650817369759885,31.96807307163937,40.07002403334333,20.313624766792515,54.89879229242671,0.5712390631234763,Warning
2026-01-05 12:00:00,2,41.746761101459356,40.81927993352812,41.22898667848041,31.989647005930156,41.03729921005821,20.313624766792515,54.89879229242671,0.5992069816836516,Warning
2026-01-05 13:00:00,2,42.5406474214951,41.746761101459356,42.220405435067555,32.00299042203131,41.9854418604579,20.313624766792515,54.89879229242671,0.6266216999232616,Warning
2026-01-05 14:00:00,2,42.457193150795256,42.5406474214951,42.293747865379295,32.00980064225697,42.53180601962958,20.313624766792515,54.89879229242671,0.6424193433196418,Warning
2026-01-05 15:00:00,2,40.395828872541806,42.457193150795256,40.62689749498587,32.00017278298847,41.90680732374803,20.313624766792515,54.89879229242671,0.6243480508400836,Warning
2026-01-05 16:00:00,2,39.02582703138861,40.395828872541806,39.2843976562414,31.989399006952933,40.09404493801573,20.313624766792515,54.89879229242671,0.571933606643037,Warning
2026-01-05 17:00:00,2,37.352156700878936,39.02582703138861,37.65721535843168,31.976688229554906,38.63785401257142,20.313624766792515,54.89879229242671,0.5298291153965943,Warning
2026-01-05 18:00:00,2,34.92861840038447,37.352156700878936,35.27375572806662,31.962307507568145,36.72356100782134,20.313624766792515,54.89879229242671,0.4744790018549696,Warning
2026-01-05 19:00:00,2,32.30085953847569,34.92861840038447,31.65068692871371,31.9893980329749,33.89284644011448,20.313624766792515,54.89879229242671,0.3926313576658497,Safe
2026-01-05 20:00:00,2,28.800504545696253,32.30085953847569,29.255317693090287,31.970447485166815,31.34801379422848,20.313624766792515,54.89879229242671,0.3190497400426828,Safe
2026-01-05 21:00:00,2,26.228913432253822,28.800504545696253,26.716341771029754,31.95013797105115,28.181098989243758,20.313624766792515,54.89879229242671,0.2274811590586857,Safe
2026-01-05 22:00:00,2,25.30751814609002,26.228913432253822,24.70226626949849,31.975356799242462,25.803580951143864,20.313624766792515,54.89879229242671,0.15873729747137844,Safe
2026-01-05 23:00:00,2,22.70663285970205,25.30751814609002,23.041056554468692,31.961422478627185,24.630310067262258,20.313624766792515,54.89879229242671,0.12481319260509768,Safe
2026-01-06 00:00:00,2,21.87791155654773,22.70663285970205,22.163476213334313,31.94952395126108,22.62233313851803,20.313624766792515,54.89879229242671,0.06675429006553266,Safe
2026-01-06 01:00:00,2,27.355838827250295,21.87791155654773,21.42501897035968,32.19664144529819,21.825571264038146,20.313624766792515,54.89879229242671,0.04371661500290193,Safe
2026-01-06 02:00:00,2,28.026324376866445,27.355838827250295,21.155824011531703,32.4829122938538,25.33035456796976,20.313624766792515,54.89879229242671,0.14505436911371108,Safe
2026-01-06 03:00:00,2,29.5302272949195,28.026324376866445,23.22624973697466,32.74557802543484,26.47886117559419,20.313624766792515,54.89879229242671,0.17826243651905474,Safe
2026-01-06 04:00:00,2,30.231131475064135,29.5302272949195,24.85363680406183,32.96964030339327,28.02304314490805,20.313624766792515,54.89879229242671,0.22291111209712305,Safe
2026-01-06 05:00:00,2,32.734027463940365,30.231131475064135,26.713476403915315,33.220496597560974,29.119484982737372,20.313624766792515,54.89879229242671,0.2546137720687421,Safe
2026-01-06 06:00:00,2,31.379440288091025,32.734027463940365,29.501806154072703,33.29873135314507,31.71675644725122,20.313624766792515,54.89879229242671,0.32971161242157354,Safe
2026-01-06 07:00:00,2,31.78599272733558,31.379440288091025,31.793479249417658,33.29841941472499,31.611261910334296,20.313624766792515,54.89879229242671,0.3266613298462918,Safe
2026-01-06 08:00:00,2,34.776822133573894,31.78599272733558,34.67118369109427,33.302821016494974,32.86262354336156,20.313624766792515,54.89879229242671,0.36284336065235145,Safe
2026-01-06 09:00:00,2,37.31785690708234,34.776822133573894,37.31188245117857,33.30306995215763,35.729775638290896,20.313624766792515,54.89879229242671,0.4457445641784882,Warning
2026-01-06 10:00:00,2,39.47593870015558,37.31785690708234,39.647364666422284,33.29592720356319,38.19717789584347,20.313624766792515,54.89879229242671,0.5170873496191246,Warning
2026-01-06 11:00:00,2,40.79531869586382,39.47593870015558,40.81927993352812,33.2949288186605,40.01509198911473,20.313624766792515,54.89879229242671,0.5696507509489126,Warning
2026-01-06 12:00:00,2,41.781115279100526,40.79531869586382,41.746761101459356,33.29636024272889,41.198687961726066,20.313624766792515,54.89879229242671,0.6038733967554254,Warning
2026-01-06 13:00:00,2,41.992543053826665,41.781115279100526,42.5406474214951,33.2735225607427,42.11754864273114,20.313624766792515,54.89879229242671,0.630441452375106,Warning
2026-01-06 14:00:00,2,41.74177669239993,41.992543053826665,42.457193150795256,33.2437135416429,42.22782625349755,20.313624766792515,54.89879229242671,0.6336300333613363,Warning
2026-01-06 15:00:00,2,41.236442936165346,41.74177669239993,40.395828872541806,33.27873912762721,41.35801188874447,20.313624766792515,54.89879229242671,0.6084801092223696,Warning
2026-01-06 16:00:00,2,38.95117003299235,41.236442936165346,39.02582703138861,33.2756284193607,40.55754916456712,20.313624766792515,54.89879229242671,0.5853354273167702,Warning
2026-01-06 17:00:00,2,37.04992529039718,38.95117003299235,37.352156700878936,33.26303544392396,38.484477895144835,20.313624766792515,54.89879229242671,0.5253943786592874,Warning
2026-01-06 18:00:00,2,34.35386803279149,37.04992529039718,34.92861840038447,33.239087511940916,36.407046656127335,20.313624766792515,54.89879229242671,0.4653272652815478,Warning
2026-01-06 19:00:00,2,31.354692326210156,34.35386803279149,32.30085953847569,33.19966387809652,33.73787188609332,20.313624766792515,54.89879229242671,0.38815040352776903,Safe
2026-01-06 20:00:00,2,29.74222344798819,31.354692326210156,28.800504545696253,33.23890216569202,30.57116548255836,20.313624766792515,54.89879229242671,0.296587848290028,Safe
2026-01-06 21:00:00,2,27.05035439651675,29.74222344798819,26.228913432253822,33.27312887253631,28.632701422756313,20.313624766792515,54.89879229242671,0.24053884976150336,Safe
2026-01-06 22:00:00,2,23.793934972264477,27.05035439651675,25.30751814609002,33.21006290696024,26.54999514109613,20.313624766792515,54.89879229242671,0.18031921312400942,Safe
2026-01-06 23:00:00,2,22.12043056739348,23.793934972264477,22.70663285970205,33.185637811447386,23.522073092683183,20.313624766792515,54.89879229242671,0.09276948653618955,Safe
2026-01-07 00:00:00,2,21.653388528164598,22.12043056739348,21.87791155654773,33.17628268526476,22.139739036738415,20.313624766792515,54.89879229242671,0.05280050229023468,Safe
2026-01-07 01:00:00,2,19.936892803337336,21.653388528164598,27.355838827250295,32.86715993426838,23.706981208493005,20.313624766792515,54.89879229242671,0.09811594352028,Safe
2026-01-07 02:00:00,2,19.539567619656115,19.936892803337336,28.026324376866445,32.51354506938462,22.80927216535652,20.313624766792515,54.89879229242671,0.07215946907167033,Safe
2026-01-07 03:00:00,2,21.594961243978904,19.539567619656115,29.5302272949195,32.18290898392876,23.06284391066042,20.313624766792515,54.89879229242671,0.07949127504844192,Safe
2026-01-07 04:00:00,2,22.843101069427092,21.594961243978904,30.231131475064135,31.875074383693885,24.652206743029332,20.313624766792515,54.89879229242671,0.12544631589755306,Safe
2026-01-07 05:00:00,2,24.939907231904947,22.843101069427092,32.734027463940365,31.550319374025737,26.327948679009985,20.313624766792515,54.89879229242671,0.1738989332308649,Safe
2026-01-07 06:00:00,2,27.513171615494738,24.939907231904947,31.379440288091025,31.389224846000896,27.241354219839373,20.313624766792515,54.89879229242671,0.20030925822761544,Safe
2026-01-07 07:00:00,2,29.37964721564291,27.513171615494738,31.78599272733558,31.288960449680363,29.070064170587848,20.313624766792515,54.89879229242671,0.2531848123655996,Safe
2026-01-07 08:00:00,2,32.19639596897958,29.37964721564291,34.776822133573894,31.18144269282227,31.31872639568238,20.313624766792515,54.89879229242671,0.31820292044357074,Safe
2026-01-07 09:00:00,2,33.656640884153646,32.19639596897958,37.31785690708234,31.028892025200246,34.03748173629405,20.313624766792515,54.89879229242671,0.39681336117617994,Safe
2026-01-07 10:00:00,2,36.89372184980652,33.656640884153646,39.47593870015558,30.921299656435696,35.73453915317768,20.313624766792515,54.89879229242671,0.44588229705907984,Warning
2026-01-07 11:00:00,2,37.855313387797075,36.89372184980652,40.79531869586382,30.79879943526625,38.311381801634525,20.313624766792515,54.89879229242671,0.5203894560034381,Warning
2026-01-07 12:00:00,2,38.82014728932308,37.855313387797075,41.781115279100526,30.675425769025523,39.279998463968106,20.313624766792515,54.89879229242671,0.5483961624509043,Warning
2026-01-07 13:00:00,2,39.28709774271025,38.82014728932308,41.992543053826665,30.562698881062335,39.98584547098079,20.313624766792515,54.89879229242671,0.5688051133712827,Warning
2026-01-07 14:00:00,2,38.991037272258254,39.28709774271025,41.74177669239993,30.448084738556435,40.20666755755374,20.313624766792515,54.89879229242671,0.5751899915137524,Warning
2026-01-07 15:00:00,2,38.28388696426393,38.991037272258254,41.236442936165346,30.32506157306054,39.8394045953285,20.313624766792515,54.89879229242671,0.5645709031044237,Warning
2026-01-07 16:00:00,2,36.63697905219723,38.28388696426393,38.95117003299235,30.22863694886075,38.593327854171974,20.313624766792515,54.89879229242671,0.5285416803399619,Warning
2026-01-07 17:00:00,2,35.05521343350087,36.63697905219723,37.04992529039718,30.145523954823403,36.86156501758226,20.313624766792515,54.89879229242671,0.4784692674990023,Warning
2026-01-07 18:00:00,2,32.32212575971607,35.05521343350087,34.35386803279149,30.060868026778593,34.900683285149505,20.313624766792515,54.89879229242671,0.42177208150786377,Warning
2026-01-07 19:00:00,2,30.41919854058603,32.32212575971607,31.354692326210156,30.02188911904425,32.080138419856716,20.313624766792515,54.89879229242671,0.340218485399109,Safe
2026-01-07 20:00:00,2,27.190142831535727,30.41919854058603,29.74222344798819,29.91555242669207,30.27905574266021,20.313624766792515,54.89879229242671,0.28814174979316387,Safe
2026-01-07 21:00:00,2,24.21216639662252,27.190142831535727,27.05035439651675,29.797294593363137,27.237977000540916,20.313624766792515,54.89879229242671,0.20021160887552528,Safe
2026-01-07 22:00:00,2,23.25567396251599,24.21216639662252,23.793934972264477,29.774867051290286,24.16863656548678,20.313624766792515,54.89879229242671,0.11146430574241574,Safe
2026-01-07 23:00:00,2,21.078338401416417,23.25567396251599,22.12043056739348,29.731446544374577,22.96811468041588,20.313624766792515,54.89879229242671,0.07675226193146588,Safe
2026-01-08 00:00:00,2,20.350549784844098,21.078338401416417,21.653388528164598,29.677161596736223,21.378683692320877,20.313624766792515,54.89879229242671,0.030795250418946218,Safe
2026-01-08 01:00:00,2,23.046518657488555,20.350549784844098,19.936892803337336,29.80672934065919,20.313624766792515,20.313624766792515,54.89879229242671,0.0,Safe
2026-01-08 02:00:00,2,23.607279586487344,23.046518657488555,19.539567619656115,29.976217339277156,21.947910803189803,20.313624766792515,54.89879229242671,0.04725395613399921,Safe
2026-01-08 03:00:00,2,24.304371135833705,23.607279586487344,21.594961243978904,30.08910941810444,23.019228725311827,20.313624766792515,54.89879229242671,0.07823017998347888,Safe
2026-01-08 04:00:00,2,25.830363952893997,24.304371135833705,22.843101069427092,30.213578704915562,23.903914875110274,20.313624766792515,54.89879229242671,0.10381010882328566,Safe
2026-01-08 05:00:00,2,27.81228398700806,25.830363952893997,24.939907231904947,30.333261069711526,25.6231817555439,20.313624766792515,54.89879229242671,0.1535212119847267,Safe
2026-01-08 06:00:00,2,30.14206445278911,27.81228398700806,27.513171615494738,30.442798271265456,27.804804114936907,20.313624766792515,54.89879229242671,0.2166009207846422,Safe
2026-01-08 07:00:00,2,32.71432707631231,30.14206445278911,29.37964721564291,30.581743265460016,29.973055025444175,20.313624766792515,54.89879229242671,0.27929400579592906,Safe
2026-01-08 08:00:00,2,35.233170479172436,32.71432707631231,32.19639596897958,30.70827553671805,32.625595090595596,20.313624766792515,54.89879229242671,0.35598988955851313,Safe
2026-01-08 09:00:00,2,36.42210803001894,35.233170479172436,33.656640884153646,30.823503334462433,34.77902218348566,20.313624766792515,54.89879229242671,0.418254356805332,Warning
2026-01-08 10:00:00,2,39.6628497034004,36.42210803001894,36.89372184980652,30.938883661695513,36.66704363266434,20.313624766792515,54.89879229242671,0.4728448512185455,Warning
2026-01-08 11:00:00,2,41.36541150148004,39.6628497034004,37.855313387797075,31.08513774976564,39.123896491862105,20.313624766792515,54.89879229242671,0.5438826100016716,Warning
2026-01-08 12:00:00,2,41.85040614414191,41.36541150148004,38.82014728932308,31.211398535383093,40.57187181354092,20.313624766792515,54.89879229242671,0.5857495542267833,Warning
2026-01-08 13:00:00,2,42.55636217554614,41.85040614414191,39.28709774271025,31.347617886751255,41.05006085188118,20.313624766792515,54.89879229242671,0.5995759734326295,Warning
2026-01-08 14:00:00,2,42.425647466131245,42.55636217554614,38.991037272258254,31.490726644829294,41.412322407416426,20.313624766792515,54.89879229242671,0.6100504505272472,Warning
2026-01-08 15:00:00,2,41.854860646443704,42.425647466131245,38.28388696426393,31.63951721492012,41.08458931444065,20.313624766792515,54.89879229242671,0.6005743338290486,Warning
2026-01-08 16:00:00,2,39.83930864591928,41.854860646443704,36.63697905219723,31.772947614658534,40.146424412392605,20.313624766792515,54.89879229242671,0.5734481134854152,Warning
2026-01-08 17:00:00,2,36.778698730831344,39.83930864591928,35.05521343350087,31.844759502047307,38.281894073167464,20.313624766792515,54.89879229242671,0.5195368440392893,Warning
2026-01-08 18:00:00,2,35.21213481274955,36.778698730831344,32.32212575971607,31.9651765459237,35.337318585640546,20.313624766792515,54.89879229242671,0.434397010606226,Warning
2026-01-08 19:00:00,2,32.64057928587156,35.21213481274955,30.41919854058603,32.05773407697727,33.657734997611286,20.313624766792515,54.89879229242671,0.38583331525269987,Safe
2026-01-08 20:00:00,2,30.25732390925796,32.64057928587156,27.190142831535727,32.185533288549024,30.864615900911573,20.313624766792515,54.89879229242671,0.30507271133574976,Safe
2026-01-08 21:00:00,2,28.103394474728873,30.25732390925796,24.21216639662252,32.34766779180345,28.28102688448852,20.313624766792515,54.89879229242671,0.23037048704246277,Safe
2026-01-08 22:00:00,2,26.369803489797796,28.103394474728873,23.25567396251599,32.477423188773535,26.53953182904476,20.313624766792515,54.89879229242671,0.1800166755769214,Safe
2026-01-08 23:00:00,2,24.516086878740673,26.369803489797796,21.078338401416417,32.620662708662046,24.65640582909497,20.313624766792515,54.89879229242671,0.12556772881079442,Safe
2026-01-09 00:00:00,2,27.967652144676098,24.516086878740673,20.350549784844098,32.93804197365504,23.19026973969701,20.313624766792515,54.89879229242671,0.08317568181783912,Safe
2026-01-09 01:00:00,2,27.977182898661518,27.967652144676098,23.046518657488555,33.14348631703725,26.378853310605408,20.313624766792515,54.89879229242671,0.17537079627983895,Safe
2026-01-09 02:00:00,2,28.08216001588934,27.977182898661518,23.607279586487344,33.329939668262334,26.576938256692166,20.313624766792515,54.89879229242671,0.18109824982513367,Safe
2026-01-09 03:00:00,2,29.068651534588117,28.08216001588934,24.304371135833705,33.52845135154377,26.884330815731495,20.313624766792515,54.89879229242671,0.18998623771541942,Safe
2026-01-09 04:00:00,2,31.146173221295353,29.068651534588117,25.830363952893997,33.749943404393825,28.054089197612797,20.313624766792515,54.89879229242671,0.2238087816482121,Safe
2026-01-09 05:00:00,2,33.93514950685599,31.146173221295353,27.81228398700806,34.00506280105416,30.09619568792667,20.313624766792515,54.89879229242671,0.28285451070979767,Safe
2026-01-09 06:00:00,2,36.91053953889497,33.93514950685599,30.14206445278911,34.287082596308565,32.7244487366457,20.313624766792515,54.89879229242671,0.35884815656325053,Safe
2026-01-09 07:00:00,2,38.86334966440167,36.91053953889497,32.71432707631231,34.54329187081229,35.558052301248196,20.313624766792515,54.89879229242671,0.440779333579267,Warning
2026-01-09 08:00:00,2,43.01109651909698,38.86334966440167,35.233170479172436,34.86737212247581,37.70194424991496,20.313624766792515,54.89879229242671,0.502768100442662,Warning
2026-01-09 09:00:00,2,46.22553334003344,43.01109651909698,36.42210803001894,35.27584817705975,40.83211847286812,20.313624766792515,54.89879229242671,0.5932743595240108,Warning
2026-01-09 10:00:00,2,48.08704666442283,46.22553334003344,39.6628497034004,35.62685638376902,44.05135843558321,20.313624766792515,54.89879229242671,0.6863558768319002,Warning
2026-01-09 11:00:00,2,50.457226107554526,48.08704666442283,41.36541150148004,36.005681992355456,45.856067552839406,20.313624766792515,54.89879229242671,0.7385374677910006,High Risk
2026-01-09 12:00:00,2,51.25573553149113,50.457226107554526,41.85040614414191,36.397570716828334,47.57826334983126,20.313624766792515,54.89879229242671,0.7883332580215839,High Risk
2026-01-09 13:00:00,2,51.12596984837663,51.25573553149113,42.55636217554614,36.75463770319627,48.34406963365989,20.313624766792515,54.89879229242671,0.8104758791645466,High Risk
2026-01-09 14:00:00,2,51.27897062028771,51.12596984837663,42.425647466131245,37.1235261679528,48.2141486676413,20.313624766792515,54.89879229242671,0.8067193276843275,High Risk
2026-01-09 15:00:00,2,50.20689240591059,51.27897062028771,41.854860646443704,37.47152749126391,48.11935411155268,20.313624766792515,54.89879229242671,0.8039784257275145,High Risk
2026-01-09 16:00:00,2,48.08297138308129,50.20689240591059,39.83930864591928,37.815013438645664,46.7259284999231,20.313624766792515,54.89879229242671,0.7636887388174511,High Risk
2026-01-09 17:00:00,2,46.11412629072772,48.08297138308129,36.778698730831344,38.20398958697468,44.28435388686049,20.313624766792515,54.89879229242671,0.6930927372032638,Warning
2026-01-09 18:00:00,2,42.715667368303436,46.11412629072772,35.21213481274955,38.516636776789426,42.45569209146855,20.313624766792515,54.89879229242671,0.6402185754354369,Warning
2026-01-09 19:00:00,2,39.5860242602215,42.715667368303436,32.64057928587156,38.80603031738734,39.34453848639324,20.313624766792515,54.89879229242671,0.5502622809397385,Warning
2026-01-09 20:00:00,2,36.65112637011328,39.5860242602215,30.25732390925796,39.072438753256314,36.4743067886709,20.313624766792515,54.89879229242671,0.46727203338333434,Warning
2026-01-09 21:00:00,2,32.892905198365106,36.65112637011328,28.103394474728873,39.27200170007449,33.81039562585368,20.313624766792515,54.89879229242671,0.3902473642439385,Safe
2026-01-09 22:00:00,2,30.998346585567752,32.892905198365106,26.369803489797796,39.46485766239824,30.749671633413712,20.313624766792515,54.89879229242671,0.30174919803805783,Safe
2026-01-09 23:00:00,2,28.83210110752761,30.998346585567752,24.516086878740673,39.64469158859769,28.871557062071325,20.313624766792515,54.89879229242671,0.24744515236164755,Safe
2026-01-10 00:00:00,2,28.6520494292613,28.83210110752761,27.967652144676098,39.67320814212207,28.629898025030524,20.313624766792515,54.89879229242671,0.24045779195998618,Safe
2026-01-10 01:00:00,2,27.52410866867115,28.6520494292613,27.977182898661518,39.654330049205804,28.51493432236567,20.313624766792515,54.89879229242671,0.23713371671138228,Safe
2026-01-10 02:00:00,2,28.250052549452928,27.52410866867115,28.08216001588934,39.66132557143762,27.810226291298534,20.313624766792515,54.89879229242671,0.2167576982876232,Safe
2026-01-10 03:00:00,2,28.985773376828327,28.250052549452928,29.068651534588117,39.6578723148643,28.624351702340626,20.313624766792515,54.89879229242671,0.24029742487414163,Safe
2026-01-10 04:00:00,2,30.453642615782794,28.985773376828327,31.146173221295353,39.629016872967945,29.818119957584702,20.313624766792515,54.89879229242671,0.2748141933657934,Safe
2026-01-10 05:00:00,2,34.23952535876383,30.453642615782794,33.93514950685599,39.641699200130766,31.736002056483386,20.313624766792515,54.89879229242671,0.33026808243610883,Safe
2026-01-10 06:00:00,2,36.40689630874359,34.23952535876383,36.91053953889497,39.62071406554113,35.23968765851051,20.313624766792515,54.89879229242671,0.43157409745321734,Warning
2026-01-10 07:00:00,2,39.910352201839245,36.40689630874359,38.86334966440167,39.6643391712677,37.33083220096682,20.313624766792515,54.89879229242671,0.4920377190459925,Warning
2026-01-10 08:00:00,2,42.71461387895111,39.910352201839245,43.01109651909698,39.651985727928285,41.050116744437474,20.313624766792515,54.89879229242671,0.5995775895171732,Warning
2026-01-10 09:00:00,2,45.699895265064896,42.71461387895111,46.22553334003344,39.630084141471265,43.991032513413565,20.313624766792515,54.89879229242671,0.684611605378519,Warning
2026-01-10 10:00:00,2,47.9814993897942,45.699895265064896,48.08704666442283,39.62568633836173,46.587995397778045,20.313624766792515,54.89879229242671,0.7597005234053209,High Risk
2026-01-10 11:00:00,2,50.573220497929285,47.9814993897942,50.457226107554526,39.630519437960686,48.896921832730456,20.313624766792515,54.89879229242671,0.8264611185789734,High Risk
2026-01-10 12:00:00,2,51.71831263421806,50.573220497929285,51.25573553149113,39.64979348390764,50.8718326166466,20.313624766792515,54.89879229242671,0.883563942364619,High Risk
2026-01-10 13:00:00,2,51.56275270961877,51.71831263421806,51.12596984837663,39.667992769792725,51.579322685219395,20.313624766792515,54.89879229242671,0.9040204009777499,High Risk
2026-01-10 14:00:00,2,51.36210408083325,51.56275270961877,51.27897062028771,39.67145666398213,51.5295192468395,20.313624766792515,54.89879229242671,0.9025803779706918,High Risk
2026-01-10 15:00:00,2,49.44506122244019,51.36210408083325,50.20689240591059,39.63971369800419,51.03103099521546,20.313624766792515,54.89879229242671,0.8881670247075852,High Risk
2026-01-10 16:00:00,2,48.240965521209006,49.44506122244019,48.08297138308129,39.646296787092844,49.045720594361256,20.313624766792515,54.89879229242671,0.83076350506353,High Risk
2026-01-10 17:00:00,2,46.08594457444308,48.240965521209006,46.11412629072772,39.64512254891432,47.58158842677291,20.313624766792515,54.89879229242671,0.7884293997228795,High Risk
2026-01-10 18:00:00,2,42.46920352594437,46.08594457444308,42.715667368303436,39.63485322214936,45.00402074443894,20.313624766792515,54.89879229242671,0.7139012770559767,High Risk
2026-01-10 19:00:00,2,39.88184593559454,42.46920352594437,39.5860242602215,39.6471791252899,41.55862813566056,20.313624766792515,54.89879229242671,0.6142807531246076,Warning
2026-01-10 20:00:00,2,36.9041583671695,39.88184593559454,36.65112637011328,39.65772212516725,38.85575969544101,20.313624766792515,54.89879229242671,0.5361296682682127,Warning
2026-01-10 21:00:00,2,33.72801560886133,36.9041583671695,32.892905198365106,39.69251839227126,35.61495094138192,20.313624766792515,54.89879229242671,0.4424245081601441,Warning
2026-01-10 22:00:00,2,31.447797370180254,33.72801560886133,30.998346585567752,39.71124550829678,32.88136203169646,20.313624766792515,54.89879229242671,0.3633851677082001,Safe
2026-01-10 23:00:00,2,29.065861095145507,31.447797370180254,28.83210110752761,39.72098550778085,30.64310798701731,20.313624766792515,54.89879229242671,0.29866800309412056,Safe
2026-01-11 00:00:00,2,29.616449688058644,29.065861095145507,28.6520494292613,39.76116885189741,29.017508410365032,20.313624766792515,54.89879229242671,0.2516652083716545,Safe
2026-01-11 01:00:00,2,28.63032712177926,29.616449688058644,27.52410866867115,39.80726128744358,28.993181563395588,20.313624766792515,54.89879229242671,0.25096181879726476,Safe
2026-01-11 02:00:00,2,29.62990080055848,28.63032712177926,28.250052549452928,39.86475496457298,28.594015351585952,20.313624766792515,54.89879229242671,0.23942027573629115,Safe
2026-01-11 03:00:00,2,31.03996289144955,29.62990080055848,28.985773376828327,39.95034619434887,29.50202478984206,20.313624766792515,54.89879229242671,0.26567457713092224,Safe
2026-01-11 04:00:00,2,32.021265658563784,31.03996289144955,30.453642615782794,40.015663821131405,30.930021403466558,20.313624766792515,54.89879229242671,0.3069638544280989,Safe
2026-01-11 05:00:00,2,35.774372586714875,32.021265658563784,34.23952535876383,40.0796157889627,32.86944336911037,20.313624766792515,54.89879229242671,0.3630405499690309,Safe
2026-01-11 06:00:00,2,37.88420268848127,35.774372586714875,36.40689630874359,40.141170221451766,36.0751981670919,20.313624766792515,54.89879229242671,0.45573215549367807,Warning
2026-01-11 07:00:00,2,41.416782866075074,37.88420268848127,39.910352201839245,40.20393816579493,38.659010726981336,20.313624766792515,54.89879229242671,0.5304408433514325,Warning
2026-01-11 08:00:00,2,44.447508506090585,41.416782866075074,42.71461387895111,40.27614210859241,41.93783478456013,20.313624766792515,54.89879229242671,0.6252451828228034,Warning
2026-01-11 09:00:00,2,48.173264289595664,44.447508506090585,45.699895265064896,40.37919915128119,44.949059165963334,20.313624766792515,54.89879229242671,0.7123121109244059,High Risk
2026-01-11 10:00:00,2,50.9640681608658,48.173264289595664,47.9814993897942,40.503472850075845,48.175932146143616,20.313624766792515,54.89879229242671,0.805614330278594,High Risk
2026-01-11 11:00:00,2,52.86755189130856,50.9640681608658,50.573220497929285,40.59906999146664,50.89499072516914,20.313624766792515,54.89879229242671,0.8842335388856066,High Risk
2026-01-11 12:00:00,2,54.05634044168793,52.86755189130856,51.71831263421806,40.69648781677788,52.53655704116592,20.313624766792515,54.89879229242671,0.9316979979579998,High Risk
2026-01-11 13:00:00,2,54.87642105398268,54.05634044168793,51.56275270961877,40.83455733112638,53.263914901642465,20.313624766792515,54.89879229242671,0.9527289164552577,High Risk
2026-01-11 14:00:00,2,54.12080411278275,54.87642105398268,51.36210408083325,40.949503165790944,53.73375077347774,20.313624766792515,54.89879229242671,0.9663138111330741,High Risk
2026-01-11 15:00:00,2,52.99082797649807,54.12080411278275,49.44506122244019,41.097243447210026,52.58181562515235,20.313624766792515,54.89879229242671,0.933006610462024,High Risk
2026-01-11 16:00:00,2,51.03446734868118,52.99082797649807,48.240965521209006,41.213639356688034,51.427959207917446,20.313624766792515,54.89879229242671,0.8996438579752267,High Risk
2026-01-11 17:00:00,2,47.76147267760702,51.03446734868118,46.08594457444308,41.283453027653195,49.406193540670984,20.313624766792515,54.89879229242671,0.8411862660815238,High Risk
2026-01-11 18:00:00,2,45.08390057461134,47.76147267760702,42.46920352594437,41.392398738014315,46.01988071349964,20.313624766792515,54.89879229242671,0.7432739825354298,High Risk
2026-01-11 19:00:00,2,41.48985386591316,45.08390057461134,39.88184593559454,41.45939906844426,43.37666410961653,20.313624766792515,54.89879229242671,0.6668476785281503,Warning
2026-01-11 20:00:00,2,38.58629062157998,41.48985386591316,36.9041583671695,41.52948791237803,39.998154317570965,20.313624766792515,54.89879229242671,0.5691610129408062,Warning
2026-01-11 21:00:00,2,35.404896596122995,38.58629062157998,33.72801560886133,41.59935795351394,37.00513574997113,20.313624766792515,54.89879229242671,0.48262049007530583,Warning
2026-01-11 22:00:00,2,32.834253960729335,35.404896596122995,31.447797370180254,41.65712697812015,34.13617108438347,20.313624766792515,54.89879229242671,0.3996668776486029,Safe
2026-01-11 23:00:00,2,31.02897082191754,32.834253960729335,29.065861095145507,41.73892321673565,31.63343680473922,20.313624766792515,54.89879229242671,0.3273024975881372,Safe
2026-01-12 00:00:00,2,29.238492753475054,31.02897082191754,29.616449688058644,41.723175011128,30.636414173452458,20.313624766792515,54.89879229242671,0.29847445730989547,Safe
2026-01-12 01:00:00,2,29.676234437151514,29.238492753475054,28.63032712177926,41.76675448260185,29.123429515408322,20.313624766792515,54.89879229242671,0.25472782479247036,Safe
2026-01-12 02:00:00,2,28.980417904940932,29.676234437151514,29.62990080055848,41.73969269528444,29.752793218980653,20.313624766792515,54.89879229242671,0.27292532766442695,Safe
2026-01-12 03:00:00,2,30.07241634342585,28.980417904940932,31.03996289144955,41.69937825578345,29.77827071387241,20.313624766792515,54.89879229242671,0.27366198722046964,Safe
2026-01-12 04:00:00,2,32.11268578662926,30.07241634342585,32.021265658563784,41.70318742778618,30.830976795889832,20.313624766792515,54.89879229242671,0.3041000659372805,Safe
2026-01-12 05:00:00,2,34.704297631074645,32.11268578662926,35.774372586714875,41.658600971301176,33.45451646997557,20.313624766792515,54.89879229242671,0.3799574286718642,Safe
2026-01-12 06:00:00,2,38.53286062721029,34.704297631074645,37.88420268848127,41.68562838541488,35.87793640016223,20.313624766792515,54.89879229242671,0.4500285034561446,Warning
2026-01-12 07:00:00,2,40.97872255149216,38.53286062721029,41.416782866075074,41.66737587230726,39.600251787476324,20.313624766792515,54.89879229242671,0.5576560081350694,Warning
2026-01-12 08:00:00,2,45.377154180475635,40.97872255149216,44.447508506090585,41.70611110873997,42.242993608732824,20.313624766792515,54.89879229242671,0.6340685842165688,Warning
2026-01-12 09:00:00,2,48.37797749408557,45.377154180475635,48.173264289595664,41.71464082559372,46.40557347775055,20.313624766792515,54.89879229242671,0.7544259526050576,High Risk
2026-01-12 10:00:00,2,50.850500147898764,48.37797749408557,50.9640681608658,41.709908825053425,49.33063613793642,20.313624766792515,54.89879229242671,0.8390015896449017,High Risk
2026-01-12 11:00:00,2,53.1695591221121,50.850500147898764,52.86755189130856,41.72249245967024,51.605273082907985,20.313624766792515,54.89879229242671,0.9047707341059333,High Risk
2026-01-12 12:00:00,2,54.599759514848216,53.1695591221121,54.05634044168793,41.74513492105192,53.53465872332717,20.313624766792515,54.89879229242671,0.9605572380516678,High Risk
2026-01-12 13:00:00,2,55.213509754508735,54.599759514848216,54.87642105398268,41.75918028357383,54.754280715031996,20.313624766792515,54.89879229242671,0.9958215447963596,High Risk
2026-01-12 14:00:00,2,54.08535378016861,55.213509754508735,54.12080411278275,41.75770318638158,54.89879229242671,20.313624766792515,54.89879229242671,0.9999999710858718,High Risk
2026-01-12 15:00:00,2,52.64032223636264,54.08535378016861,52.99082797649807,41.7430987805426,53.771486079112975,20.313624766792515,54.89879229242671,0.9674048946016214,High Risk
2026-01-12 16:00:00,2,50.759979093691285,52.64032223636264,51.03446734868118,41.73166176991803,52.15342337744006,20.313624766792515,54.89879229242671,0.9206200220492838,High Risk
2026-01-12 17:00:00,2,47.2473555751547,50.759979093691285,47.76147267760702,41.71024022398252,49.79913154177514,20.313624766792515,54.89879229242671,0.8525477258590847,High Risk
2026-01-12 18:00:00,2,44.979309696083405,47.2473555751547,45.08390057461134,41.70588227071051,46.57674964350503,20.313624766792515,54.89879229242671,0.7593753622234497,High Risk
2026-01-12 19:00:00,2,42.119363887097926,44.979309696083405,41.48985386591316,41.73211185492655,43.85806117026544,20.313624766792515,54.89879229242671,0.6807668549026156,Warning
2026-01-12 20:00:00,2,38.158757678434156,42.119363887097926,38.58629062157998,41.71429798229547,40.98692721175655,20.313624766792515,54.89879229242671,0.5977505192620699,Warning
2026-01-12 21:00:00,2,34.886923329350196,38.158757678434156,35.404896596122995,41.69271576284661,37.2980456378394,20.313624766792515,54.89879229242671,0.49108972415323626,Warning
2026-01-12 22:00:00,2,33.22306017713496,34.886923329350196,32.834253960729335,41.70891602186351,34.270347477013615,20.313624766792515,54.89879229242671,0.4035464710798362,Warning
2026-01-12 23:00:00,2,30.639127590168552,33.22306017713496,31.02897082191754,41.69267255387397,32.56027849466257,20.313624766792515,54.89879229242671,0.3541013171236379,Safe
2026-01-13 00:00:00,2,28.422766538189837,30.639127590168552,29.238492753475054,41.65868396157041,30.251145847578062,20.313624766792515,54.89879229242671,0.2873347595059412,Safe
2026-01-13 01:00:00,2,28.98465915316221,28.422766538189837,29.676234437151514,41.62986832473752,28.945601662359017,20.313624766792515,54.89879229242671,0.2495860874342296,Safe
2026-01-13 02:00:00,2,29.451049328991584,28.98465915316221,28.980417904940932,41.649477967406305,29.076519644201007,20.313624766792515,54.89879229242671,0.2533714667578826,Safe
2026-01-13 03:00:00,2,30.21034430692694,29.451049328991584,30.07241634342585,41.655224965885516,29.75631124481599,20.313624766792515,54.89879229242671,0.2730270483147898,Safe
2026-01-13 04:00:00,2,32.17383680530709,30.21034430692694,32.11268578662926,41.65777292499709,30.952815189992968,20.313624766792515,54.89879229242671,0.30762291689614835,Safe
2026-01-13 05:00:00,2,35.29897730281146,32.17383680530709,34.704297631074645,41.68255124465279,33.12861417604956,20.313624766792515,54.89879229242671,0.3705342479322805,Safe
2026-01-13 06:00:00,2,37.20607996262726,35.29897730281146,38.53286062721029,41.62726871696183,36.49030499132783,20.313624766792515,54.89879229242671,0.46773460746751366,Warning
2026-01-13 07:00:00,2,41.81545329365185,37.20607996262726,40.97872255149216,41.66213249788515,38.579219145183906,20.313624766792515,54.89879229242671,0.5281337393181447,Warning
2026-01-13 08:00:00,2,44.79929018859497,41.81545329365185,45.377154180475635,41.63805483155679,43.110416940883674,20.313624766792515,54.89879229242671,0.659149373732107,Warning
2026-01-13 09:00:00,2,48.89471207689821,44.79929018859497,48.37797749408557,41.65958543917399,46.096170263653185,20.313624766792515,54.89879229242671,0.7454798283764584,High Risk
2026-01-13 10:00:00,2,50.70994179439552,48.89471207689821,50.850500147898764,41.65372884111135,49.63108032191876,20.313624766792515,54.89879229242671,0.8476886713273185,High Risk
2026-01-13 11:00:00,2,53.03602720350783,50.70994179439552,53.1695591221121,41.6481650111695,51.616292469112345,20.313624766792515,54.89879229242671,0.9050893500524247,High Risk
2026-01-13 12:00:00,2,53.72654638427821,53.03602720350783,54.599759514848216,41.61178113072909,53.63287470492591,20.313624766792515,54.89879229242671,0.9633970675446467,High Risk
2026-01-13 13:00:00,2,54.41361151394338,53.72654638427821,55.213509754508735,41.578452037372195,54.296231285652254,20.313624766792515,54.89879229242671,0.9825774448278937,High Risk
2026-01-13 14:00:00,2,54.852158625051885,54.41361151394338,54.08535378016861,41.61040223924234,54.36144289010248,20.313624766792515,54.89879229242671,0.9844629815255649,High Risk
2026-01-13 15:00:00,2,52.02930494144447,54.852158625051885,52.64032223636264,41.584943185287415,54.15507685241387,20.313624766792515,54.89879229242671,0.9784960874352367,High Risk
2026-01-13 16:00:00,2,51.454314704320176,52.02930494144447,50.759979093691285,41.61387383573028,51.658324509903835,20.313624766792515,54.89879229242671,0.9063046698725475,High Risk
2026-01-13 17:00:00,2,48.11446810367283,51.454314704320176,47.2473555751547,41.65000352441854,50.07916946482605,20.313624766792515,54.89879229242671,0.8606447782948231,High Risk
2026-01-13 18:00:00,2,44.84134883488693,48.11446810367283,44.979309696083405,41.64425515520202,47.11032696659659,20.313624766792515,54.89879229242671,0.7748032854008682,High Risk
2026-01-13 19:00:00,2,41.06907720413796,44.84134883488693,42.119363887097926,41.60049321007869,43.98281933156681,20.313624766792515,54.89879229242671,0.684374128384857,Warning
2026-01-13 20:00:00,2,38.30645304840403,41.06907720413796,38.158757678434156,41.60664718382743,40.151044953424474,20.313624766792515,54.89879229242671,0.5735817124016225,Warning
2026-01-13 21:00:00,2,35.323099258974906,38.30645304840403,34.886923329350196,41.624821180895125,37.21783412734815,20.313624766792515,54.89879229242671,0.4887704782478187,Warning
2026-01-13 22:00:00,2,32.58840412036288,35.323099258974906,33.22306017713496,41.598377178529624,34.68974974617897,20.313624766792515,54.89879229242671,0.41567312209946317,Warning
2026-01-13 23:00:00,2,30.90872871256966,32.58840412036288,30.639127590168552,41.60961055862967,32.01019713287663,20.313624766792515,54.89879229242671,0.3381961940539548,Safe
2026-01-14 00:00:00,2,29.414713656075737,30.90872871256966,28.422766538189837,41.65094168854158,30.149122756169817,20.313624766792515,54.89879229242671,0.28438485075148107,Safe
2026-01-14 01:00:00,2,28.522391284150352,29.414713656075737,28.98465915316221,41.631680527332755,29.36034926473755,20.313624766792515,54.89879229242671,0.2615781528211924,Safe
2026-01-14 02:00:00,2,28.325463124060384,28.522391284150352,29.451049328991584,41.58478110212729,28.93398436038796,20.313624766792515,54.89879229242671,0.24925018327454782,Safe
2026-01-14 03:00:00,2,31.18526953383852,28.325463124060384,30.21034430692694,41.62540298658194,29.064421176086206,20.313624766792515,54.89879229242671,0.25302165009858735,Safe
2026-01-14 04:00:00,2,32.62501783383283,31.18526953383852,32.17383680530709,41.64420219610384,31.61388111103366,20.313624766792515,54.89879229242671,0.3267370617513546,Safe
2026-01-14 05:00:00,2,34.937554227907704,32.62501783383283,35.29897730281146,41.629142901316186,33.628294835359625,20.313624766792515,54.89879229242671,0.38498207862420575,Safe
2026-01-14 06:00:00,2,37.81000088380006,34.937554227907704,37.20607996262726,41.65430627303172,35.79912092713196,20.313624766792515,54.89879229242671,0.4477496227569845,Warning
2026-01-14 07:00:00,2,40.763226713987734,37.81000088380006,41.81545329365185,41.61046349887905,39.261992210729865,20.313624766792515,54.89879229242671,0.5478755273345857,Warning
2026-01-14 08:00:00,2,45.02477687248109,40.763226713987734,44.79929018859497,41.6198587773743,42.221835184387956,20.313624766792515,54.89879229242671,0.6334568068204521,Warning
2026-01-14 09:00:00,2,48.01776121149248,45.02477687248109,48.89471207689821,41.583319157982395,46.42099369365031,20.313624766792515,54.89879229242671,0.7548718147059849,High Risk
2026-01-14 10:00:00,2,50.9724179652256,48.01776121149248,50.70994179439552,41.59425566510032,49.00718157751496,20.313624766792515,54.89879229242671,0.8296491829859108,High Risk
2026-01-14 11:00:00,2,52.803660160680344,50.9724179652256,53.03602720350783,41.58457370498251,51.742958320671626,20.313624766792515,54.89879229242671,0.9087517827355385,High Risk
2026-01-14 12:00:00,2,54.49594462793959,52.803660160680344,53.72654638427821,41.61663196513506,53.18158819768898,20.313624766792515,54.89879229242671,0.9503485115746956,High Risk
2026-01-14 13:00:00,2,54.51023911732657,54.49594462793959,54.41361151394338,41.620658115276036,54.527795250099814,20.313624766792515,54.89879229242671,0.9892729150054043,High Risk
2026-01-14 14:00:00,2,53.70716166369667,54.51023911732657,54.852158625051885,41.57294990855289,54.68720081519194,20.313624766792515,54.89879229242671,0.9938819879660862,High Risk
2026-01-14 15:00:00,2,53.19446248348139,53.70716166369667,52.02930494144447,41.6214981394711,53.19423979943059,20.313624766792515,54.89879229242671,0.950714321610643,High Risk
2026-01-14 16:00:00,2,50.99536105592169,53.19446248348139,51.454314704320176,41.60237507078783,52.66090103678047,20.313624766792515,54.89879229242671,0.9352932962004353,High Risk
2026-01-14 17:00:00,2,48.45039630263342,50.99536105592169,48.11446810367283,41.616372079077856,50.074439896740216,20.313624766792515,54.89879229242671,0.8605080269563894,High Risk
2026-01-14 18:00:00,2,44.932731440046965,48.45039630263342,44.84134883488693,41.62017968762619,47.28370720208617,20.313624766792515,54.89879229242671,0.7798164237743612,High Risk
2026-01-14 19:00:00,2,41.351343582475884,44.932731440046965,41.06907720413796,41.631940786723604,43.683536684364675,20.313624766792515,54.89879229242671,0.6757206315259272,Warning
2026-01-14 20:00:00,2,38.147291602820786,41.351343582475884,38.30645304840403,41.6253090598243,40.38690843987712,20.313624766792515,54.89879229242671,0.5804014995100133,Warning
2026-01-14 21:00:00,2,35.5229870680556,38.147291602820786,35.323099258974906,41.633637718536,37.26253537787878,20.313624766792515,54.89879229242671,0.49006297594079645,Warning
2026-01-14 22:00:00,2,32.92024177429787,35.5229870680556,32.58840412036288,41.64746428744996,34.60389316229508,20.313624766792515,54.89879229242671,0.4131906538177125,Warning
2026-01-14 23:00:00,2,30.11057616331878,32.92024177429787,30.90872871256966,41.61420793123117,32.320311612910274,20.313624766792515,54.89879229242671,0.3471628839170906,Safe
2026-01-02 00:00:00,3,21.89576476647381,23.524024388248478,22.32820164458136,32.8008230214541,23.215391686942105,20.373741173874482,48.66647121423254,0.10043747664423637,Safe
2026-01-02 01:00:00,3,21.455522127796606,21.89576476647381,21.584719621374916,32.795439792555,21.891924812070616,20.373741173874482,48.66647121423254,0.0536598476842171,Safe
2026-01-02 02:00:00,3,21.97405837957054,21.455522127796606,21.965196357873285,32.79580904345905,21.733011137213733,20.373741173874482,48.66647121423254,0.04804308079698372,Safe
2026-01-02 03:00:00,3,23.5382012061909,21.97405837957054,23.146627652937763,32.81212460817793,22.47763594008863,20.373741173874482,48.66647121423254,0.07436167131455264,Safe
2026-01-02 04:00:00,3,24.372376639443296,23.5382012061909,24.434939734727582,32.80951781254109,23.945380243968724,20.373741173874482,48.66647121423254,0.12623875245551558,Safe
2026-01-02 05:00:00,3,27.241445407819725,24.372376639443296,27.664395153054407,32.79189490648964,25.597852211435757,20.373741173874482,48.66647121423254,0.18464498991311099,Safe
2026-01-02 06:00:00,3,30.589008855859163,27.241445407819725,30.262991350180144,32.80547896922627,28.370652280124148,20.373741173874482,48.66647121423254,0.2826489636098581,Safe
2026-01-02 07:00:00,3,33.76515483827379,30.589008855859163,33.22820197749613,32.827852005092005,31.583050159477683,20.373741173874482,48.66647121423254,0.3961904197093496,Safe
2026-01-02 08:00:00,3,36.35853262030116,33.76515483827379,35.367968500348624,32.86912551009003,34.40052271444696,20.373741173874482,48.66647121423254,0.49577333204645485,Warning
2026-01-02 09:00:00,3,38.55147500956076,36.35853262030116,38.30973848432269,32.87919786530828,37.10969491061854,20.373741173874482,48.66647121423254,0.5915283933838386,Warning
2026-01-02 10:00:00,3,40.81539864507332,38.55147500956076,40.36050600068952,32.89815172549094,39.251139542274196,20.373741173874482,48.66647121423254,0.6672172559613323,Warning
2026-01-02 11:00:00,3,41.44293596100131,40.81539864507332,42.325692855823796,32.86137018820667,41.40991556710371,20.373741173874482,48.66647121423254,0.7435186926006634,High Risk
2026-01-02 12:00:00,3,43.39576017622039,41.44293596100131,43.14546985621242,32.871798951540335,42.102395838839094,20.373741173874482,48.66647121423254,0.7679942467897446,High Risk
2026-01-02 13:00:00,3,43.41299878944069,43.39576017622039,43.021561969151364,32.88810881905239,43.34225598637957,20.373741173874482,48.66647121423254,0.8118168154124725,High Risk
2026-01-02 14:00:00,3,42.92826546205183,43.41299878944069,43.22455872484722,32.87576326643591,43.42301685698597,20.373741173874482,48.66647121423254,0.8146712896055505,High Risk
2026-01-02 15:00:00,3,42.573416588285255,42.92826546205183,41.927300187174566,32.902684783148864,42.66096488113131,20.373741173874482,48.66647121423254,0.7877367397111753,High Risk
2026-01-02 16:00:00,3,41.03831965264292,42.573416588285255,41.29217834376324,32.892107337685516,42.21070243767256,20.373741173874482,48.66647121423254,0.7718223183420797,High Risk
2026-01-02 17:00:00,3,38.37094804280956,41.03831965264292,38.605661737618966,32.88232760040179,40.28372759970716,20.373741173874482,48.66647121423254,0.7037138407540848,High Risk
2026-01-02 18:00:00,3,35.399109940871405,38.37094804280956,36.69361600337964,32.828389847797276,37.8782216582755,20.373741173874482,48.66647121423254,0.618691792582053,Warning
2026-01-02 19:00:00,3,32.62529193683484,35.399109940871405,32.700540270181904,32.82525450057448,34.56091391080584,20.373741173874482,48.66647121423254,0.5014423215876233,Warning
2026-01-02 20:00:00,3,29.993869631473277,32.62529193683484,29.681989980420937,32.838249486035004,31.70699731847204,20.373741173874482,48.66647121423254,0.4005713032238309,Warning
2026-01-02 21:00:00,3,27.15438849903108,29.993869631473277,27.757755779523126,32.81310918268117,29.320926635367954,20.373741173874482,48.66647121423254,0.316236189738304,Safe
2026-01-02 22:00:00,3,24.682911969967495,27.15438849903108,25.098352819073817,32.79579914730173,26.546753173053236,20.373741173874482,48.66647121423254,0.21818367376317563,Safe
2026-01-02 23:00:00,3,23.55183723948466,24.682911969967495,23.524024388248478,32.79695801610324,24.385401653092558,20.373741173874482,48.66647121423254,0.14179120684728733,Safe
2026-01-03 00:00:00,3,22.221667968322624,23.55183723948466,21.89576476647381,32.81053731618028,23.0857244972944,20.373741173874482,48.66647121423254,0.09585441997633315,Safe
2026-01-03 01:00:00,3,22.649801209272024,22.221667968322624,21.455522127796606,32.860298944575085,22.06172032012809,20.373741173874482,48.66647121423254,0.05966123043568313,Safe
2026-01-03 02:00:00,3,22.461345491881225,22.649801209272024,21.97405837957054,32.880602574254695,22.52022014403969,20.373741173874482,48.66647121423254,0.0758668001015304,Safe
2026-01-03 03:00:00,3,23.18694807661305,22.461345491881225,23.5382012061909,32.86596702718895,22.93154506262045,20.373741173874482,48.66647121423254,0.09040498370756077,Safe
2026-01-03 04:00:00,3,24.14548697161817,23.18694807661305,24.372376639443296,32.85651329102957,23.693341587290455,20.373741173874482,48.66647121423254,0.1173305047392117,Safe
2026-01-03 05:00:00,3,27.44652277260469,24.14548697161817,27.241445407819725,32.865058181228946,25.304189791631295,20.373741173874482,48.66647121423254,0.1742655599674628,Safe
2026-01-03 06:00:00,3,28.655970961583144,27.44652277260469,30.589008855859163,32.784514935634114,28.61683359019011,20.373741173874482,48.66647121423254,0.29135018477209934,Safe
2026-01-03 07:00:00,3,32.55413598919289,28.655970961583144,33.76515483827379,32.73405581692241,30.497477722115615,20.373741173874482,48.66647121423254,0.3578211143279229,Safe
2026-01-03 08:00:00,3,35.89471832478321,32.55413598919289,36.35853262030116,32.71473022127582,33.94420916400236,20.373741173874482,48.66647121423254,0.47964503570794687,Warning
2026-01-03 09:00:00,3,38.088353142104836,35.89471832478321,38.55147500956076,32.6954334767985,36.88784310551341,20.373741173874482,48.66647121423254,0.5836870929173452,Warning
2026-01-03 10:00:00,3,39.86532731073238,38.088353142104836,40.81539864507332,32.65584717120096,39.10265953969659,20.373741173874482,48.66647121423254,0.6619692647947741,Warning
2026-01-03 11:00:00,3,42.01996456070605,39.86532731073238,41.44293596100131,32.67989002952199,40.48411135920718,20.373741173874482,48.66647121423254,0.7107963581404122,High Risk
2026-01-03 12:00:00,3,43.05105271473341,42.01996456070605,43.39576017622039,32.6655272186267,42.56689962682337,20.373741173874482,48.66647121423254,0.7844120251696998,High Risk
2026-01-03 13:00:00,3,43.60556342822946,43.05105271473341,43.41299878944069,32.67355074524289,43.249821075283414,20.373741173874482,48.66647121423254,0.8085497249727301,High Risk
2026-01-03 14:00:00,3,43.3514079774142,43.60556342822946,42.92826546205183,32.691181683383,43.448100052145364,20.373741173874482,48.66647121423254,0.8155578493061186,High Risk
2026-01-03 15:00:00,3,42.48382089858144,43.3514079774142,42.573416588285255,32.68744852964533,43.159830773966206,20.373741173874482,48.66647121423254,0.8053690386972044,High Risk
2026-01-03 16:00:00,3,40.66695352687454,42.48382089858144,41.03831965264292,32.67197494107165,42.0650320556613,20.373741173874482,48.66647121423254,0.7666736325611465,High Risk
2026-01-03 17:00:00,3,39.24793910349177,40.66695352687454,38.37094804280956,32.70851623526675,39.959592673868706,20.373741173874482,48.66647121423254,0.6922573671681275,Warning
2026-01-03 18:00:00,3,35.772493834456704,39.24793910349177,35.399109940871405,32.724073897499466,38.01123524037091,20.373741173874482,48.66647121423254,0.6233931267129176,Warning
2026-01-03 19:00:00,3,32.43156241032261,35.772493834456704,32.62529193683484,32.716001833894786,34.78034089635112,20.373741173874482,48.66647121423254,0.5091979173705925,Warning
2026-01-03 20:00:00,3,29.943415026397993,32.43156241032261,29.993869631473277,32.713899558683316,31.68648108751556,20.373741173874482,48.66647121423254,0.39984616181110494,Safe
2026-01-03 21:00:00,3,27.38468850109898,29.943415026397993,27.15438849903108,32.72349539210281,29.08139569451162,20.373741173874482,48.66647121423254,0.30777002432943423,Safe
2026-01-03 22:00:00,3,25.310912715131614,27.38468850109898,24.682911969967495,32.74966208981799,26.55585544599761,20.373741173874482,48.66647121423254,0.21850539148393547,Safe
2026-01-03 23:00:00,3,23.818151568045273,25.310912715131614,23.55183723948466,32.76075852017468,24.807268517113044,20.373741173874482,48.66647121423254,0.1567019930636733,Safe
2026-01-04 00:00:00,3,22.473766513128137,23.818151568045273,22.221667968322624,32.77126262620824,23.37207560457973,20.373741173874482,48.66647121423254,0.10597543328101788,Safe
2026-01-04 01:00:00,3,21.11656636011571,22.473766513128137,22.649801209272024,32.70737784082673,22.63579405615807,20.373741173874482,48.66647121423254,0.07995173315212627,Safe
2026-01-04 02:00:00,3,21.253335896222247,21.11656636011571,22.461345491881225,32.657044107674274,21.680173187440786,20.373741173874482,48.66647121423254,0.046175535748130846,Safe
2026-01-04 03:00:00,3,22.69441046986163,21.253335896222247,23.18694807661305,32.636521707392966,22.018194165160445,20.373741173874482,48.66647121423254,0.05812280860904659,Safe
2026-01-04 04:00:00,3,23.714485185492997,22.69441046986163,24.14548697161817,32.61856329963775,23.292320534515106,20.373741173874482,48.66647121423254,0.10315650887422032,Safe
2026-01-04 05:00:00,3,26.73132475994328,23.714485185492997,27.44652277260469,32.588763382443524,25.091342573515174,20.373741173874482,48.66647121423254,0.16674252453435082,Safe
2026-01-04 06:00:00,3,28.790987511034906,26.73132475994328,28.655970961583144,32.59438907200401,27.485966343328677,20.373741173874482,48.66647121423254,0.25137994488085963,Safe
2026-01-04 07:00:00,3,31.196426264593903,28.790987511034906,32.55413598919289,32.53781783347905,30.171861839388676,20.373741173874482,48.66647121423254,0.34631229666509405,Safe
2026-01-04 08:00:00,3,34.003969823351824,31.196426264593903,35.89471832478321,32.45903664591941,32.89405813669771,20.373741173874482,48.66647121423254,0.44252769182881885,Warning
2026-01-04 09:00:00,3,36.773327285968115,34.003969823351824,38.088353142104836,32.40424390191371,35.48792952056388,20.373741173874482,48.66647121423254,0.5342074727649948,Warning
2026-01-04 10:00:00,3,39.12656510227064,36.773327285968115,39.86532731073238,32.373462143227805,37.91419482706684,20.373741173874482,48.66647121423254,0.6199632558685071,Warning
2026-01-04 11:00:00,3,40.135354126738676,39.12656510227064,42.01996456070605,32.29493670847916,40.19642339008467,20.373741173874482,48.66647121423254,0.7006280937649391,High Risk
2026-01-04 12:00:00,3,40.451550283787135,40.135354126738676,43.05105271473341,32.186624107189736,41.21152395738915,20.373741173874482,48.66647121423254,0.7365065872852886,High Risk
2026-01-04 13:00:00,3,41.39541303085768,40.451550283787135,43.60556342822946,32.09453450729925,41.60883085958288,20.373741173874482,48.66647121423254,0.7505493073615865,High Risk
2026-01-04 14:00:00,3,40.998741877606534,41.39541303085768,43.3514079774142,31.996506753140597,42.14163972306055,20.373741173874482,48.66647121423254,0.76938131275257,High Risk
2026-01-04 15:00:00,3,40.28226845402168,40.998741877606534,42.48382089858144,31.904775401283942,41.584393814945685,20.373741173874482,48.66647121423254,0.7496855857009826,High Risk
2026-01-04 16:00:00,3,38.588374401257624,40.28226845402168,40.66695352687454,31.818167937716566,40.49242911293699,20.373741173874482,48.66647121423254,0.7110903472119493,High Risk
2026-01-04 17:00:00,3,36.57845608523158,38.588374401257624,39.24793910349177,31.70693947862239,38.89477756647774,20.373741173874482,48.66647121423254,0.6546217247880384,Warning
2026-01-04 18:00:00,3,34.657297681541685,36.57845608523158,35.772493834456704,31.66047297225094,36.38615020703092,20.373741173874482,48.66647121423254,0.565954874074037,Warning
2026-01-04 19:00:00,3,31.858082034475995,34.657297681541685,32.43156241032261,31.63657795659066,33.98181857101997,20.373741173874482,48.66647121423254,0.4809743314540509,Warning
2026-01-04 20:00:00,3,28.993512531641755,31.858082034475995,29.943415026397993,31.596998685975816,31.29266756292652,20.373741173874482,48.66647121423254,0.3859269143539653,Safe
2026-01-04 21:00:00,3,26.39291812039342,28.993512531641755,27.38468850109898,31.555674920113088,28.536460512488983,20.373741173874482,48.66647121423254,0.28850941702908856,Safe
2026-01-04 22:00:00,3,23.947491867433104,26.39291812039342,25.310912715131614,31.498865718125646,26.119476103973902,20.373741173874482,48.66647121423254,0.2030816651069647,Safe
2026-01-04 23:00:00,3,22.12427173869183,23.947491867433104,23.818151568045273,31.428287391902586,24.003132301261907,20.373741173874482,48.66647121423254,0.12827998549204367,Safe
2026-01-05 00:00:00,3,20.96282271066127,22.12427173869183,22.473766513128137,31.365331400133133,22.3460932174006,20.373741173874482,48.66647121423254,0.06971232436743786,Safe
2026-01-05 01:00:00,3,21.62355525490721,20.96282271066127,21.11656636011571,31.386455937416113,21.119196861059475,20.373741173874482,48.66647121423254,0.026347957930312232,Safe
2026-01-05 02:00:00,3,21.413676256209605,21.62355525490721,21.253335896222247,31.393136785748922,21.599828064007145,20.373741173874482,48.66647121423254,0.043335756042204486,Safe
2026-01-05 03:00:00,3,22.13497634072804,21.413676256209605,22.69441046986163,31.369827030368356,21.95498661559151,20.373741173874482,48.66647121423254,0.05588875246654221,Safe
2026-01-05 04:00:00,3,24.03179595565239,22.13497634072804,23.714485185492997,31.383048312458328,22.777551106752696,20.373741173874482,48.66647121423254,0.08496210314406584,Safe
2026-01-05 05:00:00,3,26.6875359045721,24.03179595565239,26.73132475994328,31.381223776817865,25.05503520677494,20.373741173874482,48.66647121423254,0.1654592490991005,Safe
2026-01-05 06:00:00,3,28.61190234836366,26.6875359045721,28.790987511034906,31.373761895039895,27.503400979724766,20.373741173874482,48.66647121423254,0.25199616805038044,Safe
2026-01-05 07:00:00,3,30.565072987914327,28.61190234836366,31.196426264593903,31.347455508511576,29.589822642620717,20.373741173874482,48.66647121423254,0.32574025659099476,Safe
2026-01-05 08:00:00,3,33.74420515853241,30.565072987914327,34.003969823351824,31.33663198081077,31.832710807769317,20.373741173874482,48.66647121423254,0.405014617272162,Warning
2026-01-05 09:00:00,3,36.68056366977151,33.74420515853241,36.773327285968115,31.332766830135913,34.86751666768885,20.373741173874482,48.66647121423254,0.5122791247384275,Warning
2026-01-05 10:00:00,3,38.978051341064955,36.68056366977151,39.12656510227064,31.32657875675234,37.600566957945105,20.373741173874482,48.66647121423254,0.6088781517591032,Warning
2026-01-05 11:00:00,3,40.019757201939065,38.978051341064955,40.135354126738676,31.321762218219025,39.45421380158828,20.373741173874482,48.66647121423254,0.6743948684379932,Warning
2026-01-05 12:00:00,3,41.30184513048184,40.019757201939065,40.451550283787135,31.35719117016464,40.24637533895091,20.373741173874482,48.66647121423254,0.7023936337827971,High Risk
2026-01-05 13:00:00,3,41.56667359033661,41.30184513048184,41.39541303085768,31.36432702680959,41.41108877342785,20.373741173874482,48.66647121423254,0.7435601593053963,High Risk
2026-01-05 14:00:00,3,41.16151218399268,41.56667359033661,40.998741877606534,31.371109122909015,41.449283630379924,20.373741173874482,48.66647121423254,0.7449101476433051,High Risk
2026-01-05 15:00:00,3,39.96947492223493,41.16151218399268,40.28226845402168,31.358076059084567,40.938156380052206,20.373741173874482,48.66647121423254,0.7268444738277013,High Risk
2026-01-05 16:00:00,3,39.37766184396762,39.96947492223493,38.588374401257624,31.39096303586415,39.57599807915062,20.373741173874482,48.66647121423254,0.6786993054111727,Warning
2026-01-05 17:00:00,3,36.304700507382385,39.37766184396762,36.57845608523158,31.379556553453767,38.499847299704996,20.373741173874482,48.66647121423254,0.6406630063380803,Warning
2026-01-05 18:00:00,3,33.92760163894024,36.304700507382385,34.657297681541685,31.349152551678703,35.824909160916256,20.373741173874482,48.66647121423254,0.5461179397987955,Warning
2026-01-05 19:00:00,3,30.771636216947098,33.92760163894024,31.858082034475995,31.303883975948338,33.30651365716724,20.373741173874482,48.66647121423254,0.4571058362957203,Warning
2026-01-05 20:00:00,3,28.196981747693968,30.771636216947098,28.993512531641755,31.270695193283846,30.25434890448326,20.373741173874482,48.66647121423254,0.34922778280098243,Safe
2026-01-05 21:00:00,3,26.42465209584479,28.196981747693968,26.39291812039342,31.272017442260985,27.674181113981074,20.373741173874482,48.66647121423254,0.2580323521858992,Safe
2026-01-05 22:00:00,3,23.78335394299633,26.42465209584479,23.947491867433104,31.265178362076117,25.67390951174791,20.373741173874482,48.66647121423254,0.18733321750781234,Safe
2026-01-05 23:00:00,3,22.11572071371773,23.78335394299633,22.12427173869183,31.264822069368865,23.315909458978037,20.373741173874482,48.66647121423254,0.10399025392446955,Safe
2026-01-06 00:00:00,3,21.33678798540789,22.11572071371773,20.96282271066127,31.28040395581664,21.823609890447468,20.373741173874482,48.66647121423254,0.05124527266402196,Safe
2026-01-06 01:00:00,3,23.461801102265078,21.33678798540789,21.62355525490721,31.356997532789887,21.538179214031324,20.373741173874482,48.66647121423254,0.041156791774390175,Safe
2026-01-06 02:00:00,3,23.808522640927148,23.461801102265078,21.413676256209605,31.456782798819784,22.861691305227623,20.373741173874482,48.66647121423254,0.08793601889489616,Safe
2026-01-06 03:00:00,3,23.880413594044775,23.808522640927148,22.13497634072804,31.529509351041312,23.336097382596563,20.373741173874482,48.66647121423254,0.10470379139067344,Safe
2026-01-06 04:00:00,3,25.841996677932872,23.880413594044775,24.03179595565239,31.604934381136335,24.032172105897995,20.373741173874482,48.66647121423254,0.12930639063457533,Safe
2026-01-06 05:00:00,3,26.933405767673822,25.841996677932872,26.6875359045721,31.61517895876557,26.228654501195457,20.373741173874482,48.66647121423254,0.20694055017061652,Safe
2026-01-06 06:00:00,3,29.437835122972576,26.933405767673822,28.61190234836366,31.649592824374277,27.603579934026314,20.373741173874482,48.66647121423254,0.25553696989657365,Safe
2026-01-06 07:00:00,3,31.09453783038017,29.437835122972576,30.565072987914327,31.671653859477022,29.91616424948464,20.373741173874482,48.66647121423254,0.3372747248047001,Safe
2026-01-06 08:00:00,3,33.69067175614321,31.09453783038017,33.74420515853241,31.669423301044137,32.09150239600208,20.373741173874482,48.66647121423254,0.4141615457840687,Warning
2026-01-06 09:00:00,3,37.28073635512168,33.69067175614321,36.68056366977151,31.69443049626706,34.80063313363647,20.373741173874482,48.66647121423254,0.5099151417790951,Warning
2026-01-06 10:00:00,3,39.28564035877904,37.28073635512168,38.978051341064955,31.70724670533848,37.94384320856951,20.373741173874482,48.66647121423254,0.621011171018882,Warning
2026-01-06 11:00:00,3,40.61311545044989,39.28564035877904,40.019757201939065,31.7319699656931,39.61663653182733,20.373741173874482,48.66647121423254,0.6801356620717843,Warning
2026-01-06 12:00:00,3,41.39378497551971,40.61311545044989,41.30184513048184,31.735800792569677,40.92685288495295,20.373741173874482,48.66647121423254,0.7264449544217051,High Risk
2026-01-06 13:00:00,3,41.63902965004022,41.39378497551971,41.56667359033661,31.738815628390665,41.530042914426545,20.373741173874482,48.66647121423254,0.7477645657597967,High Risk
2026-01-06 14:00:00,3,41.47822275673517,41.63902965004022,41.16151218399268,31.75201190225493,41.55247445773214,20.373741173874482,48.66647121423254,0.7485574034421539,High Risk
2026-01-06 15:00:00,3,41.30306651294607,41.47822275673517,39.96947492223493,31.807578218534562,41.03911076497025,20.373741173874482,48.66647121423254,0.7304126830887318,High Risk
2026-01-06 16:00:00,3,38.84390957898969,41.30306651294607,39.37766184396762,31.785338540827144,40.721651785396915,20.373741173874482,48.66647121423254,0.719192169271225,High Risk
2026-01-06 17:00:00,3,36.253543376170306,38.84390957898969,36.304700507382385,31.783206993693312,38.05573218104,20.373741173874482,48.66647121423254,0.6249658607344448,Warning
2026-01-06 18:00:00,3,34.38544602016775,36.253543376170306,33.92760163894024,31.802283842911123,35.54170197486784,20.373741173874482,48.66647121423254,0.5361080476592055,Warning
2026-01-06 19:00:00,3,31.370989541913307,34.38544602016775,30.771636216947098,31.827256898118048,33.235484614763095,20.373741173874482,48.66647121423254,0.45459533130760793,Warning
2026-01-06 20:00:00,3,28.814120396421416,31.370989541913307,28.196981747693968,31.852971008481692,30.37541135930015,20.373741173874482,48.66647121423254,0.35350670711706206,Safe
2026-01-06 21:00:00,3,26.2928031246627,28.814120396421416,26.42465209584479,31.847477301349105,28.09025715092308,20.373741173874482,48.66647121423254,0.2727384629656785,Safe
2026-01-06 22:00:00,3,24.52342768990072,26.2928031246627,23.78335394299633,31.878313707470124,25.53118711137478,20.373741173874482,48.66647121423254,0.18228872745241453,Safe
2026-01-06 23:00:00,3,22.391871591359873,24.52342768990072,22.11572071371773,31.889819994038543,23.79892527775285,20.373741173874482,48.66647121423254,0.12106233572830168,Safe
2026-01-07 00:00:00,3,21.48766495200217,22.391871591359873,21.33678798540789,31.896106534313304,22.132861021584908,20.373741173874482,48.66647121423254,0.06217568198704949,Safe
2026-01-07 01:00:00,3,20.229264018491364,21.48766495200217,23.461801102265078,31.761417489156063,22.26607996024871,20.373741173874482,48.66647121423254,0.06688427439807451,Safe
2026-01-07 02:00:00,3,20.32531726119986,20.229264018491364,23.808522640927148,31.61628393166743,21.558406997528575,20.373741173874482,48.66647121423254,0.04187173807873942,Safe
2026-01-07 03:00:00,3,21.377800572770784,20.32531726119986,23.880413594044775,31.512008389114353,21.646069361265702,20.373741173874482,48.66647121423254,0.0449701439417889,Safe
2026-01-07 04:00:00,3,23.476792946289013,21.377800572770784,25.841996677932872,31.413458233629186,23.008166868595403,20.373741173874482,48.66647121423254,0.09311316362365495,Safe
2026-01-07 05:00:00,3,24.892993144445015,23.476792946289013,26.933405767673822,31.328441040994658,24.759742347672415,20.373741173874482,48.66647121423254,0.15502219165557182,Safe
2026-01-07 06:00:00,3,27.548255431855615,24.892993144445015,29.437835122972576,31.24970855386478,26.546359207099336,20.373741173874482,48.66647121423254,0.2181697491281399,Safe
2026-01-07 07:00:00,3,30.0491490556071,27.548255431855615,31.09453783038017,31.206150688249235,28.856565445001173,20.373741173874482,48.66647121423254,0.29982345143798245,Safe
2026-01-07 08:00:00,3,33.29549824672578,30.0491490556071,33.69067175614321,31.189685125356846,31.38677515372372,20.373741173874482,48.66647121423254,0.38925312526880973,Safe
2026-01-07 09:00:00,3,34.640713655534704,33.29549824672578,37.28073635512168,31.07968417954072,34.74646668300477,20.373741173874482,48.66647121423254,0.5080006411762925,Warning
2026-01-07 10:00:00,3,37.64883506959333,34.640713655534704,39.28564035877904,31.011483959157985,36.315594833672186,20.373741173874482,48.66647121423254,0.5634611108081969,Warning
2026-01-07 11:00:00,3,39.08120959039283,37.64883506959333,40.61311545044989,30.947654548322266,38.74486918957642,20.373741173874482,48.66647121423254,0.6493232480631337,Warning
2026-01-07 12:00:00,3,40.11392788837226,39.08120959039283,41.39378497551971,30.894327169691124,39.952436864581514,20.373741173874482,48.66647121423254,0.6920044467527393,Warning
2026-01-07 13:00:00,3,40.37520148595856,40.11392788837226,41.63902965004022,30.84166766285439,40.714425747717506,20.373741173874482,48.66647121423254,0.7189367666496435,High Risk
2026-01-07 14:00:00,3,39.13598033766495,40.37520148595856,41.47822275673517,30.744074228726465,40.83097166273048,20.373741173874482,48.66647121423254,0.7230560549165387,High Risk
2026-01-07 15:00:00,3,38.52283604485417,39.13598033766495,41.30306651294607,30.628231292555967,39.95736670066278,20.373741173874482,48.66647121423254,0.6921786906627471,Warning
2026-01-07 16:00:00,3,36.84547936389638,38.52283604485417,38.84390957898969,30.54496336692708,38.71353257518895,20.373741173874482,48.66647121423254,0.6482156627139933,Warning
2026-01-07 17:00:00,3,35.71005761465487,36.84547936389638,36.253543376170306,30.52231812686394,36.72603978933188,20.373741173874482,48.66647121423254,0.577968192329391,Warning
2026-01-07 18:00:00,3,32.58664381000304,35.71005761465487,34.38544602016775,30.447368034773742,35.34146384985135,20.373741173874482,48.66647121423254,0.5290306776898356,Warning
2026-01-07 19:00:00,3,29.08405245815564,32.58664381000304,31.370989541913307,30.352078989617173,32.25939903609655,20.373741173874482,48.66647121423254,0.4200958134889071,Warning
2026-01-07 20:00:00,3,28.104524583131894,29.08405245815564,28.814120396421416,30.322512497396776,29.084894839165596,20.373741173874482,48.66647121423254,0.30789370078360845,Safe
2026-01-07 21:00:00,3,25.421826638443108,28.104524583131894,26.2928031246627,30.286221810470963,27.579225003426437,20.373741173874482,48.66647121423254,0.25467615053752574,Safe
2026-01-07 22:00:00,3,23.626259567050806,25.421826638443108,24.52342768990072,30.248839805352215,25.21246073852401,20.373741173874482,48.66647121423254,0.17102341791421102,Safe
2026-01-07 23:00:00,3,21.643936435382717,23.626259567050806,22.391871591359873,30.21767584051983,23.304300912530167,20.373741173874482,48.66647121423254,0.10357995254948697,Safe
2026-01-08 00:00:00,3,20.289784940253046,21.643936435382717,21.48766495200217,30.16776417336362,21.69337063687533,20.373741173874482,48.66647121423254,0.04664199652972585,Safe
2026-01-08 01:00:00,3,23.406072739884703,20.289784940253046,20.229264018491364,30.300131203421675,20.373741173874482,20.373741173874482,48.66647121423254,0.0,Safe
2026-01-08 02:00:00,3,24.90596281081406,23.406072739884703,20.32531726119986,30.4909914346556,22.45278999361442,20.373741173874482,48.66647121423254,0.07348349711359739,Safe
2026-01-08 03:00:00,3,26.22014651114366,24.90596281081406,21.377800572770784,30.69275584875447,23.797672113696873,20.373741173874482,48.66647121423254,0.12101804293612864,Safe
2026-01-08 04:00:00,3,27.393211140021993,26.22014651114366,23.476792946289013,30.855939940160013,25.378610544675162,20.373741173874482,48.66647121423254,0.17689594417949628,Safe
2026-01-08 05:00:00,3,29.96398058516561,27.393211140021993,24.892993144445015,31.067231083523367,26.633316768351733,20.373741173874482,48.66647121423254,0.22124324391124717,Safe
2026-01-08 06:00:00,3,32.26456408980006,29.96398058516561,27.548255431855615,31.263743944271052,29.229634573957828,20.373741173874482,48.66647121423254,0.3130094930549791,Safe
2026-01-08 07:00:00,3,34.62714879674617,32.26456408980006,30.0491490556071,31.454493933485182,31.595738226053633,20.373741173874482,48.66647121423254,0.39663887647224927,Safe
2026-01-08 08:00:00,3,37.49771088174418,34.62714879674617,33.29549824672578,31.629586126610945,34.25756047675959,20.373741173874482,48.66647121423254,0.49072036499695243,Warning
2026-01-08 09:00:00,3,39.88343459291928,37.49771088174418,34.640713655534704,31.848032832335306,36.60258045229396,20.373741173874482,48.66647121423254,0.5736045507685317,Warning
2026-01-08 10:00:00,3,42.27365363854664,39.88343459291928,37.64883506959333,32.04073360604169,39.1981022993428,20.373741173874482,48.66647121423254,0.6653426669421337,Warning
2026-01-08 11:00:00,3,43.219656995921476,42.27365363854664,39.08120959039283,32.21316891460539,41.25753915550604,20.373741173874482,48.66647121423254,0.7381329837632834,High Risk
2026-01-08 12:00:00,3,43.792936002957816,43.219656995921476,40.11392788837226,32.36646091937978,42.23197157265545,20.373741173874482,48.66647121423254,0.7725740709725541,High Risk
2026-01-08 13:00:00,3,44.25177821129176,43.792936002957816,40.37520148595856,32.527984949602,42.69777053044306,20.373741173874482,48.66647121423254,0.7890376268280553,High Risk
2026-01-08 14:00:00,3,44.554480714639105,44.25177821129176,39.13598033766495,32.753755798642594,42.575134785270066,20.373741173874482,48.66647121423254,0.7847030949301604,High Risk
2026-01-08 15:00:00,3,43.24113357832235,44.554480714639105,38.52283604485417,32.950351529203765,42.56414633370481,20.373741173874482,48.66647121423254,0.7843147106646196,High Risk
2026-01-08 16:00:00,3,41.30814838635398,43.24113357832235,36.84547936389638,33.136296071806164,41.12799172469646,20.373741173874482,48.66647121423254,0.7335541599436673,High Risk
2026-01-08 17:00:00,3,40.85063249822823,41.30814838635398,35.71005761465487,33.35048669195505,39.47036248566819,20.373741173874482,48.66647121423254,0.6749656399219081,Warning
2026-01-08 18:00:00,3,36.62710464266457,40.85063249822823,32.58664381000304,33.518839226649284,38.10148459572687,20.373741173874482,48.66647121423254,0.626582969193208,Warning
2026-01-08 19:00:00,3,34.58152222785442,36.62710464266457,29.08405245815564,33.747900467053405,34.130089389894025,20.373741173874482,48.66647121423254,0.48621492907124636,Warning
2026-01-08 20:00:00,3,32.545550304655485,34.58152222785442,28.104524583131894,33.932943205450215,32.45185620129554,20.373741173874482,48.66647121423254,0.42689816724275503,Warning
2026-01-08 21:00:00,3,29.439810030174105,32.545550304655485,25.421826638443108,34.10035918010568,30.197307353913807,20.373741173874482,48.66647121423254,0.3472116624593977,Safe
2026-01-08 22:00:00,3,28.30636902328811,29.439810030174105,23.626259567050806,34.29536374078223,27.543808881388916,20.373741173874482,48.66647121423254,0.25342437593906075,Safe
2026-01-08 23:00:00,3,25.400057876260373,28.30636902328811,21.643936435382717,34.451868800818794,26.121458791247996,20.373741173874482,48.66647121423254,0.2031517427276534,Safe
2026-01-09 00:00:00,3,25.590523111122657,25.400057876260373,20.289784940253046,34.6727328912717,23.74990868233299,20.373741173874482,48.66647121423254,0.1193298555605179,Safe
2026-01-09 01:00:00,3,25.717585579230914,25.590523111122657,23.406072739884703,34.76904592624446,24.94100033754156,20.373741173874482,48.66647121423254,0.16142871316141694,Safe
2026-01-09 02:00:00,3,25.648596101570995,25.717585579230914,24.90596281081406,34.799988980025994,25.537518351860168,20.373741173874482,48.66647121423254,0.1825125036752315,Safe
2026-01-09 03:00:00,3,26.84816252298258,25.648596101570995,26.22014651114366,34.826156313852614,25.941779345158096,20.373741173874482,48.66647121423254,0.196801014484643,Safe
2026-01-09 04:00:00,3,28.55782986594101,26.84816252298258,27.393211140021993,34.87468209409924,27.130714337168083,20.373741173874482,48.66647121423254,0.2388236453262551,Safe
2026-01-09 05:00:00,3,30.718626499825035,28.55782986594101,29.96398058516561,34.90612567387672,29.132718954068363,20.373741173874482,48.66647121423254,0.3095840330047909,Safe
2026-01-09 06:00:00,3,33.28021700438586,30.718626499825035,32.26456408980006,34.94844454531779,31.33851418581152,20.373741173874482,48.66647121423254,0.3875473525795859,Safe
2026-01-09 07:00:00,3,35.214383950084866,33.28021700438586,34.62714879674617,34.972912676706905,33.82868488360461,20.373741173874482,48.66647121423254,0.4755618568789763,Warning
2026-01-09 08:00:00,3,39.213891914212866,35.214383950084866,37.49771088174418,35.04442021972644,36.08065258829165,20.373741173874482,48.66647121423254,0.5551571317739565,Warning
2026-01-09 09:00:00,3,41.239778319763786,39.213891914212866,39.88343459291928,35.10093454167829,39.52289198689657,20.373741173874482,48.66647121423254,0.6768222829286736,Warning
2026-01-09 10:00:00,3,43.84361304170558,41.239778319763786,42.27365363854664,35.16634951680991,41.67076642306704,20.373741173874482,48.66647121423254,0.7527384054516866,High Risk
2026-01-09 11:00:00,3,44.650294360068955,43.84361304170558,43.219656995921476,35.225959406982724,43.704086355729,20.373741173874482,48.66647121423254,0.8246056256843863,High Risk
2026-01-09 12:00:00,3,46.767040317203396,44.650294360068955,43.792936002957816,35.349880420076296,44.429871807113244,20.373741173874482,48.66647121423254,0.8502583437040414,High Risk
2026-01-09 13:00:00,3,46.29405892103628,46.767040317203396,44.25177821129176,35.43497544964898,45.97671393537763,20.373741173874482,48.66647121423254,0.9049311190560533,High Risk
2026-01-09 14:00:00,3,46.29967172995749,46.29405892103628,44.554480714639105,35.50769174195391,45.769698348257656,20.373741173874482,48.66647121423254,0.8976142012645301,High Risk
2026-01-09 15:00:00,3,45.400431923286604,46.29967172995749,43.24113357832235,35.597662506327424,45.32410967585352,20.373741173874482,48.66647121423254,0.8818649732466153,High Risk
2026-01-09 16:00:00,3,43.16866844566716,45.400431923286604,41.30814838635398,35.67518417546547,44.072416487093854,20.373741173874482,48.66647121423254,0.8376241685334119,High Risk
2026-01-09 17:00:00,3,41.56045098954244,43.16866844566716,40.85063249822823,35.7047599459369,42.45050623662578,20.373741173874482,48.66647121423254,0.780298127856939,High Risk
2026-01-09 18:00:00,3,38.847841167118666,41.56045098954244,36.62710464266457,35.79729063445581,39.949733756197034,20.373741173874482,48.66647121423254,0.6919089060154162,Warning
2026-01-09 19:00:00,3,36.4843520134068,38.847841167118666,34.58152222785442,35.87657520885383,37.46884321431929,20.373741173874482,48.66647121423254,0.6042224066690335,Warning
2026-01-09 20:00:00,3,32.58565753546078,36.4843520134068,32.545550304655485,35.87824634347072,35.22047692984016,20.373741173874482,48.66647121423254,0.5247544231339,Warning
2026-01-09 21:00:00,3,30.693736897935175,32.58565753546078,29.439810030174105,35.930493296294095,31.598127198290435,20.373741173874482,48.66647121423254,0.39672331414047557,Safe
2026-01-09 22:00:00,3,27.866914999181084,30.693736897935175,28.30636902328811,35.912182711956305,29.968138999499395,20.373741173874482,48.66647121423254,0.3391117602588107,Safe
2026-01-09 23:00:00,3,26.835817195348085,27.866914999181084,25.400057876260373,35.97200601691829,27.11781457195121,20.373741173874482,48.66647121423254,0.23836770612411617,Safe
2026-01-10 00:00:00,3,25.893176479443188,26.835817195348085,25.590523111122657,35.98461657393165,26.505938802754507,20.373741173874482,48.66647121423254,0.21674109933511812,Safe
2026-01-10 01:00:00,3,25.287325436352518,25.893176479443188,25.717585579230914,35.966689067978386,25.9304559535726,20.373741173874482,48.66647121423254,0.19640079184196693,Safe
2026-01-10 02:00:00,3,26.051900840953873,25.287325436352518,25.648596101570995,35.98349343211934,25.50904700431881,20.373741173874482,48.66647121423254,0.18150619051653552,Safe
2026-01-10 03:00:00,3,26.58040027031723,26.051900840953873,26.84816252298258,35.97233667159161,26.421427684161934,20.373741173874482,48.66647121423254,0.21375407349897588,Safe
2026-01-10 04:00:00,3,28.793936045156737,26.58040027031723,28.55782986594101,35.98217442905894,27.353295149168737,20.373741173874482,48.66647121423254,0.24669071237196216,Safe
2026-01-10 05:00:00,3,30.336935648413636,28.793936045156737,30.718626499825035,35.966270643583464,29.54590075834652,20.373741173874482,48.66647121423254,0.324187847804033,Safe
2026-01-10 06:00:00,3,33.85314131916701,30.336935648413636,33.28021700438586,35.990142490032675,31.435329447585822,20.373741173874482,48.66647121423254,0.3909692654955289,Safe
2026-01-10 07:00:00,3,36.18226828885359,33.85314131916701,35.214383950084866,36.03047100414804,34.405756947351854,20.373741173874482,48.66647121423254,0.49595833479141543,Warning
2026-01-10 08:00:00,3,38.37932529609665,36.18226828885359,39.213891914212866,35.995697395059864,37.30325349083772,20.373741173874482,48.66647121423254,0.5983696763954741,Warning
2026-01-10 09:00:00,3,41.75214800208133,38.37932529609665,41.239778319763786,36.01704613182309,39.43888841603325,20.373741173874482,48.66647121423254,0.673853196249007,Warning
2026-01-10 10:00:00,3,43.63648315061308,41.75214800208133,43.84361304170558,36.00841571969424,42.544251158104856,20.373741173874482,48.66647121423254,0.7836115203090623,High Risk
2026-01-10 11:00:00,3,45.27508611475188,43.63648315061308,44.650294360068955,36.03444870947269,44.05747960821328,20.373741173874482,48.66647121423254,0.8370962280224987,High Risk
2026-01-10 12:00:00,3,46.26426754824127,45.27508611475188,46.767040317203396,36.01349984409927,45.85750868414128,20.373741173874482,48.66647121423254,0.900717837168691,High Risk
2026-01-10 13:00:00,3,46.44843631543211,46.26426754824127,46.29405892103628,36.01993223553243,46.345217622204636,20.373741173874482,48.66647121423254,0.9179557961825333,High Risk
2026-01-10 14:00:00,3,46.08802137450366,46.44843631543211,46.29967172995749,36.01111347072186,46.468065012875854,20.373741173874482,48.66647121423254,0.9222978086413512,High Risk
2026-01-10 15:00:00,3,45.48148203024796,46.08802137450366,45.400431923286604,36.01449055851191,45.92379748385565,20.373741173874482,48.66647121423254,0.903060799381134,High Risk
2026-01-10 16:00:00,3,43.45129195580451,45.48148203024796,43.16866844566716,36.02626653810097,44.76208774537553,20.373741173874482,48.66647121423254,0.8620004387951233,High Risk
2026-01-10 17:00:00,3,41.29631385712492,43.45129195580451,41.56045098954244,36.01526082425024,42.87889714597804,20.373741173874482,48.66647121423254,0.7954395049386064,High Risk
2026-01-10 18:00:00,3,39.89088552522139,41.29631385712492,38.847841167118666,36.05872100583785,40.53597511390488,20.373741173874482,48.66647121423254,0.7126294704908501,High Risk
2026-01-10 19:00:00,3,36.252932803327354,39.89088552522139,36.4843520134068,36.04907853875121,38.80464447411645,20.373741173874482,48.66647121423254,0.6514359915962612,Warning
2026-01-10 20:00:00,3,33.703202059713576,36.252932803327354,32.58565753546078,36.09564289392841,35.08224441344583,20.373741173874482,48.66647121423254,0.5198686269837457,Warning
2026-01-10 21:00:00,3,31.136695023259502,33.703202059713576,30.693736897935175,36.11409948248359,32.76086728461633,20.373741173874482,48.66647121423254,0.43782009213151896,Warning
2026-01-10 22:00:00,3,28.449341814978663,31.136695023259502,27.866914999181084,36.13836726647516,30.10866054978817,20.373741173874482,48.66647121423254,0.34407846177971824,Safe
2026-01-10 23:00:00,3,26.181549627372696,28.449341814978663,26.835817195348085,36.11110611780951,27.991392024966785,20.373741173874482,48.66647121423254,0.2692440980768571,Safe
2026-01-11 00:00:00,3,26.517310163303218,26.181549627372696,25.893176479443188,36.13711168797035,26.17987181029339,20.373741173874482,48.66647121423254,0.20521633730362665,Safe
2026-01-11 01:00:00,3,27.18495675405852,26.517310163303218,25.287325436352518,36.21617965954143,26.193084544103918,20.373741173874482,48.66647121423254,0.205683338307937,Safe
2026-01-11 02:00:00,3,26.568977528296536,27.18495675405852,26.051900840953873,36.237724521514046,26.893017486142696,20.373741173874482,48.66647121423254,0.23042230539599792,Safe
2026-01-11 03:00:00,3,28.013842878167928,26.568977528296536,26.58040027031723,36.29745129684115,26.669349225313574,20.373741173874482,48.66647121423254,0.2225168027243021,Safe
2026-01-11 04:00:00,3,29.81183515315963,28.013842878167928,28.793936045156737,36.33986375967461,28.3752781222042,20.373741173874482,48.66647121423254,0.28281246292257745,Safe
2026-01-11 05:00:00,3,31.0220996435083,29.81183515315963,30.336935648413636,36.36841225947022,30.083695023410385,20.373741173874482,48.66647121423254,0.3431960610548758,Safe
2026-01-11 06:00:00,3,34.50499745062322,31.0220996435083,33.85314131916701,36.39557293161423,32.081203884813405,20.373741173874482,48.66647121423254,0.41379754730071333,Warning
2026-01-11 07:00:00,3,37.83659145728813,34.50499745062322,36.18226828885359,36.464503063632336,35.16487028002218,20.373741173874482,48.66647121423254,0.522789019025733,Warning
2026-01-11 08:00:00,3,40.42420991264145,37.83659145728813,38.37932529609665,36.5497065893217,38.104009922858246,20.373741173874482,48.66647121423254,0.6266722262934777,Warning
2026-01-11 09:00:00,3,42.54729734496162,40.42420991264145,41.75214800208133,36.582837811941715,40.956856411294694,20.373741173874482,48.66647121423254,0.7275054220838387,High Risk
2026-01-11 10:00:00,3,45.064787834540255,42.54729734496162,43.63648315061308,36.64235050710534,42.99549973857549,20.373741173874482,48.66647121423254,0.7995607964615465,High Risk
2026-01-11 11:00:00,3,47.361321513913516,45.064787834540255,45.27508611475188,36.72927698207041,45.20905180092205,20.373741173874482,48.66647121423254,0.8777982794104017,High Risk
2026-01-11 12:00:00,3,47.89422280522826,47.361321513913516,46.26426754824127,36.79719178444487,47.055364813230696,20.373741173874482,48.66647121423254,0.9430557835260341,High Risk
2026-01-11 13:00:00,3,48.59880747799253,47.89422280522826,46.44843631543211,36.88679058288489,47.46827502192824,20.373741173874482,48.66647121423254,0.9576499988426309,High Risk
2026-01-11 14:00:00,3,47.20552977007786,48.59880747799253,46.08802137450366,36.93335343270048,47.80762153861397,20.373741173874482,48.66647121423254,0.9696441225700884,High Risk
2026-01-11 15:00:00,3,46.76088328761223,47.20552977007786,45.48148203024796,36.986661818424,46.685292308045035,20.373741173874482,48.66647121423254,0.9299756568794487,High Risk
2026-01-11 16:00:00,3,45.09418064095614,46.76088328761223,43.45129195580451,37.05511551363865,45.69883818766594,20.373741173874482,48.66647121423254,0.8951096653648095,High Risk
2026-01-11 17:00:00,3,42.57479072546985,45.09418064095614,41.29631385712492,37.10838538315301,43.8672799584954,20.373741173874482,48.66647121423254,0.8303736656284136,High Risk
2026-01-11 18:00:00,3,41.24256012302031,42.57479072546985,39.89088552522139,37.1647051580613,41.73224585617734,20.373741173874482,48.66647121423254,0.7549113817197819,High Risk
2026-01-11 19:00:00,3,37.759416743428744,41.24256012302031,36.252932803327354,37.2274753222322,39.613005003323806,20.373741173874482,48.66647121423254,0.6800073065412297,Warning
2026-01-11 20:00:00,3,33.698657414206764,37.759416743428744,33.703202059713576,37.227285962002746,36.45371249789187,20.373741173874482,48.66647121423254,0.5683428475349438,Warning
2026-01-11 21:00:00,3,31.79097554847683,33.698657414206764,31.136695023259502,37.25454765055347,32.90941179010336,20.373741173874482,48.66647121423254,0.4430703631384126,Warning
2026-01-11 22:00:00,3,29.7643905147914,31.79097554847683,28.449341814978663,37.30934134637899,30.73750719031138,20.373741173874482,48.66647121423254,0.3663049000696873,Safe
2026-01-11 23:00:00,3,26.975825365470314,29.7643905147914,26.181549627372696,37.34243616879973,28.63105420905064,20.373741173874482,48.66647121423254,0.2918528092391486,Safe
2026-01-12 00:00:00,3,26.784943891474786,26.975825365470314,26.517310163303218,37.353587574140214,26.91490814929471,20.373741173874482,48.66647121423254,0.23119602579509227,Safe
2026-01-12 01:00:00,3,26.812506386354848,26.784943891474786,27.18495675405852,37.33806880881923,27.017963907320514,20.373741173874482,48.66647121423254,0.23483850760000533,Safe
2026-01-12 02:00:00,3,26.191241347100554,26.812506386354848,26.568977528296536,37.3223298012694,26.82534556088407,20.373741173874482,48.66647121423254,0.22803045693279742,Safe
2026-01-12 03:00:00,3,27.60292629174698,26.191241347100554,28.013842878167928,37.30520827683519,26.911680041565255,20.373741173874482,48.66647121423254,0.23108192907799377,Safe
2026-01-12 04:00:00,3,30.06190858181192,27.60292629174698,29.81183515315963,37.31562800302903,28.453671813593072,20.373741173874482,48.66647121423254,0.28558326971662806,Safe
2026-01-12 05:00:00,3,31.69438201137143,30.06190858181192,31.0220996435083,37.34363976835667,30.48227928165332,20.373741173874482,48.66647121423254,0.3572839289837221,Safe
2026-01-12 06:00:00,3,34.72222944810465,31.69438201137143,34.50499745062322,37.35269110158506,32.74562135205357,20.373741173874482,48.66647121423254,0.43728122819007,Warning
2026-01-12 07:00:00,3,37.621883315987944,34.72222944810465,37.83659145728813,37.34374492903088,35.87342363206626,20.373741173874482,48.66647121423254,0.5478326725010152,Warning
2026-01-12 08:00:00,3,40.186136135715195,37.621883315987944,40.42420991264145,37.33382518832562,38.66255092881348,20.373741173874482,48.66647121423254,0.646413728277097,Warning
2026-01-12 09:00:00,3,43.17186899595839,40.186136135715195,42.54729734496162,37.359849007117155,41.07254171818599,20.373741173874482,48.66647121423254,0.7315942923567818,High Risk
2026-01-12 10:00:00,3,45.65093184622378,43.17186899595839,45.064787834540255,37.384271674270636,43.89419987169567,20.373741173874482,48.66647121423254,0.831325143701063,High Risk
2026-01-12 11:00:00,3,46.84407364826632,45.65093184622378,47.361321513913516,37.36271967986867,46.30758700446985,20.373741173874482,48.66647121423254,0.9166257507485628,High Risk
2026-01-12 12:00:00,3,48.276858738581055,46.84407364826632,47.89422280522826,37.37866284375837,47.2733143372499,20.373741173874482,48.66647121423254,0.9507591587749032,High Risk
2026-01-12 13:00:00,3,48.5160078298921,48.276858738581055,48.59880747799253,37.37521285842085,48.45512424044668,20.373741173874482,48.66647121423254,0.9925299550091371,High Risk
2026-01-12 14:00:00,3,48.28362217235772,48.5160078298921,47.20552977007786,37.42013337518251,48.13553527921363,20.373741173874482,48.66647121423254,0.9812341574851308,High Risk
2026-01-12 15:00:00,3,46.79619322169211,48.28362217235772,46.76088328761223,37.42160462243584,47.83084203777533,20.373741173874482,48.66647121423254,0.9704648457137195,High Risk
2026-01-12 16:00:00,3,44.16043184707808,46.79619322169211,45.09418064095614,37.382698422690915,46.284027863219386,20.373741173874482,48.66647121423254,0.915793058379033,High Risk
2026-01-12 17:00:00,3,43.17982252021406,44.16043184707808,42.57479072546985,37.407908080805264,43.69151527289825,20.373741173874482,48.66647121423254,0.8241613036847599,High Risk
2026-01-12 18:00:00,3,40.366093121248696,43.17982252021406,41.24256012302031,37.37138862239811,42.59190202181476,20.373741173874482,48.66647121423254,0.7852957290071174,High Risk
2026-01-12 19:00:00,3,37.07841903552665,40.366093121248696,37.759416743428744,37.34301371790219,39.55284961387858,20.373741173874482,48.66647121423254,0.6778811282886099,Warning
2026-01-12 20:00:00,3,35.198217196191976,37.07841903552665,33.698657414206764,37.405495375484904,36.00500687954184,20.373741173874482,48.66647121423254,0.5524834517873229,Warning
2026-01-12 21:00:00,3,32.66930124486462,35.198217196191976,31.79097554847683,37.44209227950106,34.11785851990142,20.373741173874482,48.66647121423254,0.4857826318152777,Warning
2026-01-12 22:00:00,3,29.72934297173603,32.66930124486462,29.7643905147914,37.440631965207096,31.764082184904733,20.373741173874482,48.66647121423254,0.4025889545545301,Warning
2026-01-12 23:00:00,3,27.826523324521485,29.72934297173603,26.975825365470314,37.47607771350089,28.879750043598797,20.373741173874482,48.66647121423254,0.30064290568453617,Safe
2026-01-13 00:00:00,3,27.348917514481304,27.826523324521485,26.784943891474786,37.49957661445949,27.56503929384402,20.373741173874482,48.66647121423254,0.2541747599307942,Safe
2026-01-13 01:00:00,3,26.80528281712987,27.348917514481304,26.812506386354848,37.499275632408455,27.26086646412932,20.373741173874482,48.66647121423254,0.24342384199074762,Safe
2026-01-13 02:00:00,3,26.953871690417014,26.80528281712987,26.191241347100554,37.53105189671331,26.69138524664502,20.373741173874482,48.66647121423254,0.22329566077444976,Safe
2026-01-13 03:00:00,3,27.15472245017506,26.953871690417014,27.60292629174698,37.51237673664781,27.271864247883997,20.373741173874482,48.66647121423254,0.24381255610035363,Safe
2026-01-13 04:00:00,3,29.942845526834333,27.15472245017506,30.06190858181192,37.50741577602374,28.244921928429083,20.373741173874482,48.66647121423254,0.27820505356399794,Safe
2026-01-13 05:00:00,3,31.16408060068739,29.942845526834333,31.69438201137143,37.485319883911906,30.634077666099206,20.373741173874482,48.66647121423254,0.36264920758582503,Safe
2026-01-13 06:00:00,3,34.21841283247205,31.16408060068739,34.72222944810465,37.46432752492722,32.47173074873131,20.373741173874482,48.66647121423254,0.42760062850064556,Warning
2026-01-13 07:00:00,3,37.28235006978645,34.21841283247205,37.621883315987944,37.45018030633549,35.469163748268066,20.373741173874482,48.66647121423254,0.5335442009066137,Warning
2026-01-13 08:00:00,3,41.121368178345705,37.28235006978645,40.186136135715195,37.48914830811176,38.358168411919955,20.373741173874482,48.66647121423254,0.6356553989924711,Warning
2026-01-13 09:00:00,3,43.224488686313826,41.121368178345705,43.17186899595839,37.4913407952099,41.900281418208394,20.373741173874482,48.66647121423254,0.7608505595881664,High Risk
2026-01-13 10:00:00,3,45.113044679678865,43.224488686313826,45.65093184622378,37.4689288299372,44.12926064015021,20.373741173874482,48.66647121423254,0.839633311905795,High Risk
2026-01-13 11:00:00,3,46.22492305593167,45.113044679678865,46.84407364826632,37.44313088858992,45.777462219019625,20.373741173874482,48.66647121423254,0.8978886134713578,High Risk
2026-01-13 12:00:00,3,47.22938178630624,46.22492305593167,48.276858738581055,37.39948601557847,46.9976662560275,20.373741173874482,48.66647121423254,0.9410164414377468,High Risk
2026-01-13 13:00:00,3,47.903053698287465,47.22938178630624,48.5160078298921,37.37394626009495,47.73901438308776,20.373741173874482,48.66647121423254,0.9672192186105397,High Risk
2026-01-13 14:00:00,3,47.98110715195844,47.903053698287465,48.28362217235772,37.361341467578306,48.10185990184192,20.373741173874482,48.66647121423254,0.9800439091021214,High Risk
2026-01-13 15:00:00,3,46.53605000061447,47.98110715195844,46.79619322169211,37.350502166700075,47.64428611502742,20.373741173874482,48.66647121423254,0.9638710700021491,High Risk
2026-01-13 16:00:00,3,44.73144520060856,46.53605000061447,44.16043184707808,37.37429438976385,45.79379495730794,20.373741173874482,48.66647121423254,0.8984658903084725,High Risk
2026-01-13 17:00:00,3,43.93764575952808,44.73144520060856,43.17982252021406,37.4058703580686,44.27342051100778,20.373741173874482,48.66647121423254,0.8447286090212249,High Risk
2026-01-13 18:00:00,3,40.04453563711302,43.93764575952808,40.366093121248696,37.39247212956294,42.789672810888774,20.373741173874482,48.66647121423254,0.792285891561305,High Risk
2026-01-13 19:00:00,3,37.567513473173804,40.04453563711302,37.07841903552665,37.41285106446491,39.10875331528306,20.373741173874482,48.66647121423254,0.6621846478759542,Warning
2026-01-13 20:00:00,3,33.80191436228457,37.567513473173804,35.198217196191976,37.354671779718764,36.83912628580227,20.373741173874482,48.66647121423254,0.5819652082522824,Warning
2026-01-13 21:00:00,3,32.171094353470984,33.80191436228457,32.66930124486462,37.33391315924403,33.50149047306616,20.373741173874482,48.66647121423254,0.4639972465176887,Warning
2026-01-13 22:00:00,3,29.578312600694108,32.171094353470984,29.72934297173603,37.327620227117286,31.42496459922664,20.373741173874482,48.66647121423254,0.3906029223403066,Safe
2026-01-13 23:00:00,3,27.88470602200771,29.578312600694108,27.826523324521485,37.33004450617921,29.07159131079691,20.373741173874482,48.66647121423254,0.3074234906667517,Safe
2026-01-14 00:00:00,3,27.352538568207,27.88470602200771,27.348917514481304,37.33019538341778,27.796168677648026,20.373741173874482,48.66647121423254,0.26234397425917816,Safe
2026-01-14 01:00:00,3,27.221428262450505,27.352538568207,26.80528281712987,37.3475347769728,27.260773027567843,20.373741173874482,48.66647121423254,0.24342053949720802,Safe
2026-01-14 02:00:00,3,26.576794052624756,27.221428262450505,26.953871690417014,37.33182320873146,27.225514254900624,20.373741173874482,48.66647121423254,0.2421743263756495,Safe
2026-01-14 03:00:00,3,27.282267437504668,26.576794052624756,27.15472245017506,37.33713758320353,26.87094766567491,20.373741173874482,48.66647121423254,0.22964225272323535,Safe
2026-01-14 04:00:00,3,29.756408887578747,27.282267437504668,29.942845526834333,37.32936938990121,28.28793996081287,20.373741173874482,48.66647121423254,0.2797255159160567,Safe
2026-01-14 05:00:00,3,31.82725230663685,29.756408887578747,31.16408060068739,37.35700154431577,30.33025396194261,20.373741173874482,48.66647121423254,0.35191062940745094,Safe
2026-01-14 06:00:00,3,34.809197500933955,31.82725230663685,34.21841283247205,37.38161757216835,32.73482971595139,20.373741173874482,48.66647121423254,0.4368998003213081,Warning
2026-01-14 07:00:00,3,36.53955208416276,34.809197500933955,37.28235006978645,37.350667656100704,35.74093114478482,20.373741173874482,48.66647121423254,0.5431497563451851,Warning
2026-01-14 08:00:00,3,40.23767644859856,36.53955208416276,41.121368178345705,37.31384716736124,38.19036591663348,20.373741173874482,48.66647121423254,0.6297244588139811,Warning
2026-01-14 09:00:00,3,42.70908298203198,40.23767644859856,43.224488686313826,37.29237192968282,41.33803952487348,20.373741173874482,48.66647121423254,0.7409782506006422,High Risk
2026-01-14 10:00:00,3,44.59908388447517,42.70908298203198,45.113044679678865,37.270956896549336,43.606837082902125,20.373741173874482,48.66647121423254,0.8211683727487065,High Risk
2026-01-14 11:00:00,3,46.430465488371404,44.59908388447517,46.22492305593167,37.27952116456766,45.228188545834385,20.373741173874482,48.66647121423254,0.8784746632096553,High Risk
2026-01-14 12:00:00,3,46.92008637229206,46.430465488371404,47.22938178630624,37.266633855650404,46.77430343364284,20.373741173874482,48.66647121423254,0.9331217344168501,High Risk
2026-01-14 13:00:00,3,48.92054513553164,46.92008637229206,47.903053698287465,37.309029332202236,47.32624607190854,20.373741173874482,48.66647121423254,0.9526300186287342,High Risk
2026-01-14 14:00:00,3,48.16864266262678,48.92054513553164,47.98110715195844,37.31684331181342,48.66647121423254,20.373741173874482,48.66647121423254,0.9999999646552324,High Risk
2026-01-14 15:00:00,3,47.34107667263359,48.16864266262678,46.53605000061447,37.35038608981422,47.67843345165782,20.373741173874482,48.66647121423254,0.9650779996754171,High Risk
2026-01-14 16:00:00,3,44.77517566734898,47.34107667263359,44.73144520060856,37.352208192595064,46.51771890656333,20.373741173874482,48.66647121423254,0.9240528139682194,High Risk
2026-01-14 17:00:00,3,43.04649553986313,44.77517566734898,43.93764575952808,37.31507693344236,44.56137310722587,20.373741173874482,48.66647121423254,0.8549062265798602,High Risk
2026-01-14 18:00:00,3,40.794023408606826,43.04649553986313,40.04453563711302,37.34630559058794,42.0945338283892,20.373741173874482,48.66647121423254,0.7677163658584666,High Risk
2026-01-14 19:00:00,3,37.601833349358046,40.794023408606826,37.567513473173804,37.34773558542895,39.76818668796401,20.373741173874482,48.66647121423254,0.6854921671020163,Warning
2026-01-14 20:00:00,3,34.53601346109431,37.601833349358046,33.80191436228457,37.378323047879356,36.38400924792181,20.373741173874482,48.66647121423254,0.5658792023721408,Warning
2026-01-14 21:00:00,3,31.99243210978304,34.53601346109431,32.171094353470984,37.370878787725694,33.813080179663764,20.373741173874482,48.66647121423254,0.47501031224659046,Warning
2026-01-14 22:00:00,3,30.481690522878136,31.99243210978304,29.578312600694108,37.408519534483354,31.255987937681265,20.373741173874482,48.66647121423254,0.38463048152841256,Safe
2026-01-14 23:00:00,3,28.718612551986947,30.481690522878136,27.88470602200771,37.44326563989916,29.684663030999815,20.373741173874482,48.66647121423254,0.32909236806598147,Safe
2026-01-02 00:00:00,4,25.340837302017352,26.363288228649637,24.24280283632088,37.22020425088062,25.73463823428539,19.66966777563289,54.71263551119209,0.17307239305036917,Safe
2026-01-02 01:00:00,4,24.608446179149126,25.340837302017352,24.07663837176571,37.242362909521596,25.00644304422262,19.66966777563289,54.71263551119209,0.15229232742414134,Safe
2026-01-02 02:00:00,4,24.89511742182046,24.608446179149126,25.000055573777015,37.23799048652341,24.84143215584664,19.66966777563289,54.71263551119209,0.14758351152383378,Safe
2026-01-02 03:00:00,4,27.148955501041865,24.89511742182046,26.61320415590192,37.26031345923757,25.581494981482546,19.66966777563289,54.71263551119209,0.16870223668723414,Safe
2026-01-02 04:00:00,4,28.59752074327107,27.148955501041865,28.24192654773638,37.275129884051516,27.618549843255245,19.66966777563289,54.71263551119209,0.22683243898672242,Safe
2026-01-02 05:00:00,4,31.37056183928936,28.59752074327107,31.339131588573643,37.27643947783134,29.62919662093544,19.66966777563289,54.71263551119209,0.28420904976570377,Safe
2026-01-02 06:00:00,4,34.366773487959286,31.37056183928936,34.30920858209438,37.27883801557571,32.4660211818849,19.66966777563289,54.71263551119209,0.3651617961598997,Safe
2026-01-02 07:00:00,4,37.67356492893367,34.366773487959286,37.0707397354817,37.30395573196954,35.37804206193118,19.66966777563289,54.71263551119209,0.4482603744230868,Warning
2026-01-02 08:00:00,4,40.65272175354297,37.67356492893367,41.13821918144312,37.2837266724737,38.940736312462846,19.66966777563289,54.71263551119209,0.5499268250430791,Warning
2026-01-02 09:00:00,4,44.26035464264642,40.65272175354297,43.41743376283428,37.318848375799206,41.676566358618594,19.66966777563289,54.71263551119209,0.6279975520639783,Warning
2026-01-02 10:00:00,4,46.25788341566758,44.26035464264642,46.40199452275205,37.31284374633736,45.06634819779886,19.66966777563289,54.71263551119209,0.7247297058024413,High Risk
2026-01-02 11:00:00,4,47.8256368155053,46.25788341566758,47.875528838523735,37.31076491204492,46.882020157348464,19.66966777563289,54.71263551119209,0.7765424381440134,High Risk
2026-01-02 12:00:00,4,49.78942315376229,47.8256368155053,49.47097059612406,37.32403376861318,48.45719913493386,19.66966777563289,54.71263551119209,0.8214923677425011,High Risk
2026-01-02 13:00:00,4,49.70380275762418,49.78942315376229,49.40138114123134,37.33663466929621,49.72283856715885,19.66966777563289,54.71263551119209,0.8576091545871245,High Risk
2026-01-02 14:00:00,4,49.392827025379525,49.70380275762418,49.30416729812287,37.34032882459858,49.63336399365202,19.66966777563289,54.71263551119209,0.8550558728094867,High Risk
2026-01-02 15:00:00,4,48.10182816258228,49.392827025379525,47.64682901849741,37.359287122268775,48.86222600201967,19.66966777563289,54.71263551119209,0.8330503744325797,High Risk
2026-01-02 16:00:00,4,45.77401858147924,48.10182816258228,45.601068574635434,37.36649337255394,47.31472075707184,19.66966777563289,54.71263551119209,0.7888901534014909,High Risk
2026-01-02 17:00:00,4,42.913756428847904,45.77401858147924,42.847333827286704,37.36926098095232,44.8442474251939,19.66966777563289,54.71263551119209,0.7183917504117044,High Risk
2026-01-02 18:00:00,4,40.56361315621702,42.913756428847904,40.09846440780222,37.38864217880293,42.02582392414144,19.66966777563289,54.71263551119209,0.6379641039322977,Warning
2026-01-02 19:00:00,4,37.28664180000035,40.56361315621702,37.60387363604981,37.37542418563421,39.629334855537365,19.66966777563289,54.71263551119209,0.5695769451077007,Warning
2026-01-02 20:00:00,4,34.45892348711472,37.28664180000035,34.14134891412034,37.38865645950897,36.29316571908036,19.66966777563289,54.71263551119209,0.4743747046345159,Warning
2026-01-02 21:00:00,4,30.95413290347197,34.45892348711472,31.192217528384038,37.3787362668043,33.42760460756364,19.66966777563289,54.71263551119209,0.3926019206805996,Safe
2026-01-02 22:00:00,4,28.87417899487173,30.95413290347197,28.789040687329738,37.38228369628522,30.304231938557677,19.66966777563289,54.71263551119209,0.3034721242704977,Safe
2026-01-02 23:00:00,4,26.242713551260735,28.87417899487173,26.363288228649637,37.377259751394014,28.10870076777133,19.66966777563289,54.71263551119209,0.24081957940895254,Safe
2026-01-03 00:00:00,4,25.097665592643057,26.242713551260735,25.340837302017352,37.36712759683675,26.031086747790788,19.66966777563289,54.71263551119209,0.18153196494744364,Safe
2026-01-03 01:00:00,4,24.554798068459775,25.097665592643057,24.608446179149126,37.364892258891366,25.028696251182303,19.66966777563289,54.71263551119209,0.15292735372934993,Safe
2026-01-03 02:00:00,4,26.051344842139777,24.554798068459775,24.89511742182046,37.41306840140467,24.770308597766014,19.66966777563289,54.71263551119209,0.14555390157219592,Safe
2026-01-03 03:00:00,4,26.972010651267944,26.051344842139777,27.148955501041865,37.40569569933076,26.52395886007648,19.66966777563289,54.71263551119209,0.1955967582589064,Safe
2026-01-03 04:00:00,4,28.534252649464637,26.972010651267944,28.59752074327107,37.40305952875549,27.624008640310418,19.66966777563289,54.71263551119209,0.22698821337605474,Safe
2026-01-03 05:00:00,4,30.976500966175788,28.534252649464637,31.37056183928936,37.38664032570909,29.598405822347672,19.66966777563289,54.71263551119209,0.2833303913729141,Safe
2026-01-03 06:00:00,4,34.49714087343827,30.976500966175788,34.366773487959286,37.39207230010405,32.226968247412906,19.66966777563289,54.71263551119209,0.3583400871809621,Safe
2026-01-03 07:00:00,4,37.52209012397239,34.49714087343827,37.67356492893367,37.38576084989733,35.66985921971221,19.66966777563289,54.71263551119209,0.45658778412353573,Warning
2026-01-03 08:00:00,4,40.78942230093715,37.52209012397239,40.65272175354297,37.39145670603875,38.67519564683367,19.66966777563289,54.71263551119209,0.5423492517035314,Warning
2026-01-03 09:00:00,4,43.43731330052146,40.78942230093715,44.26035464264642,37.35716331678355,42.054674665762995,19.66966777563289,54.71263551119209,0.6387874000930559,Warning
2026-01-03 10:00:00,4,45.61990432114458,43.43731330052146,46.25788341566758,37.33058085451176,44.476631732241174,19.66966777563289,54.71263551119209,0.7079013237664387,High Risk
2026-01-03 11:00:00,4,48.08555061475415,45.61990432114458,47.8256368155053,37.34141059614712,46.44604847803855,19.66966777563289,54.71263551119209,0.7641013780671734,High Risk
2026-01-03 12:00:00,4,49.392620165331564,48.08555061475415,49.78942315376229,37.32487713829584,48.73679883977311,19.66966777563289,54.71263551119209,0.8294711353791463,High Risk
2026-01-03 13:00:00,4,49.748039441151086,49.392620165331564,49.70380275762418,37.3267203334428,49.565746516864714,19.66966777563289,54.71263551119209,0.8531263137787563,High Risk
2026-01-03 14:00:00,4,49.15765175449221,49.748039441151086,49.392827025379525,37.31692136382249,49.69273932275323,19.66966777563289,54.71263551119209,0.8567502306576836,High Risk
2026-01-03 15:00:00,4,48.03455043048743,49.15765175449221,48.10182816258228,37.31411812498521,48.86345480282713,19.66966777563289,54.71263551119209,0.8330854399778745,High Risk
2026-01-03 16:00:00,4,46.32658703775399,48.03455043048743,45.77401858147924,37.33714181066332,47.32970872720939,19.66966777563289,54.71263551119209,0.7893178560385208,High Risk
2026-01-03 17:00:00,4,43.47522303587517,46.32658703775399,42.913756428847904,37.360536252622786,45.229792326288404,19.66966777563289,54.71263551119209,0.7293938120236615,High Risk
2026-01-03 18:00:00,4,40.82494786490091,43.47522303587517,40.56361315621702,37.37142519881795,42.55360900555613,19.66966777563289,54.71263551119209,0.6530251875236298,Warning
2026-01-03 19:00:00,4,37.45067031701967,40.82494786490091,37.28664180000035,37.378259720360425,39.69241053794785,19.66966777563289,54.71263551119209,0.5713768976998017,Warning
2026-01-03 20:00:00,4,34.23683594250535,37.45067031701967,34.45892348711472,37.36900607266836,36.50950569477465,19.66966777563289,54.71263551119209,0.48054826764873515,Warning
2026-01-03 21:00:00,4,30.952309009274412,34.23683594250535,30.95413290347197,37.368930077076804,33.20033458573588,19.66966777563289,54.71263551119209,0.3861164535518647,Safe
2026-01-03 22:00:00,4,28.947944997988873,30.952309009274412,28.87417899487173,37.37200366054002,30.33215874077561,19.66966777563289,54.71263551119209,0.30426905453142034,Safe
2026-01-03 23:00:00,4,27.015206886037838,28.947944997988873,26.242713551260735,37.4041908828224,28.115889796376038,19.66966777563289,54.71263551119209,0.24102472836933192,Safe
2026-01-04 00:00:00,4,25.230949585645412,27.015206886037838,25.097665592643057,37.409744382530825,26.455129827583193,19.66966777563289,54.71263551119209,0.19363262579590979,Safe
2026-01-04 01:00:00,4,22.53198138107372,25.230949585645412,24.554798068459775,37.32546035388974,25.0978599403404,19.66966777563289,54.71263551119209,0.15490103608714378,Safe
2026-01-04 02:00:00,4,22.84995107911817,22.53198138107372,26.051344842139777,37.19206894709718,23.837629844478563,19.66966777563289,54.71263551119209,0.1189386122020053,Safe
2026-01-04 03:00:00,4,22.65727319008155,22.84995107911817,26.972010651267944,37.012288219547735,24.361356813507104,19.66966777563289,54.71263551119209,0.13388389189507818,Safe
2026-01-04 04:00:00,4,24.406440267450336,22.65727319008155,28.534252649464637,36.840296036963814,24.769259163715297,19.66966777563289,54.71263551119209,0.14552395450753264,Safe
2026-01-04 05:00:00,4,26.791534556622327,24.406440267450336,30.976500966175788,36.66592243656575,26.75323483277497,19.66966777563289,54.71263551119209,0.2021394679941646,Safe
2026-01-04 06:00:00,4,29.153066493149865,26.791534556622327,34.49714087343827,36.4432526707204,29.52366740575541,19.66966777563289,54.71263551119209,0.28119762639069323,Safe
2026-01-04 07:00:00,4,31.861901920692315,29.153066493149865,37.52209012397239,36.207411495583735,32.109061175425374,19.66966777563289,54.71263551119209,0.35497544439406586,Safe
2026-01-04 08:00:00,4,34.96525132132602,31.861901920692315,40.78942230093715,35.9647377047666,35.00541358263407,19.66966777563289,54.71263551119209,0.4376269009263338,Warning
2026-01-04 09:00:00,4,36.318088177086985,34.96525132132602,43.43731330052146,35.668103324623495,37.94890795217196,19.66966777563289,54.71263551119209,0.521623619119648,Warning
2026-01-04 10:00:00,4,39.38000649981147,36.318088177086985,45.61990432114458,35.40810758206795,39.58382419218486,19.66966777563289,54.71263551119209,0.5682782348387182,Warning
2026-01-04 11:00:00,4,40.590917539114606,39.38000649981147,48.08555061475415,35.095831203916305,42.43777156842114,19.66966777563289,54.71263551119209,0.6497196046545206,Warning
2026-01-04 12:00:00,4,41.754061663062046,40.590917539114606,49.392620165331564,34.77755793298841,43.67999641206758,19.66966777563289,54.71263551119209,0.685168223549241,Warning
2026-01-04 13:00:00,4,42.211871439908876,41.754061663062046,49.748039441151086,34.46355093293665,44.56531329091916,19.66966777563289,54.71263551119209,0.71043197575963,High Risk
2026-01-04 14:00:00,4,41.4513453103773,42.211871439908876,49.15765175449221,34.142454831098526,44.66395472369574,19.66966777563289,54.71263551119209,0.7132468466548715,High Risk
2026-01-04 15:00:00,4,40.62438499591493,41.4513453103773,48.03455043048743,33.83369793799134,43.780390276690426,19.66966777563289,54.71263551119209,0.6880331025319675,Warning
2026-01-04 16:00:00,4,38.6666982443723,40.62438499591493,46.32658703775399,33.514535904933766,42.65313283558322,19.66966777563289,54.71263551119209,0.6558652388554137,Warning
2026-01-04 17:00:00,4,36.32231212062281,38.6666982443723,43.47522303587517,33.21649795013159,40.39228909777262,19.66966777563289,54.71263551119209,0.5913489087787198,Warning
2026-01-04 18:00:00,4,34.68338311349934,36.32231212062281,40.82494786490091,32.960599418823186,37.946323208415926,19.66966777563289,54.71263551119209,0.5215498598506907,Warning
2026-01-04 19:00:00,4,31.66679043641675,34.68338311349934,37.45067031701967,32.71960442379807,35.715899506628496,19.66966777563289,54.71263551119209,0.4579016079397688,Warning
2026-01-04 20:00:00,4,28.622533719572193,31.66679043641675,34.23683594250535,32.48567516450919,32.63577083421663,19.66966777563289,54.71263551119209,0.37000583930055636,Safe
2026-01-04 21:00:00,4,26.357570973661755,28.622533719572193,30.952309009274412,32.29422774635866,29.513294890373697,19.66966777563289,54.71263551119209,0.280901632193969,Safe
2026-01-04 22:00:00,4,24.94038042762154,26.357570973661755,28.947944997988873,32.12724588926002,27.340434723219193,19.66966777563289,54.71263551119209,0.218896036048525,Safe
2026-01-04 23:00:00,4,22.440803455180273,24.94038042762154,27.015206886037838,31.93664574630762,25.748733610589426,19.66966777563289,54.71263551119209,0.1734746242771354,Safe
2026-01-05 00:00:00,4,21.70486560293121,22.440803455180273,25.230949585645412,31.789725580361196,23.497117856407773,19.66966777563289,54.71263551119209,0.10922162758690725,Safe
2026-01-05 01:00:00,4,21.3095468446725,21.70486560293121,22.53198138107372,31.738790808011146,22.09062063151073,19.66966777563289,54.71263551119209,0.0690852671229656,Safe
2026-01-05 02:00:00,4,21.414376977566928,21.3095468446725,22.84995107911817,31.678975220446507,21.939821882818443,19.66966777563289,54.71263551119209,0.06478201445535504,Safe
2026-01-05 03:00:00,4,22.696674174172223,21.414376977566928,22.65727319008155,31.680616928116958,21.942742674536643,19.66966777563289,54.71263551119209,0.06486536332172081,Safe
2026-01-05 04:00:00,4,24.450838674500254,22.696674174172223,24.406440267450336,31.682466861744032,23.383074670593665,19.66966777563289,54.71263551119209,0.10596724618233222,Safe
2026-01-05 05:00:00,4,26.339347387933127,24.450838674500254,26.791534556622327,31.663625729715317,25.350780267660255,19.66966777563289,54.71263551119209,0.16211847046687458,Safe
2026-01-05 06:00:00,4,29.534609431752674,26.339347387933127,29.153066493149865,31.6795233521571,27.398637541722593,19.66966777563289,54.71263551119209,0.22055693467108775,Safe
2026-01-05 07:00:00,4,31.550367002469013,29.534609431752674,31.861901920692315,31.666542730564462,30.42333088613614,19.66966777563289,54.71263551119209,0.30687077889012204,Safe
2026-01-05 08:00:00,4,33.9308880052098,31.550367002469013,34.96525132132602,31.623444259059625,32.808504589354754,19.66966777563289,54.71263551119209,0.3749350379778033,Safe
2026-01-05 09:00:00,4,36.28165804073823,33.9308880052098,36.318088177086985,31.621926336711756,34.83436509236065,19.66966777563289,54.71263551119209,0.43274579363305093,Warning
2026-01-05 10:00:00,4,39.09277050268596,36.28165804073823,39.38000649981147,31.609958170164862,37.425338975164905,19.66966777563289,54.71263551119209,0.5066828479493171,Warning
2026-01-05 11:00:00,4,39.94456639394457,39.09277050268596,40.590917539114606,31.58302687244944,39.685380360227946,19.66966777563289,54.71263551119209,0.5711762817710271,Warning
2026-01-05 12:00:00,4,41.88566834396179,39.94456639394457,41.754061663062046,31.5885104841536,40.64257156105615,19.66966777563289,54.71263551119209,0.598491068028189,Warning
2026-01-05 13:00:00,4,42.65585377271353,41.88566834396179,42.211871439908876,31.60700974802046,42.07373062528289,19.66966777563289,54.71263551119209,0.6393311884822103,Warning
2026-01-05 14:00:00,4,41.88207019845086,42.65585377271353,41.4513453103773,31.62495661835686,42.31928000579225,19.66966777563289,54.71263551119209,0.6463382826117722,Warning
2026-01-05 15:00:00,4,40.71636137913069,41.88207019845086,40.62438499591493,31.628788967657513,41.52831545772477,19.66966777563289,54.71263551119209,0.6237670057877038,Warning
2026-01-05 16:00:00,4,39.26991944367291,40.71636137913069,38.6666982443723,31.65392318429504,40.09320564268318,19.66966777563289,54.71263551119209,0.5828141451476365,Warning
2026-01-05 17:00:00,4,36.66168579623066,39.26991944367291,36.32231212062281,31.66806375411203,38.34147982377386,19.66966777563289,54.71263551119209,0.5328262051380965,Warning
2026-01-05 18:00:00,4,34.4583851797171,36.66168579623066,34.68338311349934,31.658688840204437,36.06823322063007,19.66966777563289,54.71263551119209,0.46795594199634805,Warning
2026-01-05 19:00:00,4,31.68507137646433,34.4583851797171,31.66679043641675,31.659450546039754,33.589594609830236,19.66966777563289,54.71263551119209,0.3972245313814511,Safe
2026-01-05 20:00:00,4,28.55163029149643,31.68507137646433,28.622533719572193,31.656496236536597,30.727215342443735,19.66966777563289,54.71263551119209,0.3155425457886621,Safe
2026-01-05 21:00:00,4,27.216244400434803,28.55163029149643,26.357570973661755,31.692274295985474,27.894955781318046,19.66966777563289,54.71263551119209,0.23472006803289747,Safe
2026-01-05 22:00:00,4,23.961555114367865,27.216244400434803,24.94038042762154,31.651489907933236,26.533328758108567,19.66966777563289,54.71263551119209,0.1958641413708452,Safe
2026-01-05 23:00:00,4,22.66030681537267,23.961555114367865,22.440803455180273,31.660635881274587,23.541198619650196,19.66966777563289,54.71263551119209,0.11047953366144861,Safe
2026-01-06 00:00:00,4,21.7872561387045,22.66030681537267,21.70486560293121,31.66406882026514,22.435031896168184,19.66966777563289,54.71263551119209,0.07891352303519851,Safe
2026-01-06 01:00:00,4,26.877508882348437,21.7872561387045,21.3095468446725,31.89606723850164,21.726544783695942,19.66966777563289,54.71263551119209,0.058695854897015995,Safe
2026-01-06 02:00:00,4,27.802855993412084,26.877508882348437,21.414376977566928,32.162253864161855,25.1047242429717,19.66966777563289,54.71263551119209,0.15509691853885899,Safe
2026-01-06 03:00:00,4,28.343657301118917,27.802855993412084,22.696674174172223,32.397544827784635,26.150970300337526,19.66966777563289,54.71263551119209,0.18495300936441078,Safe
2026-01-06 04:00:00,4,28.970189525637032,28.343657301118917,24.450838674500254,32.585851113248665,27.106137054874544,19.66966777563289,54.71263551119209,0.21221002522242455,Safe
2026-01-06 05:00:00,4,32.26062574448826,28.970189525637032,26.339347387933127,32.8325710447718,28.163552631151347,19.66966777563289,54.71263551119209,0.24238485385227776,Safe
2026-01-06 06:00:00,4,29.127966326515214,32.26062574448826,29.534609431752674,32.81562758205357,31.417136856254746,19.66966777563289,54.71263551119209,0.3352304186688763,Safe
2026-01-06 07:00:00,4,31.618158927613862,29.127966326515214,31.550367002469013,32.81845224560127,30.049753430832414,19.66966777563289,54.71263551119209,0.2962102250391396,Safe
2026-01-06 08:00:00,4,34.474500250812625,31.618158927613862,33.9308880052098,32.84110275583472,32.499179146515104,19.66966777563289,54.71263551119209,0.36610800493805495,Safe
2026-01-06 09:00:00,4,35.90457266984472,34.474500250812625,36.28165804073823,32.825390865380825,35.178845039104374,19.66966777563289,54.71263551119209,0.44257600948443143,Warning
2026-01-06 10:00:00,4,39.16902670908094,35.90457266984472,39.09277050268596,32.82856820731395,37.0794817249227,19.66966777563289,54.71263551119209,0.496813328821183,Warning
2026-01-06 11:00:00,4,41.17909903445743,39.16902670908094,39.94456639394457,32.88000706733532,39.51434514186134,19.66966777563289,54.71263551119209,0.5662955532101204,Warning
2026-01-06 12:00:00,4,41.56966309160925,41.17909903445743,41.88566834396179,32.86684018182063,41.49820041699354,19.66966777563289,54.71263551119209,0.6229076310880748,Warning
2026-01-06 13:00:00,4,41.78105096046901,41.56966309160925,42.65585377271353,32.83039006464377,42.01811685838912,19.66966777563289,54.71263551119209,0.6377441720592171,Warning
2026-01-06 14:00:00,4,42.306856272465616,41.78105096046901,41.88207019845086,32.848089484394386,41.89221814802152,19.66966777563289,54.71263551119209,0.6341514767223106,Warning
2026-01-06 15:00:00,4,40.674354787602894,42.306856272465616,40.71636137913069,32.8463392097474,41.83869849043201,19.66966777563289,54.71263551119209,0.6326242186297277,Warning
2026-01-06 16:00:00,4,39.273907867329925,40.674354787602894,39.26991944367291,32.84650539406644,40.271975520558094,19.66966777563289,54.71263551119209,0.5879155930079462,Warning
2026-01-06 17:00:00,4,37.00659935629942,39.273907867329925,36.66168579623066,32.86087679240264,38.460192731940865,19.66966777563289,54.71263551119209,0.5362138435845659,Warning
2026-01-06 18:00:00,4,34.407432788140646,37.00659935629942,34.4583851797171,32.85875377608695,36.21773942011024,19.66966777563289,54.71263551119209,0.47222230996900394,Warning
2026-01-06 19:00:00,4,31.94085544968494,34.407432788140646,31.68507137646433,32.86941144580448,33.5623922843255,19.66966777563289,54.71263551119209,0.39644827507422975,Safe
2026-01-06 20:00:00,4,29.390825946531947,31.94085544968494,28.55163029149643,32.90437793143096,30.870911245324557,19.66966777563289,54.71263551119209,0.31964310884212876,Safe
2026-01-06 21:00:00,4,26.486788510472458,29.390825946531947,27.216244400434803,32.87398393601586,28.739719183898224,19.66966777563289,54.71263551119209,0.258826570223249,Safe
2026-01-06 22:00:00,4,24.795568305416857,26.486788510472458,23.961555114367865,32.9087344856429,25.71951980199134,19.66966777563289,54.71263551119209,0.17264096749370075,Safe
2026-01-06 23:00:00,4,23.270376720990875,24.795568305416857,22.66030681537267,32.934154065043664,24.163909757995167,19.66966777563289,54.71263551119209,0.12824946471506643,Safe
2026-01-07 00:00:00,4,22.125006617001276,23.270376720990875,21.7872561387045,32.94822700163936,22.863795277382792,19.66966777563289,54.71263551119209,0.09114888426986265,Safe
2026-01-07 01:00:00,4,20.16980015160588,22.125006617001276,26.877508882348437,32.66873913785842,23.853022419451484,19.66966777563289,54.71263551119209,0.11937786080246139,Safe
2026-01-07 02:00:00,4,20.461756212533682,20.16980015160588,27.802855993412084,32.36285998032182,22.88575702437036,19.66966777563289,54.71263551119209,0.09177559335816207,Safe
2026-01-07 03:00:00,4,21.473846681706473,20.461756212533682,28.343657301118917,32.076617871179636,23.26245784048397,19.66966777563289,54.71263551119209,0.10252527666713818,Safe
2026-01-07 04:00:00,4,22.28202756936831,21.473846681706473,28.970189525637032,31.797944456335102,24.141334351716075,19.66966777563289,54.71263551119209,0.1276052440027903,Safe
2026-01-07 05:00:00,4,24.99119767492269,22.28202756936831,32.26062574448826,31.495051620103208,25.797598512702905,19.66966777563289,54.71263551119209,0.17486905242853495,Safe
2026-01-07 06:00:00,4,26.927685286983955,24.99119767492269,29.127966326515214,31.40337324345607,26.504840500620837,19.66966777563289,54.71263551119209,0.19505118920053371,Safe
2026-01-07 07:00:00,4,29.414021131295094,26.927685286983955,31.618158927613862,31.311534168609455,28.62821393768997,19.66966777563289,54.71263551119209,0.25564461246591136,Safe
2026-01-07 08:00:00,4,31.065704568272505,29.414021131295094,34.474500250812625,31.169501015170283,31.237877442335282,19.66966777563289,54.71263551119209,0.33011500121460213,Safe
2026-01-07 09:00:00,4,34.62467186007914,31.065704568272505,35.90457266984472,31.11617181476338,32.811595765801954,19.66966777563289,54.71263551119209,0.3750232490101084,Safe
2026-01-07 10:00:00,4,36.544358108876615,34.62467186007914,39.16902670908094,31.0068106230882,36.265170024443705,19.66966777563289,54.71263551119209,0.4735758084323157,Warning
2026-01-07 11:00:00,4,38.07116307113172,36.544358108876615,41.17909903445743,30.877313291282963,38.21327036916537,19.66966777563289,54.71263551119209,0.5291675694906438,Warning
2026-01-07 12:00:00,4,39.36776728895644,38.07116307113172,41.56966309160925,30.7855676328391,39.34939360273966,19.66966777563289,54.71263551119209,0.5615884309235802,Warning
2026-01-07 13:00:00,4,39.087722825647944,39.36776728895644,41.78105096046901,30.67334562722155,40.27307118538459,19.66966777563289,54.71263551119209,0.587946859332291,Warning
2026-01-07 14:00:00,4,38.95327275924535,39.087722825647944,42.306856272465616,30.533612980837376,40.269059962297646,19.66966777563289,54.71263551119209,0.5878323934855983,Warning
2026-01-07 15:00:00,4,37.87341796306119,38.95327275924535,40.674354787602894,30.416907279814804,39.6223270168943,19.66966777563289,54.71263551119209,0.5693769666556482,Warning
2026-01-07 16:00:00,4,36.618267659658656,37.87341796306119,39.273907867329925,30.306255604495174,38.43421238048726,19.66966777563289,54.71263551119209,0.5354724580116238,Warning
2026-01-07 17:00:00,4,33.89502050789865,36.618267659658656,37.00659935629942,30.176606485811803,36.83445782281117,19.66966777563289,54.71263551119209,0.48982122995077826,Warning
2026-01-07 18:00:00,4,32.40813146903762,33.89502050789865,34.407432788140646,30.093302264182512,34.157210799690255,19.66966777563289,54.71263551119209,0.4134222512191554,Warning
2026-01-07 19:00:00,4,29.28028526776118,32.40813146903762,31.94085544968494,29.982445173269024,32.3371273723139,19.66966777563289,54.71263551119209,0.36148363148887386,Safe
2026-01-07 20:00:00,4,26.555816536602297,29.28028526776118,29.390825946531947,29.864319781188616,29.41102490269776,19.66966777563289,54.71263551119209,0.27798321542261367,Safe
2026-01-07 21:00:00,4,23.461197320920437,26.555816536602297,26.486788510472458,29.738253481623953,26.628684547281026,19.66966777563289,54.71263551119209,0.19858525184216488,Safe
2026-01-07 22:00:00,4,22.809226428380068,23.461197320920437,24.795568305416857,29.655489236747417,24.018183609791024,19.66966777563289,54.71263551119209,0.12409096577897968,Safe
2026-01-07 23:00:00,4,20.880643067121976,22.809226428380068,23.270376720990875,29.555917001169547,23.06834942822908,19.66966777563289,54.71263551119209,0.09698612233008215,Safe
2026-01-08 00:00:00,4,19.248481620224467,20.880643067121976,22.125006617001276,29.436061792970516,21.41020731624459,19.66966777563289,54.71263551119209,0.0496687239527603,Safe
2026-01-08 01:00:00,4,23.755070769760284,19.248481620224467,20.16980015160588,29.585448068726947,19.66966777563289,19.66966777563289,54.71263551119209,0.0,Safe
2026-01-08 02:00:00,4,24.023493091013272,23.755070769760284,20.461756212533682,29.73385377199693,22.72861962154325,19.66966777563289,54.71263551119209,0.08729145835199581,Safe
2026-01-08 03:00:00,4,24.866843476024748,24.023493091013272,21.473846681706473,29.875228638426858,23.251088058312252,19.66966777563289,54.71263551119209,0.10220082407131166,Safe
2026-01-08 04:00:00,4,26.755861910615987,24.866843476024748,22.28202756936831,30.061638402645514,24.081306850809757,19.66966777563289,54.71263551119209,0.1258922755223143,Safe
2026-01-08 05:00:00,4,29.6305398007215,26.755861910615987,24.99119767492269,30.254944324553794,26.248420021834242,19.66966777563289,54.71263551119209,0.18773387311576956,Safe
2026-01-08 06:00:00,4,31.412837737271264,29.6305398007215,26.927685286983955,30.441825676649103,28.79840682243617,19.66966777563289,54.71263551119209,0.2605013038618518,Safe
2026-01-08 07:00:00,4,34.451465041295194,31.412837737271264,29.414021131295094,30.651719172899103,30.819218203242215,19.66966777563289,54.71263551119209,0.31816797577128575,Safe
2026-01-08 08:00:00,4,36.56486741146697,34.451465041295194,31.065704568272505,30.88085095803221,33.37942933631412,19.66966777563289,54.71263551119209,0.3912271721079813,Safe
2026-01-08 09:00:00,4,38.673559994899705,36.56486741146697,34.62467186007914,31.049554630316393,35.98457701078746,19.66966777563289,54.71263551119209,0.4655686953428497,Warning
2026-01-08 10:00:00,4,41.08973951800775,38.673559994899705,36.544358108876615,31.238945522363533,38.02586153444523,19.66966777563289,54.71263551119209,0.523819596944871,Warning
2026-01-08 11:00:00,4,42.330395179150045,41.08973951800775,38.07116307113172,31.416413526864293,40.13464741633835,19.66966777563289,54.71263551119209,0.5839967439727504,Warning
2026-01-08 12:00:00,4,42.980883637841686,42.330395179150045,39.36776728895644,31.566960041401178,41.39282290724914,19.66966777563289,54.71263551119209,0.6199005368393085,Warning
2026-01-08 13:00:00,4,43.266365684423505,42.980883637841686,39.087722825647944,31.741070160516827,41.72414262142883,19.66966777563289,54.71263551119209,0.6293552070951276,Warning
2026-01-08 14:00:00,4,42.55357682423784,43.266365684423505,38.95327275924535,31.891082829891516,41.86560031406212,19.66966777563289,54.71263551119209,0.6333918996967377,Warning
2026-01-08 15:00:00,4,41.66011684483928,42.55357682423784,37.87341796306119,32.0488619499656,41.02817462467715,19.66966777563289,54.71263551119209,0.6094947893889798,Warning
2026-01-08 16:00:00,4,40.30336952979917,41.66011684483928,36.618267659658656,32.20240786122145,40.01215252525841,19.66966777563289,54.71263551119209,0.5805011813677577,Warning
2026-01-08 17:00:00,4,38.97107463801406,40.30336952979917,33.89502050789865,32.41391011664293,38.189719205036425,19.66966777563289,54.71263551119209,0.5284955041668788,Warning
2026-01-08 18:00:00,4,36.15704907374282,38.97107463801406,32.40813146903762,32.570115016838976,36.80627907805598,19.66966777563289,54.71263551119209,0.48901711015807947,Warning
2026-01-08 19:00:00,4,33.47043837201785,36.15704907374282,29.28028526776118,32.74470472951634,33.88857343179494,19.66966777563289,54.71263551119209,0.40575630916035027,Warning
2026-01-08 20:00:00,4,31.11771449249412,33.47043837201785,26.555816536602297,32.93478381101183,31.192518549478805,19.66966777563289,54.71263551119209,0.32882062192845307,Safe
2026-01-08 21:00:00,4,28.865256935689764,31.11771449249412,23.461197320920437,33.15995296162722,28.589075321102314,19.66966777563289,54.71263551119209,0.2545277374407671,Safe
2026-01-08 22:00:00,4,26.85023862518139,28.865256935689764,22.809226428380068,33.32832846982728,26.887057291481312,19.66966777563289,54.71263551119209,0.20595827854404097,Safe
2026-01-08 23:00:00,4,25.163004829198155,26.85023862518139,20.880643067121976,33.506760209913786,24.904236825322048,19.66966777563289,54.71263551119209,0.14937573038375243,Safe
2026-01-09 00:00:00,4,28.522885086672606,25.163004829198155,19.248481620224467,33.893193687682455,23.23804444570373,19.66966777563289,54.71263551119209,0.1018286063888729,Safe
2026-01-09 01:00:00,4,28.118006290463462,28.522885086672606,23.755070769760284,34.07498266771176,26.985809518665675,19.66966777563289,54.71263551119209,0.20877631111227357,Safe
2026-01-09 02:00:00,4,28.178798247266645,28.118006290463462,24.023493091013272,34.24812038255565,26.811784208887204,19.66966777563289,54.71263551119209,0.20381025612156492,Safe
2026-01-09 03:00:00,4,28.569534143227298,28.178798247266645,24.866843476024748,34.40239916035575,27.140196984081953,19.66966777563289,54.71263551119209,0.2131819728180872,Safe
2026-01-09 04:00:00,4,31.505528071265406,28.569534143227298,26.755861910615987,34.60030191704948,28.04296033102213,19.66966777563289,54.71263551119209,0.23894358433429744,Safe
2026-01-09 05:00:00,4,34.04357403339882,31.505528071265406,29.6305398007215,34.784178343411035,30.954147167062615,19.66966777563289,54.71263551119209,0.3220183619882356,Safe
2026-01-09 06:00:00,4,36.34728686830922,34.04357403339882,31.412837737271264,34.98978039053761,33.23035183916103,19.66966777563289,54.71263551119209,0.38697303775429526,Safe
2026-01-09 07:00:00,4,38.32322840822158,36.34728686830922,34.451465041295194,35.151103864159545,35.78245995152538,19.66966777563289,54.71263551119209,0.4598010030908807,Warning
2026-01-09 08:00:00,4,42.13517782728636,38.32322840822158,36.56486741146697,35.38320013148535,37.802845652561984,19.66966777563289,54.71263551119209,0.5174555276342437,Warning
2026-01-09 09:00:00,4,44.51469188227338,42.13517782728636,38.673559994899705,35.626580626792595,41.027164222012004,19.66966777563289,54.71263551119209,0.6094659561393551,Warning
2026-01-09 10:00:00,4,47.79366065695478,44.51469188227338,41.08973951800775,35.905910674248716,43.416115308187145,19.66966777563289,54.71263551119209,0.6776380081193859,Warning
2026-01-09 11:00:00,4,49.3036791555955,47.79366065695478,42.330395179150045,36.19646417326728,45.99353169723175,19.66966777563289,54.71263551119209,0.7511881804376697,High Risk
2026-01-09 12:00:00,4,49.76858285710567,49.3036791555955,42.980883637841686,36.47928497406995,47.20754853875757,19.66966777563289,54.71263551119209,0.7858318446399528,High Risk
2026-01-09 13:00:00,4,50.11501589214667,49.76858285710567,43.266365684423505,36.764645399391746,47.610468323372885,19.66966777563289,54.71263551119209,0.7973297227922241,High Risk
2026-01-09 14:00:00,4,50.220409678374274,50.11501589214667,42.55357682423784,37.08409676831409,47.594107103368664,19.66966777563289,54.71263551119209,0.7968628325544795,High Risk
2026-01-09 15:00:00,4,49.687441343018996,50.220409678374274,41.66011684483928,37.41856862240492,47.357672154218925,19.66966777563289,54.71263551119209,0.7901158314389656,High Risk
2026-01-09 16:00:00,4,47.53158753947055,49.687441343018996,40.30336952979917,37.71974437280789,46.543598397667495,19.66966777563289,54.71263551119209,0.766885101112018,High Risk
2026-01-09 17:00:00,4,45.36269946854552,47.53158753947055,38.97107463801406,37.98606207408003,44.67228403862781,19.66966777563289,54.71263551119209,0.7134845352763728,High Risk
2026-01-09 18:00:00,4,42.37259515421855,45.36269946854552,36.15704907374282,38.24504316076653,42.285535927401085,19.66966777563289,54.71263551119209,0.6453753482597826,Warning
2026-01-09 19:00:00,4,38.53451294972765,42.37259515421855,33.47043837201785,38.4560462681711,39.4031542282176,19.66966777563289,54.71263551119209,0.5631225653710247,Warning
2026-01-09 20:00:00,4,36.1214739036501,38.53451294972765,31.11771449249412,38.66453624363593,36.07819754129498,19.66966777563289,54.71263551119209,0.4682402877873712,Warning
2026-01-09 21:00:00,4,33.63282382505254,36.1214739036501,28.865256935689764,38.863184864026046,33.72324010691058,19.66966777563289,54.71263551119209,0.4010382920844571,Warning
2026-01-09 22:00:00,4,30.701473482403667,33.63282382505254,26.85023862518139,39.02365298307698,31.39985959234655,19.66966777563289,54.71263551119209,0.3347373878403934,Safe
2026-01-09 23:00:00,4,28.758980286080273,30.701473482403667,25.163004829198155,39.173485293780395,28.89792656909745,19.66966777563289,54.71263551119209,0.2633412386690958,Safe
2026-01-10 00:00:00,4,28.506465532630685,28.758980286080273,28.522885086672606,39.17280114569532,28.771821958809713,19.66966777563289,54.71263551119209,0.25974266769072507,Safe
2026-01-10 01:00:00,4,27.27093480056979,28.506465532630685,28.118006290463462,39.13750650028308,28.46751558109143,19.66966777563289,54.71263551119209,0.2510588606761243,Safe
2026-01-10 02:00:00,4,27.051478606515907,27.27093480056979,28.178798247266645,39.090534848585136,27.677047725435894,19.66966777563289,54.71263551119209,0.22850175766294775,Safe
2026-01-10 03:00:00,4,28.5298485000297,27.051478606515907,28.569534143227298,39.088881280118564,27.666614470626897,19.66966777563289,54.71263551119209,0.2282040301819307,Safe
2026-01-10 04:00:00,4,31.247765699100107,28.5298485000297,31.505528071265406,39.07814118127835,29.641683699396665,19.66966777563289,54.71263551119209,0.28456538596984954,Safe
2026-01-10 05:00:00,4,33.803297166573444,31.247765699100107,34.04357403339882,39.06812964516062,32.29452267601886,19.66966777563289,54.71263551119209,0.3602678470438816,Safe
2026-01-10 06:00:00,4,36.61385896456495,33.803297166573444,36.34728686830922,39.079236815837945,34.76057585638405,19.66966777563289,54.71263551119209,0.4306401148438643,Warning
2026-01-10 07:00:00,4,39.81857486475217,36.61385896456495,38.32322840822158,39.14154291819339,37.281959818764264,19.66966777563289,54.71263551119209,0.5025913236985434,Warning
2026-01-10 08:00:00,4,41.58465567980778,39.81857486475217,42.13517782728636,39.11860449538178,40.690217536689005,19.66966777563289,54.71263551119209,0.5998507124119853,Warning
2026-01-10 09:00:00,4,45.1455320396795,41.58465567980778,44.51469188227338,39.14488950194037,42.66383861896157,19.66966777563289,54.71263551119209,0.6561707433193515,Warning
2026-01-10 10:00:00,4,47.65850323972321,45.1455320396795,47.79366065695478,39.13925794288905,46.1236316422105,19.66966777563289,54.71263551119209,0.7549007638651899,High Risk
2026-01-10 11:00:00,4,49.97846542412879,47.65850323972321,49.3036791555955,39.16737403741127,48.290229689941455,19.66966777563289,54.71263551119209,0.8167276616968351,High Risk
2026-01-10 12:00:00,4,51.033031930309065,49.97846542412879,49.76858285710567,39.220059415461414,49.972579478844224,19.66966777563289,54.71263551119209,0.8647358599062418,High Risk
2026-01-10 13:00:00,4,51.20035549576727,51.033031930309065,50.11501589214667,39.2652818989456,50.78352899531943,19.66966777563289,54.71263551119209,0.8878774356841042,High Risk
2026-01-10 14:00:00,4,50.027544235057306,51.20035549576727,50.220409678374274,39.2572458388074,50.929449036581545,19.66966777563289,54.71263551119209,0.8920414676290931,High Risk
2026-01-10 15:00:00,4,49.20135572846236,50.027544235057306,49.687441343018996,39.2369922715342,49.977048037726924,19.66966777563289,54.71263551119209,0.8648633764678785,High Risk
2026-01-10 16:00:00,4,47.109304154556625,49.20135572846236,47.53158753947055,39.21939713049613,48.69708154986233,19.66966777563289,54.71263551119209,0.8283377471034414,High Risk
2026-01-10 17:00:00,4,45.55062333889623,47.109304154556625,45.36269946854552,39.227227291760734,46.581475926646206,19.66966777563289,54.71263551119209,0.767965989242945,High Risk
2026-01-10 18:00:00,4,42.01464283047814,45.55062333889623,42.37259515421855,39.21231261160488,44.53516335866418,19.66966777563289,54.71263551119209,0.709571605381695,High Risk
2026-01-10 19:00:00,4,39.49814511568883,42.01464283047814,38.53451294972765,39.252463951853265,40.90045387856062,19.66966777563289,54.71263551119209,0.6058500997201239,Warning
2026-01-10 20:00:00,4,36.36377381416369,39.49814511568883,36.1214739036501,39.262559781458,38.42263204178934,19.66966777563289,54.71263551119209,0.5351419968915827,Warning
2026-01-10 21:00:00,4,34.65446639587855,36.36377381416369,33.63282382505254,39.30512822190909,35.513241991297306,19.66966777563289,54.71263551119209,0.4521184930198977,Warning
2026-01-10 22:00:00,4,30.845114594358574,34.65446639587855,30.701473482403667,39.31111326824054,33.388125005822566,19.66966777563289,54.71263551119209,0.3914753151684071,Safe
2026-01-10 23:00:00,4,29.993856053046137,30.845114594358574,28.758980286080273,39.36256642519745,30.222366095025105,19.66966777563289,54.71263551119209,0.30113596821732913,Safe
2026-01-11 00:00:00,4,29.555153534357256,29.993856053046137,28.506465532630685,39.406261758602724,29.577038814275014,19.66966777563289,54.71263551119209,0.28272065398924956,Safe
2026-01-11 01:00:00,4,29.1177437710467,29.555153534357256,27.27093480056979,39.48321213237259,28.86632725053157,19.66966777563289,54.71263551119209,0.26243950803079474,Safe
2026-01-11 02:00:00,4,29.12115771628084,29.1177437710467,27.051478606515907,39.569448761946134,28.504046644493535,19.66966777563289,54.71263551119209,0.25210132553341924,Safe
2026-01-11 03:00:00,4,31.91462456389145,29.12115771628084,28.5298485000297,39.71048109794038,29.01201391557467,19.66966777563289,54.71263551119209,0.26659688025979966,Safe
2026-01-11 04:00:00,4,33.08137810479599,31.91462456389145,31.247765699100107,39.78688161484437,31.775990609477994,19.66966777563289,54.71263551119209,0.3454708111405081,Safe
2026-01-11 05:00:00,4,35.85366044768958,33.08137810479599,33.803297166573444,39.87231341822421,33.41629908737966,19.66966777563289,54.71263551119209,0.3922793018902429,Safe
2026-01-11 06:00:00,4,38.72127855999116,35.85366044768958,36.61385896456495,39.96012256803363,36.19805795956049,19.66966777563289,54.71263551119209,0.47166067203534956,Warning
2026-01-11 07:00:00,4,41.77710568296155,38.72127855999116,39.81857486475217,40.041728018792355,39.177248932089725,19.66966777563289,54.71263551119209,0.5566760425940134,Warning
2026-01-11 08:00:00,4,44.83557446745877,41.77710568296155,41.58465567980778,40.17718296827781,41.78788709652284,19.66966777563289,54.71263551119209,0.6311742446194604,Warning
2026-01-11 09:00:00,4,48.44284780706449,44.83557446745877,45.1455320396795,40.314571125252186,45.01422936906419,19.66966777563289,54.71263551119209,0.7232424223154751,High Risk
2026-01-11 10:00:00,4,50.57710276679287,48.44284780706449,47.65850323972321,40.436179438880096,48.24245221630581,19.66966777563289,54.71263551119209,0.8153642648340811,High Risk
2026-01-11 11:00:00,4,51.799660740948745,50.57710276679287,49.97846542412879,40.512062577080926,50.43744900033903,19.66966777563289,54.71263551119209,0.8780015602241229,High Risk
2026-01-11 12:00:00,4,53.76146358442469,51.799660740948745,51.033031930309065,40.62574722933574,51.600944284266305,19.66966777563289,54.71263551119209,0.9112035212996022,High Risk
2026-01-11 13:00:00,4,53.35427663452889,53.76146358442469,51.20035549576727,40.71549394345081,52.94632531602643,19.66966777563289,54.71263551119209,0.9495958459314743,High Risk
2026-01-11 14:00:00,4,54.383555011880965,53.35427663452889,50.027544235057306,40.89699439248513,52.277762522273115,19.66966777563289,54.71263551119209,0.9305174739248551,High Risk
2026-01-11 15:00:00,4,52.75579769818341,54.383555011880965,49.20135572846236,41.0450961412235,52.67097332747314,19.66966777563289,54.71263551119209,0.9417382928048783,High Risk
2026-01-11 16:00:00,4,50.94849019639686,52.75579769818341,47.109304154556625,41.20506222630018,50.88651316688836,19.66966777563289,54.71263551119209,0.8908162326891774,High Risk
2026-01-11 17:00:00,4,48.04879892889598,50.94849019639686,45.55062333889623,41.309152875883505,49.16661549932317,19.66966777563289,54.71263551119209,0.8417365533805018,High Risk
2026-01-11 18:00:00,4,45.09513871777423,48.04879892889598,42.01464283047814,41.43750687118751,46.05304483552004,19.66966777563289,54.71263551119209,0.7528864708632722,High Risk
2026-01-11 19:00:00,4,41.30583425100121,45.09513871777423,39.49814511568883,41.51282725182552,43.252785566023775,19.66966777563289,54.71263551119209,0.6729771660715593,Warning
2026-01-11 20:00:00,4,38.87510123769411,41.30583425100121,36.36377381416369,41.61746589447262,39.69246838506611,19.66966777563289,54.71263551119209,0.5713785484480215,Warning
2026-01-11 21:00:00,4,35.09306598415227,38.87510123769411,34.65446639587855,41.63574087731737,37.51169547282728,19.66966777563289,54.71263551119209,0.5091471510828225,Warning
2026-01-11 22:00:00,4,33.06037960364628,35.09306598415227,30.845114594358574,41.72804358603768,33.725251792071326,19.66966777563289,54.71263551119209,0.40109569832694547,Warning
2026-01-11 23:00:00,4,31.09078692969453,33.06037960364628,29.993856053046137,41.77374903923137,32.09936508426692,19.66966777563289,54.71263551119209,0.35469875290620645,Safe
2026-01-12 00:00:00,4,29.569564579473514,31.09078692969453,29.555153534357256,41.77434949944455,30.65603495490567,19.66966777563289,54.71263551119209,0.3135113141291756,Safe
2026-01-12 01:00:00,4,29.841268162029827,29.569564579473514,29.1177437710467,41.80449634906884,29.507552195732103,19.66966777563289,54.71263551119209,0.2807377563909533,Safe
2026-01-12 02:00:00,4,30.118100657478745,29.841268162029827,29.12115771628084,41.84603563828542,29.68712376403223,19.66966777563289,54.71263551119209,0.28586208160595455,Safe
2026-01-12 03:00:00,4,30.095587361827377,30.118100657478745,31.91462456389145,41.77024242153275,30.82449350847665,19.66966777563289,54.71263551119209,0.31831851396553074,Safe
2026-01-12 04:00:00,4,33.28251774842964,30.095587361827377,33.08137810479599,41.77862324001749,31.208837906603904,19.66966777563289,54.71263551119209,0.3292863175505406,Safe
2026-01-12 05:00:00,4,35.008970869520894,33.28251774842964,35.85366044768958,41.743427840927126,34.249764717993145,19.66966777563289,54.71263551119209,0.416063406396427,Warning
2026-01-12 06:00:00,4,38.31854485990061,35.008970869520894,38.72127855999116,41.72664727009002,36.364338039272205,19.66966777563289,54.71263551119209,0.47640570608102356,Warning
2026-01-12 07:00:00,4,41.767578491799476,38.31854485990061,41.77710568296155,41.726250303791595,39.58278999020845,19.66966777563289,54.71263551119209,0.5682487224425448,Warning
2026-01-12 08:00:00,4,45.01214488068586,41.767578491799476,44.83557446745877,41.73360740434273,42.89371642294569,19.66966777563289,54.71263551119209,0.6627306271499374,Warning
2026-01-12 09:00:00,4,48.08887064874142,45.01214488068586,48.44284780706449,41.71885835607927,46.25812416625101,19.66966777563289,54.71263551119209,0.7587386956641597,High Risk
2026-01-12 10:00:00,4,51.32683634064017,48.08887064874142,50.57710276679287,41.75009725498957,49.00843084499071,19.66966777563289,54.71263551119209,0.8372225335916491,High Risk
2026-01-12 11:00:00,4,52.31631562252455,51.32683634064017,51.799660740948745,41.7716245417219,51.552733219377195,19.66966777563289,54.71263551119209,0.9098277513055438,High Risk
2026-01-12 12:00:00,4,53.35792528349065,52.31631562252455,53.76146358442469,41.75481044584965,52.87353672822587,19.66966777563289,54.71263551119209,0.9475187220339576,High Risk
2026-01-12 13:00:00,4,54.36849911109189,53.35792528349065,53.35427663452889,41.797069715706435,53.41817782736939,19.66966777563289,54.71263551119209,0.9630608156063796,High Risk
2026-01-12 14:00:00,4,54.14458073357017,54.36849911109189,54.383555011880965,41.78711245411015,54.433831222696256,19.66966777563289,54.71263551119209,0.9920439021419747,High Risk
2026-01-12 15:00:00,4,53.10090500612498,54.14458073357017,52.75579769818341,41.801491925274384,53.729975251143344,19.66966777563289,54.71263551119209,0.9719583900706561,High Risk
2026-01-12 16:00:00,4,51.17733658687896,53.10090500612498,50.94849019639686,41.811027191544476,52.426436003913,19.66966777563289,54.71263551119209,0.9347600791322451,High Risk
2026-01-12 17:00:00,4,48.209854025821585,51.17733658687896,48.04879892889598,41.81773782058304,50.171462807722875,19.66966777563289,54.71263551119209,0.8704112731504638,High Risk
2026-01-12 18:00:00,4,45.12060419460043,48.209854025821585,45.09513871777423,41.81879888211747,47.212581638934985,19.66966777563289,54.71263551119209,0.7859754711750045,High Risk
2026-01-12 19:00:00,4,41.80798727537876,45.12060419460043,41.30583425100121,41.83972192479987,43.887886737066495,19.66966777563289,54.71263551119209,0.6911006639930771,Warning
2026-01-12 20:00:00,4,38.74763944854412,41.80798727537876,38.87510123769411,41.834411016918615,40.88127101266918,19.66966777563289,54.71263551119209,0.6053026898806153,Warning
2026-01-12 21:00:00,4,35.573312652018416,38.74763944854412,35.09306598415227,41.854421294746366,37.57804017751494,19.66966777563289,54.71263551119209,0.5110403897860932,Warning
2026-01-12 22:00:00,4,32.929274625829905,35.573312652018416,33.06037960364628,41.84895858733736,34.79839244829337,19.66966777563289,54.71263551119209,0.43171926405050515,Warning
2026-01-12 23:00:00,4,31.27230935526039,32.929274625829905,31.09078692969453,41.856522021735934,32.38852176135275,19.66966777563289,54.71263551119209,0.36295024207848114,Safe
2026-01-13 00:00:00,4,28.482719665245032,31.27230935526039,29.569564579473514,41.81123681697641,30.780154456632506,19.66966777563289,54.71263551119209,0.3170532372654105,Safe
2026-01-13 01:00:00,4,29.597978619881864,28.482719665245032,29.841268162029827,41.80109975272025,29.04142285833011,19.66966777563289,54.71263551119209,0.2674361054686387,Safe
2026-01-13 02:00:00,4,30.27890828610407,29.597978619881864,30.118100657478745,41.80780007057964,29.868414556916573,19.66966777563289,54.71263551119209,0.29103546729289215,Safe
2026-01-13 03:00:00,4,31.12988865245161,30.27890828610407,30.095587361827377,41.850895957688984,30.307819428814575,19.66966777563289,54.71263551119209,0.3035744983097513,Safe
2026-01-13 04:00:00,4,32.954466931895,31.12988865245161,33.28251774842964,41.8372271736667,31.956778607002498,19.66966777563289,54.71263551119209,0.35062984886042176,Safe
2026-01-13 05:00:00,4,34.38724693419096,32.954466931895,35.008970869520894,41.81132200969462,33.745408568924205,19.66966777563289,54.71263551119209,0.4016709000744054,Warning
2026-01-13 06:00:00,4,38.53091343735823,34.38724693419096,38.31854485990061,41.82017070042202,35.81833844418752,19.66966777563289,54.71263551119209,0.4608248459317336,Warning
2026-01-13 07:00:00,4,41.017830277184615,38.53091343735823,41.767578491799476,41.78893119147974,39.71897456142486,19.66966777563289,54.71263551119209,0.5721349391681906,Warning
2026-01-13 08:00:00,4,45.5749719606476,41.017830277184615,45.01214488068586,41.81238231981147,42.46182486168908,19.66966777563289,54.71263551119209,0.6504059989337682,Warning
2026-01-13 09:00:00,4,47.95424578304866,45.5749719606476,48.08887064874142,41.80677295040761,46.50659326585492,19.66966777563289,54.71263551119209,0.7658291080512752,High Risk
2026-01-13 10:00:00,4,50.558536766443304,47.95424578304866,51.32683634064017,41.77476046814941,49.17650592780174,19.66966777563289,54.71263551119209,0.8420187905549034,High Risk
2026-01-13 11:00:00,4,51.495342390535896,50.558536766443304,52.31631562252455,41.74055325014988,51.224997834248015,19.66966777563289,54.71263551119209,0.900475364879544,High Risk
2026-01-13 12:00:00,4,54.80095366334821,51.495342390535896,53.35792528349065,41.80067943264394,52.1964325000401,19.66966777563289,54.71263551119209,0.928196608279974,High Risk
2026-01-13 13:00:00,4,53.794273745621695,54.80095366334821,54.36849911109189,41.77675337574936,54.71263551119209,19.66966777563289,54.71263551119209,0.999999971463605,High Risk
2026-01-13 14:00:00,4,53.90321807886468,53.794273745621695,54.14458073357017,41.766696598469956,53.97503909949046,19.66966777563289,54.71263551119209,0.9789516288626208,High Risk
2026-01-13 15:00:00,4,52.59634099505954,53.90321807886468,53.10090500612498,41.7456730980089,53.68954918346152,19.66966777563289,54.71263551119209,0.9708047758324652,High Risk
2026-01-13 16:00:00,4,50.79197239318999,52.59634099505954,51.17733658687896,41.72961625660519,52.173417964599956,19.66966777563289,54.71263551119209,0.9275398564044742,High Risk
2026-01-13 17:00:00,4,48.41623447590808,50.79197239318999,48.209854025821585,41.73821544202546,49.9735224784533,19.66966777563289,54.71263551119209,0.8647627697156302,High Risk
2026-01-13 18:00:00,4,44.92571734642488,48.41623447590808,45.12060419460043,41.73009515668481,47.35680474341142,19.66966777563289,54.71263551119209,0.7900910786614812,High Risk
2026-01-13 19:00:00,4,40.77759712460985,44.92571734642488,41.80798727537876,41.68716223373611,43.93169993662882,19.66966777563289,54.71263551119209,0.6923509347647387,Warning
2026-01-13 20:00:00,4,38.34547907491954,40.77759712460985,38.74763944854412,41.67040555150175,40.161102374703304,19.66966777563289,54.71263551119209,0.5847516731160141,Warning
2026-01-13 21:00:00,4,35.101514554997834,38.34547907491954,35.573312652018416,41.650747297459226,37.47826138457127,19.66966777563289,54.71263551119209,0.5081930627317953,Warning
2026-01-13 22:00:00,4,32.55478055061797,35.101514554997834,32.929274625829905,41.63514337765873,34.443755539239255,19.66966777563289,54.71263551119209,0.42159920511000065,Warning
2026-01-13 23:00:00,4,30.198342423247563,32.55478055061797,31.27230935526039,41.59039475549153,32.204720408686356,19.66966777563289,54.71263551119209,0.357705214065775,Safe
2026-01-14 00:00:00,4,29.74334931128534,30.198342423247563,28.482719665245032,41.64292099074321,29.70318386552138,19.66966777563289,54.71263551119209,0.2863203790067924,Safe
2026-01-14 01:00:00,4,29.034369094945472,29.74334931128534,29.597978619881864,41.619437260537524,29.785941577002358,19.66966777563289,54.71263551119209,0.28868198575608023,Safe
2026-01-14 02:00:00,4,30.033503330202265,29.034369094945472,30.27890828610407,41.60921205404161,29.55335162688841,19.66966777563289,54.71263551119209,0.28204470705206647,Safe
2026-01-14 03:00:00,4,31.038111680921862,30.033503330202265,31.12988865245161,41.6053880135612,30.50050088359628,19.66966777563289,54.71263551119209,0.30907293242461514,Safe
2026-01-14 04:00:00,4,32.88272892582091,31.038111680921862,32.954466931895,41.60239892997479,31.78429608385598,19.66966777563289,54.71263551119209,0.3457078194385396,Safe
2026-01-14 05:00:00,4,35.222407343771074,32.88272892582091,34.38724693419096,41.63719728037396,33.48562319596214,19.66966777563289,54.71263551119209,0.39425756204010665,Safe
2026-01-14 06:00:00,4,38.60408359310098,35.222407343771074,38.53091343735823,41.64024603686324,36.43936216954574,19.66966777563289,54.71263551119209,0.47854662430172795,Warning
2026-01-14 07:00:00,4,42.60621077750069,38.60408359310098,41.017830277184615,41.70642855770975,39.510542596945974,19.66966777563289,54.71263551119209,0.5661870422861727,Warning
2026-01-14 08:00:00,4,44.90839844573086,42.60621077750069,45.5749719606476,41.67865466125488,43.69730760707657,19.66966777563289,54.71263551119209,0.6856622226490211,Warning
2026-01-14 09:00:00,4,47.70266728666312,44.90839844573086,47.95424578304866,41.668172223905486,46.022860469919635,19.66966777563289,54.71263551119209,0.7520251178817887,High Risk
2026-01-14 10:00:00,4,50.28978258742992,47.70266728666312,50.558536766443304,41.65697413311326,48.74849413236724,19.66966777563289,54.71263551119209,0.8298048768689837,High Risk
2026-01-14 11:00:00,4,52.2940996656402,50.28978258742992,51.495342390535896,41.69025568624261,50.767689508867484,19.66966777563289,54.71263551119209,0.8874254338411247,High Risk
2026-01-14 12:00:00,4,54.19593625520583,52.2940996656402,54.80095366334821,41.66504662757,53.21454165881474,19.66966777563289,54.71263551119209,0.9572497734514945,High Risk
2026-01-14 13:00:00,4,54.74228361255944,54.19593625520583,53.794273745621695,41.70454703869242,54.118941182192,19.66966777563289,54.71263551119209,0.9830580755449054,High Risk
2026-01-14 14:00:00,4,53.80240143194477,54.74228361255944,53.90321807886468,41.70034634507075,54.51494721160182,19.66966777563289,54.71263551119209,0.9943586600472675,High Risk
2026-01-14 15:00:00,4,52.11316124130417,53.80240143194477,52.59634099505954,41.68021385533094,53.45074889081352,19.66966777563289,54.71263551119209,0.9639902763404261,High Risk
2026-01-14 16:00:00,4,49.97964696627802,52.11316124130417,50.79197239318999,41.64636696254294,51.724329899339814,19.66966777563289,54.71263551119209,0.9147245019563667,High Risk
2026-01-14 17:00:00,4,48.07785302929475,49.97964696627802,48.41623447590808,41.63226773560073,49.510739511313886,19.66966777563289,54.71263551119209,0.8515566121371538,High Risk
2026-01-14 18:00:00,4,45.052131030914126,48.07785302929475,44.92571734642488,41.63753497245444,47.06795203806648,19.66966777563289,54.71263551119209,0.7818482637468922,High Risk
2026-01-14 19:00:00,4,40.98792802431875,45.052131030914126,40.77759712460985,41.64629875994231,43.662225372431784,19.66966777563289,54.71263551119209,0.684661102141523,Warning
2026-01-14 20:00:00,4,38.36224950162042,40.98792802431875,38.34547907491954,41.64699752772152,40.161635732815554,19.66966777563289,54.71263551119209,0.584766893233815,Warning
2026-01-14 21:00:00,4,35.551174282213225,38.36224950162042,35.101514554997834,41.66573334968883,37.327878796048,19.66966777563289,54.71263551119209,0.503901685775177,Warning
2026-01-14 22:00:00,4,33.34066657012258,35.551174282213225,32.55478055061797,41.69847860050151,34.610899151791706,19.66966777563289,54.71263551119209,0.42636888126996725,Warning
2026-01-14 23:00:00,4,31.744863022602566,33.34066657012258,30.198342423247563,41.76291695880797,32.35335611812878,19.66966777563289,54.71263551119209,0.3619467413908158,Safe
2026-01-02 00:00:00,5,24.17187514411121,26.528784924509505,25.051016231668715,36.7253220104138,26.11978157512378,20.048632351137094,50.487293770173636,0.199455190915017,Safe
2026-01-02 01:00:00,5,24.462264088119294,24.17187514411121,25.077863178195216,36.6996720483273,24.581391246299216,20.048632351137094,50.487293770173636,0.14891452300897767,Safe
2026-01-02 02:00:00,5,25.29359368783056,24.462264088119294,25.233327971202176,36.70218311985348,24.825245893096376,20.048632351137094,50.487293770173636,0.15692586869296715,Safe
2026-01-02 03:00:00,5,26.031299344665367,25.29359368783056,25.811672029866106,36.71133425797012,25.568948360601105,20.048632351137094,50.487293770173636,0.18135869222727635,Safe
2026-01-02 04:00:00,5,28.62915486797631,26.031299344665367,28.531628980937384,36.71539783659674,26.983786245863886,20.048632351137094,50.487293770173636,0.227840297292088,Safe
2026-01-02 05:00:00,5,30.61106047987062,28.62915486797631,29.801049543622973,36.74914829227372,29.12381578878236,20.048632351137094,50.487293770173636,0.2981465910923071,Safe
2026-01-02 06:00:00,5,32.79353119417512,30.61106047987062,33.82667738326315,36.706100534395055,31.802257945879536,20.048632351137094,50.487293770173636,0.3861413301588327,Safe
2026-01-02 07:00:00,5,36.67888506782206,32.79353119417512,36.682393540884085,36.70595434801747,34.212186233121756,20.048632351137094,50.487293770173636,0.4653145952013542,Warning
2026-01-02 08:00:00,5,39.87218855874358,36.67888506782206,40.327215693772715,36.686994884057924,38.01018727146732,20.048632351137094,50.487293770173636,0.5900901515664813,Warning
2026-01-02 09:00:00,5,42.5656865219343,39.87218855874358,43.106565011941676,36.66445828030762,41.05771623100424,20.048632351137094,50.487293770173636,0.6902104826632568,Warning
2026-01-02 10:00:00,5,45.695520888144934,42.5656865219343,46.4734634930995,36.63204400510118,43.97805785052123,20.048632351137094,50.487293770173636,0.7861523338298373,High Risk
2026-01-02 11:00:00,5,46.50048050010583,45.695520888144934,46.85457790216027,36.61728994668224,46.16351616382897,20.048632351137094,50.487293770173636,0.8579510969693417,High Risk
2026-01-02 12:00:00,5,47.87014167093061,46.50048050010583,48.59369016473956,36.58714209277354,47.28698319706278,20.048632351137094,50.487293770173636,0.8948603086083914,High Risk
2026-01-02 13:00:00,5,48.38693966360692,47.87014167093061,48.47414968370861,36.58350834193597,48.145425761715785,20.048632351137094,50.487293770173636,0.9230626833657043,High Risk
2026-01-02 14:00:00,5,48.60733060936698,48.38693966360692,48.40730039307531,36.59184293428145,48.46189327552992,20.048632351137094,50.487293770173636,0.9334595762862096,High Risk
2026-01-02 15:00:00,5,47.7877762546363,48.60733060936698,47.227350135982874,36.61519402255868,48.202963254938375,20.048632351137094,50.487293770173636,0.9249529600286698,High Risk
2026-01-02 16:00:00,5,44.38826651611424,47.7877762546363,45.32672541162649,36.576091568579,47.01466243070863,20.048632351137094,50.487293770173636,0.8859137667858494,High Risk
2026-01-02 17:00:00,5,42.32137194198518,44.38826651611424,42.62514807904277,36.563434229534934,43.85834056072581,20.048632351137094,50.487293770173636,0.7822192671218681,High Risk
2026-01-02 18:00:00,5,39.61037870609424,42.32137194198518,39.83698666835266,36.5539922311075,41.547410253815976,20.048632351137094,50.487293770173636,0.7062983782504648,High Risk
2026-01-02 19:00:00,5,37.194446712409444,39.61037870609424,35.89341622808021,36.60820183462122,38.4183111956013,20.048632351137094,50.487293770173636,0.6034982283904724,Warning
2026-01-02 20:00:00,5,34.02050919803758,37.194446712409444,33.41718198930616,36.63334046831836,35.98490395504678,20.048632351137094,50.487293770173636,0.5235536103565128,Warning
2026-01-02 21:00:00,5,30.172369740158622,34.02050919803758,30.935285850002053,36.60155229707489,33.05184468136313,20.048632351137094,50.487293770173636,0.42719394667269406,Warning
2026-01-02 22:00:00,5,27.816947328984014,30.172369740158622,28.24339884844845,36.583783483763874,29.604262249343634,20.048632351137094,50.487293770173636,0.3139306769350806,Safe
2026-01-02 23:00:00,5,25.82418809409254,27.816947328984014,26.528784924509505,36.554425282496496,27.471123882561898,20.048632351137094,50.487293770173636,0.24385077863285898,Safe
2026-01-03 00:00:00,5,25.539459391558523,25.82418809409254,24.17187514411121,36.61140795947346,25.356395672773075,20.048632351137094,50.487293770173636,0.1743757083858084,Safe
2026-01-03 01:00:00,5,24.49376383643126,25.539459391558523,24.462264088119294,36.612720448986465,25.26877671864903,20.048632351137094,50.487293770173636,0.17149716684814711,Safe
2026-01-03 02:00:00,5,23.809116056545747,24.49376383643126,25.29359368783056,36.550867214349594,24.866544886690374,20.048632351137094,50.487293770173636,0.15828266266194815,Safe
2026-01-03 03:00:00,5,25.995726526858153,23.809116056545747,26.031299344665367,36.549385013607626,24.669354013359065,20.048632351137094,50.487293770173636,0.1518043598174715,Safe
2026-01-03 04:00:00,5,27.57274868603435,25.995726526858153,28.62915486797631,36.50536808936005,26.99379069845138,20.048632351137094,50.487293770173636,0.22816897312053824,Safe
2026-01-03 05:00:00,5,31.19990255660363,27.57274868603435,30.61106047987062,36.52990317589059,28.707258476874408,20.048632351137094,50.487293770173636,0.28446145256113986,Safe
2026-01-03 06:00:00,5,33.9942348159621,31.19990255660363,32.79353119417512,36.57993249346505,31.835476417580573,20.048632351137094,50.487293770173636,0.38723265510746974,Safe
2026-01-03 07:00:00,5,37.395961067065535,33.9942348159621,36.67888506782206,36.609810660100194,34.999381927888464,20.048632351137094,50.487293770173636,0.4911762997641142,Warning
2026-01-03 08:00:00,5,39.684212652697376,37.395961067065535,39.87218855874358,36.601978330681604,38.32537048707395,20.048632351137094,50.487293770173636,0.6004448514960519,Warning
2026-01-03 09:00:00,5,42.74842761094795,39.684212652697376,42.5656865219343,36.60959254272384,40.74926358439032,20.048632351137094,50.487293770173636,0.6800769018124434,Warning
2026-01-03 10:00:00,5,45.67914055018938,42.74842761094795,45.695520888144934,36.608910028642356,43.83192659829605,20.048632351137094,50.487293770173636,0.7813514904086168,High Risk
2026-01-03 11:00:00,5,47.807047269070466,45.67914055018938,46.50048050010583,36.66335031068255,46.03162984064976,20.048632351137094,50.487293770173636,0.8536182415579051,High Risk
2026-01-03 12:00:00,5,48.40124854635214,47.807047269070466,47.87014167093061,36.68547976382511,47.89737620029771,20.048632351137094,50.487293770173636,0.9149135223413701,High Risk
2026-01-03 13:00:00,5,49.86017158411722,48.40124854635214,48.38693966360692,36.74686442717971,48.464323588131606,20.048632351137094,50.487293770173636,0.9335394192362129,High Risk
2026-01-03 14:00:00,5,48.76868173644964,49.86017158411722,48.60733060936698,36.75358739080815,49.49766138739813,20.048632351137094,50.487293770173636,0.9674876192274277,High Risk
2026-01-03 15:00:00,5,47.74562909606481,48.76868173644964,47.7877762546363,36.751831259201005,48.500620680851114,20.048632351137094,50.487293770173636,0.9347318859819529,High Risk
2026-01-03 16:00:00,5,45.13439941605116,47.74562909606481,44.38826651611424,36.78292013003171,46.66595701360887,20.048632351137094,50.487293770173636,0.8744577634865164,High Risk
2026-01-03 17:00:00,5,42.4166949040973,45.13439941605116,42.32137194198518,36.78689192011972,44.244343312196776,20.048632351137094,50.487293770173636,0.7949005980606928,High Risk
2026-01-03 18:00:00,5,39.41797949235098,42.4166949040973,39.61037870609424,36.77887528621375,41.53248161620848,20.048632351137094,50.487293770173636,0.7058079283942267,High Risk
2026-01-03 19:00:00,5,36.458838455633156,39.41797949235098,37.194446712409444,36.7482249421814,38.737040433507985,20.048632351137094,50.487293770173636,0.613969425630314,Warning
2026-01-03 20:00:00,5,33.438912773865276,36.458838455633156,34.02050919803758,36.723991757840885,35.70828322174317,20.048632351137094,50.487293770173636,0.514465801914227,Warning
2026-01-03 21:00:00,5,30.34718008201188,33.438912773865276,30.172369740158622,36.73127552208477,32.408980890921384,20.048632351137094,50.487293770173636,0.40607397163595615,Warning
2026-01-03 22:00:00,5,27.90071367839132,30.34718008201188,27.816947328984014,36.734765786643415,29.573162803299518,20.048632351137094,50.487293770173636,0.31290896824052683,Safe
2026-01-03 23:00:00,5,26.116134343502097,27.90071367839132,25.82418809409254,36.74693021370214,27.285095035391002,20.048632351137094,50.487293770173636,0.2377391813290776,Safe
2026-01-04 00:00:00,5,25.263687404835483,26.116134343502097,25.539459391558523,36.73543971425536,26.015918673635973,20.048632351137094,50.487293770173636,0.19604298770917405,Safe
2026-01-04 01:00:00,5,19.60563279725352,25.263687404835483,24.49376383643126,36.531767587622944,25.09847718023054,20.048632351137094,50.487293770173636,0.16590232381352074,Safe
2026-01-04 02:00:00,5,19.89785884260298,19.60563279725352,23.809116056545747,36.368798537042,21.149126522640373,20.048632351137094,50.487293770173636,0.03615448525146171,Safe
2026-01-04 03:00:00,5,21.25638774896903,19.89785884260298,25.995726526858153,36.17132608796328,22.08900842464042,20.048632351137094,50.487293770173636,0.06703238287590652,Safe
2026-01-04 04:00:00,5,22.98065130732535,21.25638774896903,27.57274868603435,35.97998869718374,23.52050714322585,20.048632351137094,50.487293770173636,0.11406134554445538,Safe
2026-01-04 05:00:00,5,24.353046265219387,22.98065130732535,31.19990255660363,35.69470301837607,25.89346726239835,20.048632351137094,50.487293770173636,0.19202009703310277,Safe
2026-01-04 06:00:00,5,27.54568440683472,24.353046265219387,33.9942348159621,35.426013417995755,27.750492033278768,20.048632351137094,50.487293770173636,0.253028847855183,Safe
2026-01-04 07:00:00,5,29.596030869943654,27.54568440683472,37.395961067065535,35.101016326449006,31.010488864824133,20.048632351137094,50.487293770173636,0.3601293763431412,Safe
2026-01-04 08:00:00,5,33.165454274908946,29.596030869943654,39.684212652697376,34.829401394041156,33.13954269361897,20.048632351137094,50.487293770173636,0.4300750855035842,Warning
2026-01-04 09:00:00,5,34.79777340675252,33.165454274908946,42.74842761094795,34.49812413553301,36.5314841137315,20.048632351137094,50.487293770173636,0.5415103835931345,Warning
2026-01-04 10:00:00,5,36.90888292122301,34.79777340675252,45.67914055018938,34.13269673432608,38.605831654868915,20.048632351137094,50.487293770173636,0.6096588295590158,Warning
2026-01-04 11:00:00,5,38.55890303490644,36.90888292122301,47.807047269070466,33.747357391235916,40.719931906589494,20.048632351137094,50.487293770173636,0.6791132695280471,Warning
2026-01-04 12:00:00,5,38.844544249783105,38.55890303490644,48.40124854635214,33.349161378878875,42.00662052360623,20.048632351137094,50.487293770173636,0.7213847924781499,High Risk
2026-01-04 13:00:00,5,40.280771843227875,38.844544249783105,49.86017158411722,32.95001972300849,42.69324903965612,20.048632351137094,50.487293770173636,0.7439425680662279,High Risk
2026-01-04 14:00:00,5,39.96077639225258,40.280771843227875,48.76868173644964,32.583023667000276,43.26291225143975,20.048632351137094,50.487293770173636,0.7626576878024801,High Risk
2026-01-04 15:00:00,5,38.752349787258716,39.96077639225258,47.74562909606481,32.20830369580002,42.702830325647454,20.048632351137094,50.487293770173636,0.7442573416216303,High Risk
2026-01-04 16:00:00,5,36.91987234537435,38.752349787258716,45.13439941605116,31.866031734521822,41.01610540417297,20.048632351137094,50.487293770173636,0.6888434440510328,Warning
2026-01-04 17:00:00,5,35.232269409065694,36.91987234537435,42.4166949040973,31.566680672228838,38.883198225074494,20.048632351137094,50.487293770173636,0.618771140947315,Warning
2026-01-04 18:00:00,5,32.760868475318745,35.232269409065694,39.41797949235098,31.28930104651916,36.74928818910464,20.048632351137094,50.487293770173636,0.5486658910321514,Warning
2026-01-04 19:00:00,5,30.509304564668874,32.760868475318745,36.458838455633156,31.041403801062312,34.11426505538231,20.048632351137094,50.487293770173636,0.4620975951771283,Warning
2026-01-04 20:00:00,5,27.27527425267863,30.509304564668874,33.438912773865276,30.784585529346202,31.60279604226062,20.048632351137094,50.487293770173636,0.3795884172590145,Safe
2026-01-04 21:00:00,5,25.008347726061952,27.27527425267863,30.34718008201188,30.562134181181623,28.421664249165453,20.048632351137094,50.487293770173636,0.2750788383129414,Safe
2026-01-04 22:00:00,5,22.994253751175908,25.008347726061952,27.90071367839132,30.357698350880984,26.09627880055467,20.048632351137094,50.487293770173636,0.1986830553249061,Safe
2026-01-04 23:00:00,5,21.573744352022107,22.994253751175908,26.116134343502097,30.168432101235982,24.163326634788362,20.048632351137094,50.487293770173636,0.1351798652321171,Safe
2026-01-05 00:00:00,5,20.11955491463493,21.573744352022107,25.263687404835483,29.954093247477626,22.93899588218069,20.048632351137094,50.487293770173636,0.0949569823815893,Safe
2026-01-05 01:00:00,5,20.03367034836898,20.11955491463493,19.60563279725352,29.971928145440767,20.048632351137094,20.048632351137094,50.487293770173636,0.0,Safe
2026-01-05 02:00:00,5,20.791451677990512,20.03367034836898,19.89785884260298,30.009161180248586,20.092205198281697,20.048632351137094,50.487293770173636,0.0014314967768541591,Safe
2026-01-05 03:00:00,5,21.837621065544166,20.791451677990512,21.25638774896903,30.033379235105883,21.054503219556864,20.048632351137094,50.487293770173636,0.03304583015417561,Safe
2026-01-05 04:00:00,5,23.589377750066678,21.837621065544166,22.98065130732535,30.05874283688677,22.331271887575724,20.048632351137094,50.487293770173636,0.07499145346843664,Safe
2026-01-05 05:00:00,5,24.829979061670077,23.589377750066678,24.353046265219387,30.07861503673888,23.950968967182284,20.048632351137094,50.487293770173636,0.12820328838118203,Safe
2026-01-05 06:00:00,5,27.031513167214136,24.829979061670077,27.54568440683472,30.057191235088023,25.85771029178182,20.048632351137094,50.487293770173636,0.1908453748943873,Safe
2026-01-05 07:00:00,5,30.1302869786223,27.031513167214136,29.596030869943654,30.07945190628297,28.00465230843391,20.048632351137094,50.487293770173636,0.26137876388159126,Safe
2026-01-05 08:00:00,5,32.67561541698389,30.1302869786223,33.165454274908946,30.05904195386942,31.260383129086343,20.048632351137094,50.487293770173636,0.3683391413065951,Safe
2026-01-05 09:00:00,5,34.69662569038588,32.67561541698389,34.79777340675252,30.05482746568748,33.49006431654534,20.048632351137094,50.487293770173636,0.4415907565308089,Warning
2026-01-05 10:00:00,5,36.89049264044449,34.69662569038588,36.90888292122301,30.05406120398838,35.539258321613524,20.048632351137094,50.487293770173636,0.5089128345136641,Warning
2026-01-05 11:00:00,5,38.22808527293152,36.89049264044449,38.55890303490644,30.04027713057275,37.54422104111637,20.048632351137094,50.487293770173636,0.5747817840720038,Warning
2026-01-05 12:00:00,5,39.6905593752188,38.22808527293152,38.844544249783105,30.075527760799243,38.52021291968483,20.048632351137094,50.487293770173636,0.6068460011237381,Warning
2026-01-05 13:00:00,5,39.98389653008868,39.6905593752188,40.280771843227875,30.063157956085107,39.97179978800446,20.048632351137094,50.487293770173636,0.6545349188671078,Warning
2026-01-05 14:00:00,5,39.27068979346148,39.98389653008868,39.96077639225258,30.03440434780215,40.054943260221435,20.048632351137094,50.487293770173636,0.6572664276000597,Warning
2026-01-05 15:00:00,5,38.10869309698558,39.27068979346148,38.752349787258716,30.007585319040768,39.17326092113434,20.048632351137094,50.487293770173636,0.6283005575841788,Warning
2026-01-05 16:00:00,5,37.704604518763624,38.10869309698558,36.91987234537435,30.04028249293199,37.7834205413143,20.048632351137094,50.487293770173636,0.5826401944352768,Warning
2026-01-05 17:00:00,5,34.944117379048,37.704604518763624,35.232269409065694,30.02827615834791,36.94079054482822,20.048632351137094,50.487293770173636,0.5549573092648991,Warning
2026-01-05 18:00:00,5,33.276883641465155,34.944117379048,32.760868475318745,30.04977679027068,34.28279780332592,20.048632351137094,50.487293770173636,0.4676343939241786,Warning
2026-01-05 19:00:00,5,30.024322157532037,33.276883641465155,30.509304564668874,30.029569189973316,32.417850461505545,20.048632351137094,50.487293770173636,0.40636536323727085,Warning
2026-01-05 20:00:00,5,27.565215538657895,30.024322157532037,27.27527425267863,30.041650076889116,29.17587324871376,20.048632351137094,50.487293770173636,0.2998568324693673,Safe
2026-01-05 21:00:00,5,25.797211627557143,27.565215538657895,25.008347726061952,30.074519406118085,26.785717720459697,20.048632351137094,50.487293770173636,0.22133316098374892,Safe
2026-01-05 22:00:00,5,23.144624772442345,25.797211627557143,22.994253751175908,30.080784865337517,24.935838013857207,20.048632351137094,50.487293770173636,0.16055914663528784,Safe
2026-01-05 23:00:00,5,21.050184472512665,23.144624772442345,21.573744352022107,30.058969870357956,22.708186279410725,20.048632351137094,50.487293770173636,0.08737420493912139,Safe
2026-01-06 00:00:00,5,20.529907076744337,21.050184472512665,20.11955491463493,30.076067877112518,20.835498650083544,20.048632351137094,50.487293770173636,0.025850882936772485,Safe
2026-01-06 01:00:00,5,24.491843295755864,20.529907076744337,20.03367034836898,30.261825083253637,20.464498819887268,20.048632351137094,50.487293770173636,0.01366244229214515,Safe
2026-01-06 02:00:00,5,25.384995939942897,24.491843295755864,20.791451677990512,30.453222760834986,23.32517629234262,20.048632351137094,50.487293770173636,0.10764414993335424,Safe
2026-01-06 03:00:00,5,25.456414296823954,25.384995939942897,21.837621065544166,30.60400581213831,24.26950771292822,20.048632351137094,50.487293770173636,0.1386682273906807,Safe
2026-01-06 04:00:00,5,27.49885417079211,25.456414296823954,23.589377750066678,30.766900663001874,24.915648519767906,20.048632351137094,50.487293770173636,0.15989586209895174,Safe
2026-01-06 05:00:00,5,27.857453398892776,27.49885417079211,24.829979061670077,30.893045427052815,26.681127139494002,20.048632351137094,50.487293770173636,0.21789705135692497,Safe
2026-01-06 06:00:00,5,27.593759435466406,27.857453398892776,27.031513167214136,30.91647235489666,27.669695567145816,20.048632351137094,50.487293770173636,0.25037444520697655,Safe
2026-01-06 07:00:00,5,29.593958042219565,27.593759435466406,30.1302869786223,30.89412531587988,28.556589797501715,20.048632351137094,50.487293770173636,0.2795115412510271,Safe
2026-01-06 08:00:00,5,32.46154008973368,29.593958042219565,32.67561541698389,30.88520551057779,30.74065765907199,20.048632351137094,50.487293770173636,0.35126462394247754,Safe
2026-01-06 09:00:00,5,34.31184921648575,32.46154008973368,34.69662569038588,30.86917315749862,33.314899037326654,20.048632351137094,50.487293770173636,0.435836059533705,Warning
2026-01-06 10:00:00,5,36.7509617281084,34.31184921648575,36.89049264044449,30.863359369484613,35.280318630999226,20.048632351137094,50.487293770173636,0.5004059005673039,Warning
2026-01-06 11:00:00,5,38.4367441794011,36.7509617281084,38.22808527293152,30.872053490587508,37.33943620234352,20.048632351137094,50.487293770173636,0.5680539970242793,Warning
2026-01-06 12:00:00,5,39.80439162405594,38.4367441794011,39.6905593752188,30.87679650095572,38.94662840734967,20.048632351137094,50.487293770173636,0.6208550098572545,Warning
2026-01-06 13:00:00,5,40.357796474540855,39.80439162405594,39.98389653008868,30.8923756653079,39.94498727564849,20.048632351137094,50.487293770173636,0.6536540486111532,Warning
2026-01-06 14:00:00,5,40.50089266174174,40.357796474540855,39.27068979346148,30.94363411815291,40.064383194844204,20.048632351137094,50.487293770173636,0.6575765573453427,Warning
2026-01-06 15:00:00,5,37.96692569389929,40.50089266174174,38.10869309698558,30.937727143024315,39.7608421548927,20.048632351137094,50.487293770173636,0.6476043372861042,Warning
2026-01-06 16:00:00,5,37.0887943986883,37.96692569389929,37.704604518763624,30.912068388021172,37.95877818749874,20.048632351137094,50.487293770173636,0.5884012112556075,Warning
2026-01-06 17:00:00,5,34.73268802627169,37.0887943986883,34.944117379048,30.903258831655496,36.43787050376432,20.048632351137094,50.487293770173636,0.5384348998981404,Warning
2026-01-06 18:00:00,5,32.94557545362621,34.73268802627169,33.276883641465155,30.889454323828875,34.320491010090855,20.048632351137094,50.487293770173636,0.46887272714152,Warning
2026-01-06 19:00:00,5,30.403171780606836,32.94557545362621,30.024322157532037,30.905239724790324,32.03440529681731,20.048632351137094,50.487293770173636,0.39376805658136393,Safe
2026-01-06 20:00:00,5,27.166732083742186,30.403171780606836,27.565215538657895,30.888636247502166,29.523814361450707,20.048632351137094,50.487293770173636,0.3112877261120308,Safe
2026-01-06 21:00:00,5,25.798271622319476,27.166732083742186,25.797211627557143,30.888680413950595,26.79392603310914,20.048632351137094,50.487293770173636,0.2216028283080368,Safe
2026-01-06 22:00:00,5,22.266663924915147,25.798271622319476,23.144624772442345,30.8520987119703,24.987973432164438,20.048632351137094,50.487293770173636,0.16227194917534374,Safe
2026-01-06 23:00:00,5,21.051640980424256,22.266663924915147,21.050184472512665,30.852159399799948,21.952605947454057,20.048632351137094,50.487293770173636,0.062551158461096,Safe
2026-01-07 00:00:00,5,20.694451108828936,21.051640980424256,20.529907076744337,30.859015401136812,20.976829627181978,20.048632351137094,50.487293770173636,0.030494023136324905,Safe
2026-01-07 01:00:00,5,19.85442501353296,20.694451108828936,24.491843295755864,30.665789639377522,22.097606798024785,20.048632351137094,50.487293770173636,0.06731486484788006,Safe
2026-01-07 02:00:00,5,19.692820030484295,19.85442501353296,25.384995939942897,30.428615643150078,21.851568542430442,20.048632351137094,50.487293770173636,0.05923178116282073,Safe
2026-01-07 03:00:00,5,20.2352597097687,19.692820030484295,25.456414296823954,30.211067535356108,21.76988786792139,20.048632351137094,50.487293770173636,0.056548329656818684,Safe
2026-01-07 04:00:00,5,22.09012370633653,20.2352597097687,27.49885417079211,29.98570376600379,22.82474458406413,20.048632351137094,50.487293770173636,0.09120348965107081,Safe
2026-01-07 05:00:00,5,24.713319425646613,22.09012370633653,27.857453398892776,29.854698183785203,24.165340539879914,20.048632351137094,50.487293770173636,0.13524602796502,Safe
2026-01-07 06:00:00,5,26.346834159119368,24.713319425646613,27.593759435466406,29.80274296393741,25.797555889445874,20.048632351137094,50.487293770173636,0.18886912503465872,Safe
2026-01-07 07:00:00,5,28.95222292363153,26.346834159119368,29.593958042219565,29.77600400066291,27.55437507335768,20.048632351137094,50.487293770173636,0.24658582623940936,Safe
2026-01-07 08:00:00,5,31.614420499054734,28.95222292363153,32.46154008973368,29.740707351051284,30.24605536625196,20.048632351137094,50.487293770173636,0.3350154771826415,Safe
2026-01-07 09:00:00,5,32.73398575209534,31.614420499054734,34.31184921648575,29.67496304003502,32.62704491512448,20.048632351137094,50.487293770173636,0.41323801916212854,Warning
2026-01-07 10:00:00,5,35.382384052588684,32.73398575209534,36.7509617281084,29.617938970221697,34.196544038170046,20.048632351137094,50.487293770173636,0.4648007028779541,Warning
2026-01-07 11:00:00,5,37.66494033337085,35.382384052588684,38.4367441794011,29.585780476637108,36.51219099730088,20.048632351137094,50.487293770173636,0.5408765477114843,Warning
2026-01-07 12:00:00,5,38.054484663475996,37.66494033337085,39.80439162405594,29.512867686612935,38.47879318581751,20.048632351137094,50.487293770173636,0.6054852404800176,Warning
2026-01-07 13:00:00,5,38.612450631891505,38.054484663475996,40.357796474540855,29.440144943169216,38.923883049490804,20.048632351137094,50.487293770173636,0.6201077576440744,Warning
2026-01-07 14:00:00,5,38.03471548200879,38.612450631891505,40.50089266174174,29.33738756068034,39.33920077181729,20.048632351137094,50.487293770173636,0.6337521719947767,Warning
2026-01-07 15:00:00,5,36.61835220652621,38.03471548200879,37.96692569389929,29.281196998706463,38.093025436690546,20.048632351137094,50.487293770173636,0.5928116300625735,Warning
2026-01-07 16:00:00,5,34.75386119084416,36.61835220652621,37.0887943986883,29.183908115046293,36.86263088768125,20.048632351137094,50.487293770173636,0.5523895335830712,Warning
2026-01-07 17:00:00,5,32.64167852987486,34.75386119084416,34.73268802627169,29.09678271936309,34.832399906552496,20.048632351137094,50.487293770173636,0.48569044696818,Warning
2026-01-07 18:00:00,5,32.37823244310297,32.64167852987486,32.94557545362621,29.073143427257957,32.83417499675906,20.048632351137094,50.487293770173636,0.4200428543675363,Warning
2026-01-07 19:00:00,5,28.741139362985116,32.37823244310297,30.403171780606836,29.003892076523716,31.791479439519346,20.048632351137094,50.487293770173636,0.3857872243767912,Safe
2026-01-07 20:00:00,5,26.958093469235966,28.741139362985116,27.166732083742186,28.995198800919294,28.29619012308131,20.048632351137094,50.487293770173636,0.2709566425227062,Safe
2026-01-07 21:00:00,5,23.98901702627421,26.958093469235966,25.798271622319476,28.91981319275074,26.657294112314517,20.048632351137094,50.487293770173636,0.2171140659927396,Safe
2026-01-07 22:00:00,5,21.684545759263305,23.98901702627421,22.266663924915147,28.895558269181915,23.499660205404087,20.048632351137094,50.487293770173636,0.11337646203890671,Safe
2026-01-07 23:00:00,5,21.101132805689836,21.684545759263305,21.051640980424256,28.89762042856798,21.57087867443181,20.048632351137094,50.487293770173636,0.05001028962240776,Safe
2026-01-08 00:00:00,5,20.159002952451885,21.101132805689836,20.694451108828936,28.875310088718933,21.065614295686764,20.048632351137094,50.487293770173636,0.03341086183582241,Safe
2026-01-08 01:00:00,5,20.938668544627518,20.159002952451885,19.85442501353296,28.92048690251454,20.159642048562226,20.048632351137094,50.487293770173636,0.003646996569589924,Safe
2026-01-08 02:00:00,5,21.172750944976897,20.938668544627518,19.692820030484295,28.982150690618397,20.61629712950678,20.048632351137094,50.487293770173636,0.018649465293674155,Safe
2026-01-08 03:00:00,5,21.81609277346342,21.172750944976897,20.2352597097687,29.04801873493901,20.955557890285803,20.048632351137094,50.487293770173636,0.029795183725994205,Safe
2026-01-08 04:00:00,5,24.622896209851685,21.81609277346342,22.09012370633653,29.15355092258548,22.01250155154515,20.048632351137094,50.487293770173636,0.0645189060337894,Safe
2026-01-08 05:00:00,5,24.88762224631543,24.622896209851685,24.713319425646613,29.16081354011334,24.752832568572522,20.048632351137094,50.487293770173636,0.15454687701695427,Safe
2026-01-08 06:00:00,5,27.88309901293031,24.88762224631543,26.346834159119368,29.2248245756888,25.48545283803802,20.048632351137094,50.487293770173636,0.17861561760022357,Safe
2026-01-08 07:00:00,5,30.742259810640558,27.88309901293031,28.95222292363153,29.299409445980842,28.343577484128602,20.048632351137094,50.487293770173636,0.27251345735231103,Safe
2026-01-08 08:00:00,5,33.482808032782394,30.742259810640558,31.614420499054734,29.377258926552827,31.131628833344003,20.048632351137094,50.487293770173636,0.3641091822509102,Safe
2026-01-08 09:00:00,5,34.410578487715156,33.482808032782394,32.73398575209534,29.44711695720365,33.31408905546392,20.048632351137094,50.487293770173636,0.4358094492361963,Warning
2026-01-08 10:00:00,5,36.95813864996455,34.410578487715156,35.382384052588684,29.51277339876098,34.8292466668191,20.048632351137094,50.487293770173636,0.48558685372581,Warning
2026-01-08 11:00:00,5,37.95382756141967,36.95813864996455,37.66494033337085,29.524810366596352,37.28282849236762,20.048632351137094,50.487293770173636,0.566194266488272,Warning
2026-01-08 12:00:00,5,38.65625893653599,37.95382756141967,38.054484663475996,29.54988429464052,38.06986595279672,20.048632351137094,50.487293770173636,0.5920507725854939,Warning
2026-01-08 13:00:00,5,39.31669040933066,38.65625893653599,38.612450631891505,29.579227618700482,38.72196135113297,20.048632351137094,50.487293770173636,0.6134740332189318,Warning
2026-01-08 14:00:00,5,39.998859257881165,39.31669040933066,38.03471548200879,29.661066942695168,38.95797475427596,20.048632351137094,50.487293770173636,0.621227770879736,Warning
2026-01-08 15:00:00,5,38.37313707973941,39.998859257881165,36.61835220652621,29.734182979079048,38.92138050250302,20.048632351137094,50.487293770173636,0.6200255415810513,Warning
2026-01-08 16:00:00,5,36.57619465524636,38.37313707973941,34.75386119084416,29.810113540095802,37.21610129960756,20.048632351137094,50.487293770173636,0.564002081041965,Warning
2026-01-08 17:00:00,5,34.46940894687997,36.57619465524636,32.64167852987486,29.886268974137682,35.313665730099956,20.048632351137094,50.487293770173636,0.5015014513060866,Warning
2026-01-08 18:00:00,5,32.79684617366156,34.46940894687997,32.37823244310297,29.90371121291096,33.84020536424385,20.048632351137094,50.487293770173636,0.45309392453728237,Warning
2026-01-08 19:00:00,5,29.98841221854618,32.79684617366156,28.741139362985116,29.955680915226,31.497792541046998,20.048632351137094,50.487293770173636,0.37613874198195785,Safe
2026-01-08 20:00:00,5,27.965725721001327,29.98841221854618,26.958093469235966,29.997665592382898,29.04379212193308,20.048632351137094,50.487293770173636,0.29551757718402083,Safe
2026-01-08 21:00:00,5,25.659612959378986,27.965725721001327,23.98901702627421,30.067273756262257,26.70000134017264,20.048632351137094,50.487293770173636,0.21851712461831885,Safe
2026-01-08 22:00:00,5,23.319199890808644,25.659612959378986,21.684545759263305,30.13538434507665,24.397459919767204,20.048632351137094,50.487293770173636,0.14287183545589455,Safe
2026-01-08 23:00:00,5,22.08432650401219,23.319199890808644,21.101132805689836,30.176350749173412,22.661141809105043,20.048632351137094,50.487293770173636,0.08582865508354494,Safe
2026-01-09 00:00:00,5,25.226541637824283,22.08432650401219,20.159002952451885,30.387498194397264,21.528022782818528,20.048632351137094,50.487293770173636,0.04860234695320296,Safe
2026-01-09 01:00:00,5,24.897623049810516,25.226541637824283,20.938668544627518,30.552454632113225,23.857948150776423,20.048632351137094,50.487293770173636,0.1251472797062514,Safe
2026-01-09 02:00:00,5,24.846602187572657,24.897623049810516,21.172750944976897,30.705531767221377,23.72205207913676,20.048632351137094,50.487293770173636,0.12068269220996662,Safe
2026-01-09 03:00:00,5,26.762266468083197,24.846602187572657,21.81609277346342,30.911622337830536,23.90862767938763,20.048632351137094,50.487293770173636,0.12681225196796,Safe
2026-01-09 04:00:00,5,28.269404853957568,26.762266468083197,24.622896209851685,31.06356019800161,26.126635551917428,20.048632351137094,50.487293770173636,0.19968036430467817,Safe
2026-01-09 05:00:00,5,31.095728204042544,28.269404853957568,24.88762224631543,31.322231279573575,27.20679840002058,20.048632351137094,50.487293770173636,0.2351669055078689,Safe
2026-01-09 06:00:00,5,34.29376112881694,31.095728204042544,27.88309901293031,31.589342201068856,30.087297543138135,20.048632351137094,50.487293770173636,0.3297998135989968,Safe
2026-01-09 07:00:00,5,37.4185461331226,34.29376112881694,30.742259810640558,31.86752079783894,33.16523407704217,20.048632351137094,50.487293770173636,0.43091912336140853,Warning
2026-01-09 08:00:00,5,39.06676787046142,37.4185461331226,33.482808032782394,32.10018579107557,36.154499799282505,20.048632351137094,50.487293770173636,0.5291253349579741,Warning
2026-01-09 09:00:00,5,42.816647792871926,39.06676787046142,34.410578487715156,32.45043867879043,37.554116022907536,20.048632351137094,50.487293770173636,0.5751068634613324,Warning
2026-01-09 10:00:00,5,44.57235353836031,42.816647792871926,36.95813864996455,32.76769763247359,40.887808307676956,20.048632351137094,50.487293770173636,0.6846285053415126,Warning
2026-01-09 11:00:00,5,46.64114412636686,44.57235353836031,37.95382756141967,33.12966915601305,42.38123354313008,20.048632351137094,50.487293770173636,0.7336919370683657,High Risk
2026-01-09 12:00:00,5,47.62032348151651,46.64114412636686,38.65625893653599,33.503171845387236,43.97991540467443,20.048632351137094,50.487293770173636,0.7862133599724327,High Risk
2026-01-09 13:00:00,5,48.15462379343264,47.62032348151651,39.31669040933066,33.87141906972482,44.848778464142825,20.048632351137094,50.487293770173636,0.8147580787746952,High Risk
2026-01-09 14:00:00,5,47.95647951909389,48.15462379343264,39.998859257881165,34.20298658060869,45.43296479157494,20.048632351137094,50.487293770173636,0.8339503257726041,High Risk
2026-01-09 15:00:00,5,47.06976075103994,47.95647951909389,38.37313707973941,34.56534590024621,44.74672858012563,20.048632351137094,50.487293770173636,0.8114054385498286,High Risk
2026-01-09 16:00:00,5,45.03671739793855,47.06976075103994,36.57619465524636,34.917867681191716,43.54979480744166,20.048632351137094,50.487293770173636,0.772082627441828,High Risk
2026-01-09 17:00:00,5,42.721977666536745,45.03671739793855,34.46940894687997,35.261724711177415,41.49417884488659,20.048632351137094,50.487293770173636,0.7045495691800606,High Risk
2026-01-09 18:00:00,5,39.72425084281482,42.721977666536745,32.79684617366156,35.550366572392136,39.40213819209214,20.048632351137094,50.487293770173636,0.6358198522170025,Warning
2026-01-09 19:00:00,5,37.69556719113312,39.72425084281482,29.98841221854618,35.87149802958326,36.47307776591646,20.048632351137094,50.487293770173636,0.5395915624895332,Warning
2026-01-09 20:00:00,5,33.76805470325273,37.69556719113312,27.965725721001327,36.11326173717706,34.44909336835436,20.048632351137094,50.487293770173636,0.4730976946020835,Warning
2026-01-09 21:00:00,5,30.90174939525101,33.76805470325273,25.659612959378986,36.331684088671736,31.081360607558544,20.048632351137094,50.487293770173636,0.36245772250233665,Safe
2026-01-09 22:00:00,5,29.086284784405706,30.90174939525101,23.319199890808644,36.571979292571605,28.39869519262792,20.048632351137094,50.487293770173636,0.2743242369371868,Safe
2026-01-09 23:00:00,5,26.59696824782968,29.086284784405706,22.08432650401219,36.76000603189734,26.784210583100133,20.048632351137094,50.487293770173636,0.2212836470682287,Safe
2026-01-10 00:00:00,5,25.54699205209831,26.59696824782968,25.226541637824283,36.77335813249209,26.224595841984367,20.048632351137094,50.487293770173636,0.2028986492844306,Safe
2026-01-10 01:00:00,5,25.328186037743915,25.54699205209831,24.897623049810516,36.791298256989315,25.422651776078677,20.048632351137094,50.487293770173636,0.17655241715157086,Safe
2026-01-10 02:00:00,5,24.926952216162285,25.328186037743915,24.846602187572657,36.79464617484722,25.261527832109614,20.048632351137094,50.487293770173636,0.17125901950646624,Safe
2026-01-10 03:00:00,5,26.5715982141234,24.926952216162285,26.762266468083197,36.78670166426556,25.653389801610913,20.048632351137094,50.487293770173636,0.1841328430702844,Safe
2026-01-10 04:00:00,5,27.555633220614297,26.5715982141234,28.269404853957568,36.75696117954292,27.248850240615987,20.048632351137094,50.487293770173636,0.236548432725343,Safe
2026-01-10 05:00:00,5,31.618954092849062,27.555633220614297,31.095728204042544,36.7787622582432,28.861816993364997,20.048632351137094,50.487293770173636,0.2895391565141863,Safe
2026-01-10 06:00:00,5,33.5031546395605,31.618954092849062,34.29376112881694,36.74582032119084,32.62383409272611,20.048632351137094,50.487293770173636,0.41313253415907014,Warning
2026-01-10 07:00:00,5,36.59168914234355,33.5031546395605,37.4185461331226,36.711367946575045,34.929958694264315,20.048632351137094,50.487293770173636,0.48889554140921576,Warning
2026-01-10 08:00:00,5,39.5584214297939,36.59168914234355,39.06676787046142,36.731853511547236,37.52175528164478,20.048632351137094,50.487293770173636,0.5740437174919972,Warning
2026-01-10 09:00:00,5,42.99092084885623,39.5584214297939,42.816647792871926,36.73911488887992,40.75251726950721,20.048632351137094,50.487293770173636,0.6801837949824552,Warning
2026-01-10 10:00:00,5,44.53477011593877,42.99092084885623,44.57235353836031,36.737548912945684,43.60693368202891,20.048632351137094,50.487293770173636,0.7739598083047925,High Risk
2026-01-10 11:00:00,5,46.79320137366928,44.53477011593877,46.64114412636686,36.743884631583285,45.32834165421417,20.048632351137094,50.487293770173636,0.830513146572005,High Risk
2026-01-10 12:00:00,5,48.71927266357479,46.79320137366928,47.62032348151651,36.78967418083571,47.14621463194692,20.048632351137094,50.487293770173636,0.8902356453042698,High Risk
2026-01-10 13:00:00,5,48.10842275934443,48.71927266357479,48.15462379343264,36.787749137748705,48.59367052470209,20.048632351137094,50.487293770173636,0.9377888482942253,High Risk
2026-01-10 14:00:00,5,48.379611471288726,48.10842275934443,47.95647951909389,36.80537963575682,48.12479756780454,20.048632351137094,50.487293770173636,0.9223849862439562,High Risk
2026-01-10 15:00:00,5,47.58419550559854,48.379611471288726,47.06976075103994,36.826814417196765,47.99953154012397,20.048632351137094,50.487293770173636,0.9182696271011631,High Risk
2026-01-10 16:00:00,5,45.17253732969633,47.58419550559854,45.03671739793855,36.832473581020004,46.78178206129774,20.048632351137094,50.487293770173636,0.8782629585405684,High Risk
2026-01-10 17:00:00,5,43.13944924895719,45.17253732969633,42.721977666536745,36.84986823028752,44.40642563112433,20.048632351137094,50.487293770173636,0.8002254811549705,High Risk
2026-01-10 18:00:00,5,40.31960168423683,43.13944924895719,39.72425084281482,36.874674515346776,42.04600423306503,20.048632351137094,50.487293770173636,0.7226786637040473,High Risk
2026-01-10 19:00:00,5,36.758995621267054,40.31960168423683,37.69556719113312,36.835650699935684,39.500480933806884,20.048632351137094,50.487293770173636,0.6390507018634457,Warning
2026-01-10 20:00:00,5,33.56488230826889,36.758995621267054,33.76805470325273,36.82718518347803,35.819009424323134,20.048632351137094,50.487293770173636,0.5181034848404883,Warning
2026-01-10 21:00:00,5,31.04711162945793,33.56488230826889,30.90174939525101,36.83324194323665,32.74120253526655,20.048632351137094,50.487293770173636,0.41698843429438737,Warning
2026-01-10 22:00:00,5,29.037286126617246,31.04711162945793,29.086284784405706,36.83120033249546,30.466965083671102,20.048632351137094,50.487293770173636,0.34227301413935696,Safe
2026-01-10 23:00:00,5,26.231946639319986,29.037286126617246,26.59696824782968,36.81599109880756,28.295736826361885,20.048632351137094,50.487293770173636,0.27094175038608126,Safe
2026-01-11 00:00:00,5,26.318546130215594,26.231946639319986,25.54699205209831,36.84813918539578,26.094539163784397,20.048632351137094,50.487293770173636,0.19862590311675957,Safe
2026-01-11 01:00:00,5,26.868129467643413,26.318546130215594,25.328186037743915,36.91230349497493,26.076551510082712,20.048632351137094,50.487293770173636,0.19803495554310946,Safe
2026-01-11 02:00:00,5,26.53721732581465,26.868129467643413,24.926952216162285,36.97939787454377,26.300158900386045,20.048632351137094,50.487293770173636,0.20538111902509895,Safe
2026-01-11 03:00:00,5,27.281835818571608,26.53721732581465,26.5715982141234,37.00899110806245,26.645484072711703,20.048632351137094,50.487293770173636,0.21672607129572466,Safe
2026-01-11 04:00:00,5,29.236631148407856,27.281835818571608,27.555633220614297,37.07903268838718,27.471031118182488,20.048632351137094,50.487293770173636,0.24384773104889707,Safe
2026-01-11 05:00:00,5,31.75769868610223,29.236631148407856,31.618954092849062,37.084813713106065,30.14456650708989,20.048632351137094,50.487293770173636,0.33168126828197064,Safe
2026-01-11 06:00:00,5,35.2370204525783,31.75769868610223,33.5031546395605,37.157058121981805,32.44448212935405,20.048632351137094,50.487293770173636,0.4072402922167995,Warning
2026-01-11 07:00:00,5,38.37563447639138,35.2370204525783,36.59168914234355,37.23138917756713,35.785581081341,20.048632351137094,50.487293770173636,0.5170052650001438,Warning
2026-01-11 08:00:00,5,40.827813349961545,38.37563447639138,39.5584214297939,37.28428050757412,38.861300886651776,20.048632351137094,50.487293770173636,0.6180517486783228,Warning
2026-01-11 09:00:00,5,44.05953467416328,40.827813349961545,42.99092084885623,37.32880608362858,41.64563058553779,20.048632351137094,50.487293770173636,0.7095252063669456,High Risk
2026-01-11 10:00:00,5,46.35528573829988,44.05953467416328,44.53477011593877,37.404660901226954,44.2957412180052,20.048632351137094,50.487293770173636,0.796589171135976,High Risk
2026-01-11 11:00:00,5,48.16705187437345,46.35528573829988,46.79320137366928,37.46190467208963,46.57572951021503,20.048632351137094,50.487293770173636,0.8714935233976546,High Risk
2026-01-11 12:00:00,5,50.005391934011186,48.16705187437345,48.71927266357479,37.51549297502448,48.424232910303076,20.048632351137094,50.487293770173636,0.9322223220104341,High Risk
2026-01-11 13:00:00,5,49.965424645812774,50.005391934011186,48.10842275934443,37.59286805362733,49.42234671056352,20.048632351137094,50.487293770173636,0.96501330955515,High Risk
2026-01-11 14:00:00,5,50.32414578770201,49.965424645812774,48.379611471288726,37.67389031681122,49.488872853344596,20.048632351137094,50.487293770173636,0.967198889915589,High Risk
2026-01-11 15:00:00,5,47.77586951760173,50.32414578770201,47.58419550559854,37.681876733978015,49.452314794424126,20.048632351137094,50.487293770173636,0.9659978496590498,High Risk
2026-01-11 16:00:00,5,47.110290907445645,47.77586951760173,45.17253732969633,37.76261646638424,46.95409916331256,20.048632351137094,50.487293770173636,0.8839240845007897,High Risk
2026-01-11 17:00:00,5,44.85653456487811,47.110290907445645,43.13944924895719,37.83416168788094,45.821587093183,20.048632351137094,50.487293770173636,0.8467177166736252,High Risk
2026-01-11 18:00:00,5,41.56763647384316,44.85653456487811,40.31960168423683,37.88616313744787,43.377121884193414,20.048632351137094,50.487293770173636,0.7664098117027155,High Risk
2026-01-11 19:00:00,5,38.033118664919435,41.56763647384316,36.758995621267054,37.939251597600055,39.9995695280087,20.048632351137094,50.487293770173636,0.6554472368797045,Warning
2026-01-11 20:00:00,5,36.11471765503509,38.033118664919435,33.56488230826889,38.04549473704865,36.586111469562,20.048632351137094,50.487293770173636,0.5433050536439556,Warning
2026-01-11 21:00:00,5,32.76837996676265,36.11471765503509,31.04711162945793,38.11721425110301,34.46517990514121,20.048632351137094,50.487293770173636,0.47362618486770014,Warning
2026-01-11 22:00:00,5,28.65240873497171,32.76837996676265,29.037286126617246,38.101177693117776,31.58040815922685,20.048632351137094,50.487293770173636,0.37885290915009806,Safe
2026-01-11 23:00:00,5,27.257069922378083,28.65240873497171,26.231946639319986,38.1438911632452,27.91815408741607,20.048632351137094,50.487293770173636,0.25853704173798797,Safe
2026-01-12 00:00:00,5,26.193844400331926,27.257069922378083,26.318546130215594,38.13869525783338,27.031582723963517,20.048632351137094,50.487293770173636,0.22941055282571282,Safe
2026-01-12 01:00:00,5,26.107917767987146,26.193844400331926,26.868129467643413,38.107019770347705,26.521459824989705,20.048632351137094,50.487293770173636,0.21265150829375673,Safe
2026-01-12 02:00:00,5,27.02974653206525,26.107917767987146,26.53721732581465,38.127541820608144,26.35183989064719,20.048632351137094,50.487293770173636,0.20707899226110638,Safe
2026-01-12 03:00:00,5,27.68473469976616,27.02974653206525,27.281835818571608,38.14432927399125,27.211844861389746,20.048632351137094,50.487293770173636,0.2353326966750264,Safe
2026-01-12 04:00:00,5,29.438474438312426,27.68473469976616,29.236631148407856,38.152739411070606,28.310620482805923,20.048632351137094,50.487293770173636,0.27143072247819033,Safe
2026-01-12 05:00:00,5,32.69203549241025,29.438474438312426,31.75769868610223,38.191670111333444,30.324561352410072,20.048632351137094,50.487293770173636,0.3375946307958113,Safe
2026-01-12 06:00:00,5,34.73399267796429,32.69203549241025,35.2370204525783,38.17071062072452,33.65110500198434,20.048632351137094,50.487293770173636,0.4468814188871903,Warning
2026-01-12 07:00:00,5,38.299281611638754,34.73399267796429,38.37563447639138,38.16752925135983,36.06554511358992,20.048632351137094,50.487293770173636,0.5262029106914942,Warning
2026-01-12 08:00:00,5,41.56392821760177,38.299281611638754,40.827813349961545,38.19820070417817,39.245404475356985,20.048632351137094,50.487293770173636,0.6306706865086851,Warning
2026-01-12 09:00:00,5,45.01612509708639,41.56392821760177,44.05953467416328,38.23805863846663,42.49452705290738,20.048632351137094,50.487293770173636,0.7374139636218862,High Risk
2026-01-12 10:00:00,5,47.75200311172443,45.01612509708639,46.35528573829988,38.29625519569266,45.54661752442794,20.048632351137094,50.487293770173636,0.8376841538655861,High Risk
2026-01-12 11:00:00,5,48.51705583196444,47.75200311172443,48.16705187437345,38.31083869392562,47.96280158882862,20.048632351137094,50.487293770173636,0.9170629396722051,High Risk
2026-01-12 12:00:00,5,49.65647686310858,48.51705583196444,50.005391934011186,38.29630056597134,49.09400946656922,20.048632351137094,50.487293770173636,0.9542264609257912,High Risk
2026-01-12 13:00:00,5,50.017747756402656,49.65647686310858,49.965424645812774,38.29848069557925,49.82849435217206,20.048632351137094,50.487293770173636,0.9783564596587017,High Risk
2026-01-12 14:00:00,5,49.7454941363446,50.017747756402656,50.32414578770201,38.27437021010603,50.18842150693784,20.048632351137094,50.487293770173636,0.9901811301981234,High Risk
2026-01-12 15:00:00,5,48.91906495196793,49.7454941363446,47.77586951760173,38.32200335320462,49.13793390415621,20.048632351137094,50.487293770173636,0.9556695084875502,High Risk
2026-01-12 16:00:00,5,46.72171121474082,48.91906495196793,47.110290907445645,38.305812532675255,48.367607623769075,20.048632351137094,50.487293770173636,0.9303620140325582,High Risk
2026-01-12 17:00:00,5,44.650862448295996,46.72171121474082,44.85653456487811,38.297242861151,46.153827364773164,20.048632351137094,50.487293770173636,0.8576327912920939,High Risk
2026-01-12 18:00:00,5,40.83352676348865,44.650862448295996,41.56763647384316,38.26665495655289,43.66900703904851,20.048632351137094,50.487293770173636,0.775999101495967,High Risk
2026-01-12 19:00:00,5,38.025939758110184,40.83352676348865,38.033118664919435,38.26635583543584,39.953400802904014,20.048632351137094,50.487293770173636,0.6539304578416147,Warning
2026-01-12 20:00:00,5,34.89868325753526,38.025939758110184,36.11471765503509,38.215687735540016,37.45365377750659,20.048632351137094,50.487293770173636,0.5718063818561316,Warning
2026-01-12 21:00:00,5,32.359612847299466,34.89868325753526,32.76837996676265,38.19865577222905,34.25553478937009,20.048632351137094,50.487293770173636,0.46673872335953576,Warning
2026-01-12 22:00:00,5,28.70664994969058,32.359612847299466,28.65240873497171,38.20091582284234,31.18034681710423,20.048632351137094,50.487293770173636,0.3657097119683317,Safe
2026-01-12 23:00:00,5,27.28577057401886,28.70664994969058,27.257069922378083,38.20211168332737,28.304447040364536,20.048632351137094,50.487293770173636,0.2712279066528298,Safe
2026-01-13 00:00:00,5,26.601292001639088,27.28577057401886,26.193844400331926,38.21908866671516,27.007769525896514,20.048632351137094,50.487293770173636,0.22862821890646315,Safe
2026-01-13 01:00:00,5,27.097773916926204,26.601292001639088,26.107917767987146,38.26033267292096,26.528938913970357,20.048632351137094,50.487293770173636,0.2128972184658297,Safe
2026-01-13 02:00:00,5,26.22354425056622,27.097773916926204,27.02974653206525,38.22674091119183,27.17027689687254,20.048632351137094,50.487293770173636,0.23396706621646823,Safe
2026-01-13 03:00:00,5,28.02621606282648,26.22354425056622,27.68473469976616,38.240969301319346,26.820308093558225,20.048632351137094,50.487293770173636,0.22246955694695966,Safe
2026-01-13 04:00:00,5,29.785507946517598,28.02621606282648,29.438474438312426,38.25542903082789,28.603888311606603,20.048632351137094,50.487293770173636,0.28106543719605087,Safe
2026-01-13 05:00:00,5,31.161134399686823,29.785507946517598,32.69203549241025,38.19164148529775,30.872048575002566,20.048632351137094,50.487293770173636,0.3555812037619772,Safe
2026-01-13 06:00:00,5,34.90967641456993,31.161134399686823,34.73399267796429,38.19896164098966,32.47382024343679,20.048632351137094,50.487293770173636,0.4082041359520746,Warning
2026-01-13 07:00:00,5,38.157296173734615,34.90967641456993,38.299281611638754,38.19304558107698,36.154782047830864,20.048632351137094,50.487293770173636,0.52913460765677,Warning
2026-01-13 08:00:00,5,41.82677231785569,38.157296173734615,41.56392821760177,38.20399741858756,39.40398778951774,20.048632351137094,50.487293770173636,0.6358806169575861,Warning
2026-01-13 09:00:00,5,44.45318431201213,41.82677231785569,45.01612509708639,38.1805415525428,42.99434712690697,20.048632351137094,50.487293770173636,0.7538345299108635,High Risk
2026-01-13 10:00:00,5,46.33785848431066,44.45318431201213,47.75200311172443,38.12161885973389,45.654777766821894,20.048632351137094,50.487293770173636,0.8412375374178908,High Risk
2026-01-13 11:00:00,5,49.230583774120745,46.33785848431066,48.51705583196444,38.15134919065707,47.153988376104614,20.048632351137094,50.487293770173636,0.8904910357695498,High Risk
2026-01-13 12:00:00,5,50.31739105611735,49.230583774120745,49.65647686310858,38.17888728203244,49.44316215072949,20.048632351137094,50.487293770173636,0.9656971582696374,High Risk
2026-01-13 13:00:00,5,50.77438889599773,50.31739105611735,50.017747756402656,38.21041399618223,50.280357116834665,20.048632351137094,50.487293770173636,0.9932014866326861,High Risk
2026-01-13 14:00:00,5,49.292261183164484,50.77438889599773,49.7454941363446,38.191529289799725,50.487293770173636,20.048632351137094,50.487293770173636,0.9999999671470452,High Risk
2026-01-13 15:00:00,5,48.64521805045542,49.292261183164484,48.91906495196793,38.18011900223671,49.23140395911241,20.048632351137094,50.487293770173636,0.9587402759762603,High Risk
2026-01-13 16:00:00,5,46.39781985511699,48.64521805045542,46.72171121474082,38.16662352891905,48.05486996184666,20.048632351137094,50.487293770173636,0.9200876577675857,High Risk
2026-01-13 17:00:00,5,44.16629290434527,46.39781985511699,44.650862448295996,38.14643313125443,45.8707995580437,20.048632351137094,50.487293770173636,0.8483344915562797,High Risk
2026-01-13 18:00:00,5,40.92309576549039,44.16629290434527,40.83352676348865,38.1501651730045,43.099706408196084,20.048632351137094,50.487293770173636,0.7572958936146515,High Risk
2026-01-13 19:00:00,5,37.924237539004075,40.92309576549039,38.025939758110184,38.14592758054175,40.00975706147529,20.048632351137094,50.487293770173636,0.6557819274559967,Warning
2026-01-13 20:00:00,5,35.43517502223491,37.924237539004075,34.89868325753526,38.1682814040709,36.97088987828208,20.048632351137094,50.487293770173636,0.5559461613057508,Warning
2026-01-13 21:00:00,5,31.398746746878498,35.43517502223491,32.359612847299466,38.12824531655336,34.46796908629545,20.048632351137094,50.487293770173636,0.47371781771003196,Warning
2026-01-13 22:00:00,5,29.162899595702203,31.398746746878498,28.70664994969058,38.14725571847051,30.56798603581383,20.048632351137094,50.487293770173636,0.3455918509118805,Safe
2026-01-13 23:00:00,5,26.8603985102684,29.162899595702203,27.28577057401886,38.12953188248091,28.61384384798101,20.048632351137094,50.487293770173636,0.28139250598236454,Safe
2026-01-14 00:00:00,5,27.10209738174057,26.8603985102684,26.601292001639088,38.15039877331848,26.86784632465588,20.048632351137094,50.487293770173636,0.22403132830350664,Safe
2026-01-14 01:00:00,5,25.624894267889744,27.10209738174057,27.097773916926204,38.089028787941956,27.1963867654106,20.048632351137094,50.487293770173636,0.23482485254684693,Safe
2026-01-14 02:00:00,5,26.23653293032971,25.624894267889744,26.22354425056622,38.0895699829321,25.927378756916045,20.048632351137094,50.487293770173636,0.1931341898289967,Safe
2026-01-14 03:00:00,5,27.38719955144942,26.23653293032971,28.02621606282648,38.06294429495806,26.945651678632345,20.048632351137094,50.487293770173636,0.2265874640792957,Safe
2026-01-14 04:00:00,5,29.335973512674006,27.38719955144942,29.785507946517598,38.04421369354791,28.303017043500375,20.048632351137094,50.487293770173636,0.27118092703051677,Safe
2026-01-14 05:00:00,5,31.70408042733945,29.335973512674006,31.161134399686823,38.0668364447001,30.05318338611874,20.048632351137094,50.487293770173636,0.32867906274109904,Safe
2026-01-14 06:00:00,5,34.81662349642366,31.70408042733945,34.90967641456993,38.062959239777335,32.890423355018214,20.048632351137094,50.487293770173636,0.4218907791378434,Warning
2026-01-14 07:00:00,5,38.01082087352619,34.81662349642366,38.157296173734615,38.056856102268654,36.045111580022734,20.048632351137094,50.487293770173636,0.5255316087372267,Warning
2026-01-14 08:00:00,5,41.56075529160085,38.01082087352619,41.82677231785569,38.04577205950804,39.397724987587196,20.048632351137094,50.487293770173636,0.6356748654089691,Warning
2026-01-14 09:00:00,5,44.85952386368367,41.56075529160085,44.45318431201213,38.06270287416102,42.627104635727854,20.048632351137094,50.487293770173636,0.7417695289550579,High Risk
2026-01-14 10:00:00,5,45.978896204163505,44.85952386368367,46.33785848431066,38.04774611248822,45.437829771049984,20.048632351137094,50.487293770173636,0.8341101547233007,High Risk
2026-01-14 11:00:00,5,48.38018473636536,45.978896204163505,49.230583774120745,38.012312819248415,47.16237557645667,20.048632351137094,50.487293770173636,0.8907665800834421,High Risk
2026-01-14 12:00:00,5,49.69495683145486,48.38018473636536,50.31739105611735,37.98637805988747,49.11086800799593,20.048632351137094,50.487293770173636,0.9547803138249308,High Risk
2026-01-14 13:00:00,5,49.81912447823445,49.69495683145486,50.77438889599773,37.946575375814,50.130493895608595,20.048632351137094,50.487293770173636,0.9882780370026412,High Risk
2026-01-14 14:00:00,5,50.36609360076857,49.81912447823445,49.292261183164484,37.99131839321418,49.70501268619377,20.048632351137094,50.487293770173636,0.974299722070224,High Risk
2026-01-14 15:00:00,5,48.60518585148808,50.36609360076857,48.64521805045542,37.98965038492387,49.84281629520838,20.048632351137094,50.487293770173636,0.978826977805628,High Risk
2026-01-14 16:00:00,5,47.03770246325377,48.60518585148808,46.39781985511699,38.016312160262906,47.917786535516825,20.048632351137094,50.487293770173636,0.9155840621613575,High Risk
2026-01-14 17:00:00,5,43.48137461940469,47.03770246325377,44.16629290434527,37.98777389839038,46.125190735870234,20.048632351137094,50.487293770173636,0.8566919934177096,High Risk
2026-01-14 18:00:00,5,41.69001063340212,43.48137461940469,40.92309576549039,38.019728684553364,42.680621199674874,20.048632351137094,50.487293770173636,0.7435277062103617,High Risk
2026-01-14 19:00:00,5,38.43552376664981,41.69001063340212,37.924237539004075,38.04103227737193,40.47853160389447,20.048632351137094,50.487293770173636,0.6711825562998582,Warning
2026-01-14 20:00:00,5,35.67214362456095,38.43552376664981,35.43517502223491,38.05090596913552,37.490131195874845,20.048632351137094,50.487293770173636,0.5730047728322556,Warning
2026-01-14 21:00:00,5,31.573480202993654,35.67214362456095,31.398746746878498,38.05818652980699,34.29486917555992,20.048632351137094,50.487293770173636,0.4680309741703082,Warning
2026-01-14 22:00:00,5,29.704874131899345,31.573480202993654,29.162899595702203,38.08076880214853,30.83879342337098,20.048632351137094,50.487293770173636,0.3544886737692405,Safe
2026-01-14 23:00:00,5,28.11769382230433,29.704874131899345,26.8603985102684,38.1331561068167,28.824197922131233,20.048632351137094,50.487293770173636,0.28830325886809804,Safe
2026-01-02 00:00:00,6,25.19972408042306,25.72002988515906,25.13869766407781,37.207346957657336,25.61873801541246,17.6222166330243,52.71194053975079,0.2278878333655809,Safe
2026-01-02 01:00:00,6,23.914509764434506,25.19972408042306,25.12598492885785,37.15686882580636,25.27275039216724,17.6222166330243,52.71194053975079,0.2180277497039134,Safe
2026-01-02 02:00:00,6,24.310645863347986,23.914509764434506,25.18997141943369,37.12023026096946,24.45075251730964,17.6222166330243,52.71194053975079,0.19460214927408417,Safe
2026-01-02 03:00:00,6,27.082585424412454,24.310645863347986,26.739848455647873,37.134510968001315,25.241047095057745,17.6222166330243,52.71194053975079,0.217124257379771,Safe
2026-01-02 04:00:00,6,29.04509700665136,27.082585424412454,28.602966606049787,37.15293306802638,27.698476253856022,17.6222166330243,52.71194053975079,0.2871569853458772,Safe
2026-01-02 05:00:00,6,30.667604027317488,29.04509700665136,30.797170097172085,37.147534481782436,29.737684402549554,17.6222166330243,52.71194053975079,0.3452710957902891,Safe
2026-01-02 06:00:00,6,33.64735401474221,30.667604027317488,34.02603636772603,37.131756050408114,31.907582470132155,17.6222166330243,52.71194053975079,0.4071096560340784,Warning
2026-01-02 07:00:00,6,36.98247200420329,33.64735401474221,36.83574345184592,37.13786974008967,34.82527461384135,17.6222166330243,52.71194053975079,0.4902591293190597,Warning
2026-01-02 08:00:00,6,40.42304112498259,36.98247200420329,39.743006512376496,37.16620451561493,38.00967776693393,17.6222166330243,52.71194053975079,0.5810094319092676,Warning
2026-01-02 09:00:00,6,43.065031181655634,40.42304112498259,43.06952051071718,37.16601746023736,41.40674009205823,17.6222166330243,52.71194053975079,0.6778201744885888,Warning
2026-01-02 10:00:00,6,46.07047381170055,43.065031181655634,46.63366353054168,37.14255122195232,44.36073508491675,17.6222166330243,52.71194053975079,0.7620042198383503,High Risk
2026-01-02 11:00:00,6,48.138101042897006,46.07047381170055,47.316558001255814,37.176782182020695,46.56775026157726,17.6222166330243,52.71194053975079,0.8249005572284859,High Risk
2026-01-02 12:00:00,6,49.34913515980146,48.138101042897006,49.076771352342696,37.188130673998145,48.527517786701765,17.6222166330243,52.71194053975079,0.8807507393069675,High Risk
2026-01-02 13:00:00,6,49.83245786522707,49.34913515980146,50.27751215248486,37.1695867453624,49.73345015588751,17.6222166330243,52.71194053975079,0.9151178474103021,High Risk
2026-01-02 14:00:00,6,50.188334088862824,49.83245786522707,49.4557831426693,37.200109701453805,49.76970567198967,17.6222166330243,52.71194053975079,0.916151070560342,High Risk
2026-01-02 15:00:00,6,48.01491306478981,50.188334088862824,48.07209245901872,37.19772722669426,49.53004065663503,17.6222166330243,52.71194053975079,0.909321008028028,High Risk
2026-01-02 16:00:00,6,46.390722175584884,48.01491306478981,46.57799509752819,37.18992418827995,47.59184153646162,17.6222166330243,52.71194053975079,0.8540854903565324,High Risk
2026-01-02 17:00:00,6,42.69966153146963,46.390722175584884,43.07413643662361,37.17432106723188,45.326767520050396,17.6222166330243,52.71194053975079,0.7895345706091671,High Risk
2026-01-02 18:00:00,6,41.19454087092582,42.69966153146963,40.57760729360969,37.20002663295338,42.049153512570534,17.6222166330243,52.71194053975079,0.6961279105058967,Warning
2026-01-02 19:00:00,6,37.50106469112327,41.19454087092582,37.11242028115772,37.21622015003528,39.87549131008557,17.6222166330243,52.71194053975079,0.6341820785490243,Warning
2026-01-02 20:00:00,6,34.00926536310055,37.50106469112327,34.451090900043425,37.19781075266266,36.53991582650109,17.6222166330243,52.71194053975079,0.5391236107938361,Warning
2026-01-02 21:00:00,6,30.720152917505057,34.00926536310055,31.012562149357223,37.18562703466882,33.07089677992876,17.6222166330243,52.71194053975079,0.4402622188680379,Warning
2026-01-02 22:00:00,6,29.128038445212912,30.720152917505057,28.28813187173408,37.2206231418971,29.979245438681765,17.6222166330243,52.71194053975079,0.35215519182621735,Safe
2026-01-02 23:00:00,6,26.809699829308165,29.128038445212912,25.72002988515906,37.26602605623665,28.055339889215222,17.6222166330243,52.71194053975079,0.2973270176361786,Safe
2026-01-03 00:00:00,6,24.72799271323326,26.809699829308165,25.19972408042306,37.24637058260374,26.355104020492483,17.6222166330243,52.71194053975079,0.24887306499784329,Safe
2026-01-03 01:00:00,6,24.668137706605332,24.72799271323326,23.914509764434506,37.27777174686086,24.54858071219396,17.6222166330243,52.71194053975079,0.19739009346983843,Safe
2026-01-03 02:00:00,6,25.06256044893428,24.668137706605332,24.310645863347986,37.30910152126029,24.644790762098015,17.6222166330243,52.71194053975079,0.2001319231695524,Safe
2026-01-03 03:00:00,6,26.60784753399252,25.06256044893428,27.082585424412454,37.28932077582612,25.85200749765116,17.6222166330243,52.71194053975079,0.2345356336221735,Safe
2026-01-03 04:00:00,6,28.08108425811697,26.60784753399252,29.04509700665136,37.249153577970525,27.53800328593065,17.6222166330243,52.71194053975079,0.28258376716443145,Safe
2026-01-03 05:00:00,6,30.598477853373602,28.08108425811697,30.667604027317488,37.246273320722864,29.060380095313015,17.6222166330243,52.71194053975079,0.3259690263372822,Safe
2026-01-03 06:00:00,6,34.44955155963629,30.598477853373602,33.64735401474221,37.27969821842678,31.73265252014489,17.6222166330243,52.71194053975079,0.4021244374137485,Warning
2026-01-03 07:00:00,6,36.980547497085865,34.44955155963629,36.98247200420329,37.279618030630225,35.402200185355944,17.6222166330243,52.71194053975079,0.506700568317175,Warning
2026-01-03 08:00:00,6,39.83588293708483,36.980547497085865,40.42304112498259,37.25515310613448,38.241042590044316,17.6222166330243,52.71194053975079,0.5876029524833212,Warning
2026-01-03 09:00:00,6,43.00751172298975,39.83588293708483,43.065031181655634,37.252756462023406,41.01966951067296,17.6222166330243,52.71194053975079,0.6667892934425231,Warning
2026-01-03 10:00:00,6,46.30652171969542,43.00751172298975,46.07047381170055,37.26259179152319,44.1303093519078,17.6222166330243,52.71194053975079,0.7554374618024451,High Risk
2026-01-03 11:00:00,6,48.23336666508704,46.30652171969542,48.138101042897006,37.266561192447774,47.00377819350346,17.6222166330243,52.71194053975079,0.8373266430152859,High Risk
2026-01-03 12:00:00,6,49.3596049456843,48.23336666508704,49.34913515980146,37.26699743352622,48.683241403014605,17.6222166330243,52.71194053975079,0.8851886087039712,High Risk
2026-01-03 13:00:00,6,49.6904599589582,49.3596049456843,49.83245786522707,37.26108085409836,49.588079104130486,17.6222166330243,52.71194053975079,0.910975009239201,High Risk
2026-01-03 14:00:00,6,49.16277976853851,49.6904599589582,50.188334088862824,37.21834942408484,49.92706164130862,17.6222166330243,52.71194053975079,0.9206354593589782,High Risk
2026-01-03 15:00:00,6,48.57317080920626,49.16277976853851,48.01491306478981,37.24161016343553,48.8370897136633,17.6222166330243,52.71194053975079,0.8895730349443491,High Risk
2026-01-03 16:00:00,6,45.51137214622309,48.57317080920626,46.390722175584884,37.20497057887879,47.89433709092867,17.6222166330243,52.71194053975079,0.8627061209049658,High Risk
2026-01-03 17:00:00,6,43.681346037432334,45.51137214622309,42.69966153146963,37.24587409996057,44.62127451356474,17.6222166330243,52.71194053975079,0.7694291691458911,High Risk
2026-01-03 18:00:00,6,40.066389355184796,43.681346037432334,41.19454087092582,37.19886778680469,42.90478157989719,17.6222166330243,52.71194053975079,0.7205119166387758,High Risk
2026-01-03 19:00:00,6,38.143446479468494,40.066389355184796,37.50106469112327,37.22563369465241,39.26768273515833,17.6222166330243,52.71194053975079,0.6168605242608991,Warning
2026-01-03 20:00:00,6,34.11322468905949,38.143446479468494,34.00926536310055,37.22996533323403,36.81057000544812,17.6222166330243,52.71194053975079,0.5468368140083517,Warning
2026-01-03 21:00:00,6,30.63416963535481,34.11322468905949,30.720152917505057,37.22638269647777,33.039129364000416,17.6222166330243,52.71194053975079,0.4393568992620055,Warning
2026-01-03 22:00:00,6,28.349082509456256,30.63416963535481,29.128038445212912,37.19392619915458,30.210105824079772,17.6222166330243,52.71194053975079,0.3587343367471783,Safe
2026-01-03 23:00:00,6,26.987295444187254,28.349082509456256,26.809699829308165,37.20132601644121,27.916626290946194,17.6222166330243,52.71194053975079,0.29337390604474406,Safe
2026-01-04 00:00:00,6,25.03074957830326,26.987295444187254,24.72799271323326,37.21394088581912,26.310343937706314,17.6222166330243,52.71194053975079,0.24759747555092834,Safe
2026-01-04 01:00:00,6,20.884686755425168,25.03074957830326,24.668137706605332,37.05629709618662,25.005177896273963,17.6222166330243,52.71194053975079,0.21040236943648405,Safe
2026-01-04 02:00:00,6,20.729853795991115,20.884686755425168,25.06256044893428,36.87576765231398,22.41775052444816,17.6222166330243,52.71194053975079,0.13666490416129148,Safe
2026-01-04 03:00:00,6,21.760505593987222,20.729853795991115,26.60784753399252,36.673795071480434,22.844702300681092,17.6222166330243,52.71194053975079,0.14883233429554965,Safe
2026-01-04 04:00:00,6,24.36927212638183,21.760505593987222,28.08108425811697,36.519136232658134,24.025409854910635,17.6222166330243,52.71194053975079,0.1824805762629071,Safe
2026-01-04 05:00:00,6,25.446359399561786,24.36927212638183,30.598477853373602,36.30446463041597,26.599514411832843,17.6222166330243,52.71194053975079,0.2558383630157114,Safe
2026-01-04 06:00:00,6,28.272546377801714,25.446359399561786,34.44955155963629,36.047089414506196,28.624130331068407,17.6222166330243,52.71194053975079,0.313536618690764,Safe
2026-01-04 07:00:00,6,30.137758484350226,28.272546377801714,36.980547497085865,35.761973205642214,31.345648801254885,17.6222166330243,52.71194053975079,0.39109546183988136,Safe
2026-01-04 08:00:00,6,32.48065543401911,30.137758484350226,39.83588293708483,35.45550539301448,33.54713118026256,17.6222166330243,52.71194053975079,0.4538341235096303,Warning
2026-01-04 09:00:00,6,35.18723970023917,32.48065543401911,43.00751172298975,35.129660725399866,36.17046561989011,17.6222166330243,52.71194053975079,0.5285948817259101,Warning
2026-01-04 10:00:00,6,37.428785770862184,35.18723970023917,46.30652171969542,34.75975506086515,39.076176341296055,17.6222166330243,52.71194053975079,0.6114029039925348,Warning
2026-01-04 11:00:00,6,38.455476608534326,37.428785770862184,48.23336666508704,34.35234297517545,41.207142871630396,17.6222166330243,52.71194053975079,0.6721319788427582,Warning
2026-01-04 12:00:00,6,39.599946132563154,38.455476608534326,49.3596049456843,33.94569052462874,42.26654724474926,17.6222166330243,52.71194053975079,0.7023232777467797,High Risk
2026-01-04 13:00:00,6,40.141823380689644,39.599946132563154,49.6904599589582,33.547830667200884,43.13119914159647,17.6222166330243,52.71194053975079,0.7269644483215156,High Risk
2026-01-04 14:00:00,6,39.88327692227855,40.141823380689644,49.16277976853851,33.161184715273386,43.30649143483785,17.6222166330243,52.71194053975079,0.7319599931343443,High Risk
2026-01-04 15:00:00,6,38.57472209210273,39.88327692227855,48.57317080920626,32.74458268539407,42.935031468150555,17.6222166330243,52.71194053975079,0.7213739891780668,High Risk
2026-01-04 16:00:00,6,37.44602601545198,38.57472209210273,45.51137214622309,32.40852659661194,41.02842907649013,17.6222166330243,52.71194053975079,0.6670389267993092,Warning
2026-01-04 17:00:00,6,34.7984779539884,37.44602601545198,43.681346037432334,32.03840709313511,39.661292828871154,17.6222166330243,52.71194053975079,0.6280777707556805,Warning
2026-01-04 18:00:00,6,33.27200861143822,34.7984779539884,40.066389355184796,31.755307895479007,36.68626588103131,17.6222166330243,52.71194053975079,0.5432943489492147,Warning
2026-01-04 19:00:00,6,29.77274453610899,33.27200861143822,38.143446479468494,31.40652864783902,35.02616183337739,17.6222166330243,52.71194053975079,0.49598408783811393,Warning
2026-01-04 20:00:00,6,27.96385768297022,29.77274453610899,34.11322468905949,31.150305022585304,31.349833046433687,17.6222166330243,52.71194053975079,0.39121470601149927,Safe
2026-01-04 21:00:00,6,24.777102854481054,27.96385768297022,30.63416963535481,30.90626057338223,28.97197042353109,17.6222166330243,52.71194053975079,0.3234494947075265,Safe
2026-01-04 22:00:00,6,22.477359527026348,24.777102854481054,28.349082509456256,30.66160544911432,26.097820227720376,17.6222166330243,52.71194053975079,0.24154089600945697,Safe
2026-01-04 23:00:00,6,21.82015623899727,22.477359527026348,26.987295444187254,30.446307982231403,24.121937563435846,17.6222166330243,52.71194053975079,0.18523145871587007,Safe
2026-01-05 00:00:00,6,20.191413070886174,21.82015623899727,25.03074957830326,30.24466896108903,23.021108639264998,17.6222166330243,52.71194053975079,0.15385962758590227,Safe
2026-01-05 01:00:00,6,20.818529862755216,20.191413070886174,20.884686755425168,30.241912423894444,20.53335823210035,17.6222166330243,52.71194053975079,0.08296279343352736,Safe
2026-01-05 02:00:00,6,20.468208540668847,20.818529862755216,20.729853795991115,30.231010538256015,20.892164602574173,17.6222166330243,52.71194053975079,0.09318819050995303,Safe
2026-01-05 03:00:00,6,20.931835426517686,20.468208540668847,21.760505593987222,30.19648261461145,21.01470832747124,17.6222166330243,52.71194053975079,0.096680487050402,Safe
2026-01-05 04:00:00,6,22.58789838055918,20.931835426517686,24.36927212638183,30.122258708535508,22.21154653775612,17.6222166330243,52.71194053975079,0.13078842643910477,Safe
2026-01-05 05:00:00,6,25.612947811861346,22.58789838055918,25.446359399561786,30.129199892381322,23.667390183206614,17.6222166330243,52.71194053975079,0.17227759881991805,Safe
2026-01-05 06:00:00,6,27.159846251419406,25.612947811861346,28.272546377801714,30.082837387115394,26.620463962053982,17.6222166330243,52.71194053975079,0.25643539107098473,Safe
2026-01-05 07:00:00,6,29.70462014281162,27.159846251419406,30.137758484350226,30.064789956217954,28.27423325969668,17.6222166330243,52.71194053975079,0.3035651221258349,Safe
2026-01-05 08:00:00,6,32.779932508728194,29.70462014281162,32.48065543401911,30.07725983433083,30.746627122033743,17.6222166330243,52.71194053975079,0.3740243197658575,Safe
2026-01-05 09:00:00,6,35.584259707688126,32.779932508728194,35.18723970023917,30.093802334641207,33.69179003599282,17.6222166330243,52.71194053975079,0.45795666525410905,Warning
2026-01-05 10:00:00,6,37.03071803764925,35.584259707688126,37.428785770862184,30.077216179090666,36.2999391599142,17.6222166330243,52.71194053975079,0.5322846667090712,Warning
2026-01-05 11:00:00,6,39.30559477248039,37.03071803764925,38.455476608534326,30.112637769255084,37.600914206617375,17.6222166330243,52.71194053975079,0.5693603363007066,Warning
2026-01-05 12:00:00,6,39.011537820780404,39.30559477248039,39.599946132563154,30.088120756264136,39.48612847938171,17.6222166330243,52.71194053975079,0.6230858721313666,Warning
2026-01-05 13:00:00,6,40.33020131166734,39.011537820780404,40.141823380689644,30.095969836721537,39.478414435123696,17.6222166330243,52.71194053975079,0.622866034435901,Warning
2026-01-05 14:00:00,6,39.54047516769325,40.33020131166734,39.88327692227855,30.081686430280485,40.25581971141966,17.6222166330243,52.71194053975079,0.645020818446389,Warning
2026-01-05 15:00:00,6,38.795415403240405,39.54047516769325,38.57472209210273,30.09088198491122,39.289641651918934,17.6222166330243,52.71194053975079,0.6174863176183271,Warning
2026-01-05 16:00:00,6,37.53413849084998,38.795415403240405,37.44602601545198,30.094553338052805,38.41431872771529,17.6222166330243,52.71194053975079,0.5925410401466348,Warning
2026-01-05 17:00:00,6,35.5184049113407,37.53413849084998,34.7984779539884,30.12455029460915,36.68046777179711,17.6222166330243,52.71194053975079,0.5431291122809417,Warning
2026-01-05 18:00:00,6,33.27371207991985,35.5184049113407,33.27200861143822,30.12462127246255,34.834734137709965,17.6222166330243,52.71194053975079,0.49052871034010664,Warning
2026-01-05 19:00:00,6,30.607641653460256,33.27371207991985,29.77274453610899,30.159408652352187,32.16380310058556,17.6222166330243,52.71194053975079,0.41441152662823316,Warning
2026-01-05 20:00:00,6,28.47992552927612,30.607641653460256,27.96385768297022,30.180911479281605,29.79444046051617,17.6222166330243,52.71194053975079,0.3468885509888545,Safe
2026-01-05 21:00:00,6,25.486269904955407,28.47992552927612,24.777102854481054,30.2104601063847,27.307221873176932,17.6222166330243,52.71194053975079,0.27600687283518927,Safe
2026-01-05 22:00:00,6,23.626851534323624,25.486269904955407,22.477359527026348,30.258355606688752,24.55484920647794,17.6222166330243,52.71194053975079,0.19756873534579047,Safe
2026-01-05 23:00:00,6,21.585403304502165,23.626851534323624,21.82015623899727,30.248574234418125,23.10911533712501,17.6222166330243,52.71194053975079,0.15636767511531288,Safe
2026-01-06 00:00:00,6,20.945271549204346,21.585403304502165,20.191413070886174,30.279985004348045,21.211510999640275,17.6222166330243,52.71194053975079,0.10228904262307077,Safe
2026-01-06 01:00:00,6,26.695504094689763,20.945271549204346,20.818529862755216,30.52485893067865,21.005719260275917,17.6222166330243,52.71194053975079,0.09642431327818757,Safe
2026-01-06 02:00:00,6,26.776300727860523,26.695504094689763,20.468208540668847,30.787696105144974,24.66154938382171,17.6222166330243,52.71194053975079,0.20060951658951343,Safe
2026-01-06 03:00:00,6,27.33741780517074,26.776300727860523,20.931835426517686,31.054595370922186,24.873200397475195,17.6222166330243,52.71194053975079,0.20664122570709934,Safe
2026-01-06 04:00:00,6,29.25226967835512,27.33741780517074,22.58789838055918,31.33227750833035,25.808147821710495,17.6222166330243,52.71194053975079,0.23328570430362652,Safe
2026-01-06 05:00:00,6,30.529189767982295,29.25226967835512,25.612947811861346,31.537120923168718,28.100280565889882,17.6222166330243,52.71194053975079,0.29860775371473486,Safe
2026-01-06 06:00:00,6,27.820103100474505,30.529189767982295,27.159846251419406,31.564631625212684,29.467889170483794,17.6222166330243,52.71194053975079,0.3375823711626975,Safe
2026-01-06 07:00:00,6,30.550063764906326,27.820103100474505,29.70462014281162,31.59985844279996,28.55959615461321,17.6222166330243,52.71194053975079,0.31169749978553635,Safe
2026-01-06 08:00:00,6,32.74999860065139,30.550063764906326,32.779932508728194,31.59861119663009,31.404132868219037,17.6222166330243,52.71194053975079,0.39276216248001494,Safe
2026-01-06 09:00:00,6,36.0733388472235,32.74999860065139,35.584259707688126,31.618989494110735,33.80794899559596,17.6222166330243,52.71194053975079,0.4612670063842236,Warning
2026-01-06 10:00:00,6,36.764570067956264,36.0733388472235,37.03071803764925,31.60789999537353,36.48490186004334,17.6222166330243,52.71194053975079,0.5375558023654717,Warning
2026-01-06 11:00:00,6,38.20496715285762,36.764570067956264,39.30559477248039,31.56204051122258,37.71696958893541,17.6222166330243,52.71194053975079,0.5726677256469191,Warning
2026-01-06 12:00:00,6,39.14741201699599,38.20496715285762,39.011537820780404,31.567701936064896,38.562159004638545,17.6222166330243,52.71194053975079,0.5967542472126985,Warning
2026-01-06 13:00:00,6,39.959919443692236,39.14741201699599,40.33020131166734,31.552273524899267,39.6320719459642,17.6222166330243,52.71194053975079,0.6272450231925513,Warning
2026-01-06 14:00:00,6,39.46191106811625,39.959919443692236,39.54047516769325,31.549000020750228,39.8954216028259,17.6222166330243,52.71194053975079,0.6347500594264265,Warning
2026-01-06 15:00:00,6,38.97297243266176,39.46191106811625,38.795415403240405,31.55639823030945,39.313551049183985,17.6222166330243,52.71194053975079,0.6181676964928724,Warning
2026-01-06 16:00:00,6,36.98124732246736,38.97297243266176,37.53413849084998,31.533361098293508,38.56104653212804,17.6222166330243,52.71194053975079,0.596722543558325,Warning
2026-01-06 17:00:00,6,35.568020474173075,36.98124732246736,35.5184049113407,31.53542841341152,36.56370801741748,17.6222166330243,52.71194053975079,0.5398016494783694,Warning
2026-01-06 18:00:00,6,32.910618554865174,35.568020474173075,33.27371207991985,31.52029951653424,34.86789501819361,17.6222166330243,52.71194053975079,0.49147374141606376,Warning
2026-01-06 19:00:00,6,30.151919231171142,32.910618554865174,30.607641653460256,31.501311082272196,32.21099604435463,17.6222166330243,52.71194053975079,0.41575644865012173,Warning
2026-01-06 20:00:00,6,27.711565010744668,30.151919231171142,28.47992552927612,31.469296060666718,29.671746033476392,17.6222166330243,52.71194053975079,0.3433919596828264,Safe
2026-01-06 21:00:00,6,25.801354774172996,27.711565010744668,25.486269904955407,31.482424596884115,27.04530166715329,17.6222166330243,52.71194053975079,0.26854257362167694,Safe
2026-01-06 22:00:00,6,23.655484892510763,25.801354774172996,23.626851534323624,31.48361765347525,25.154959581955328,17.6222166330243,52.71194053975079,0.21467090348967216,Safe
2026-01-06 23:00:00,6,22.012728097820826,23.655484892510763,21.585403304502165,31.50142285319686,23.04761127539411,17.6222166330243,52.71194053975079,0.15461490954378485,Safe
2026-01-07 00:00:00,6,21.01942011018196,22.012728097820826,20.945271549204346,31.50451237657093,21.749979788658777,17.6222166330243,52.71194053975079,0.1176345259646994,Safe
2026-01-07 01:00:00,6,17.09057399673595,21.01942011018196,26.695504094689763,31.10430695582285,23.06482073611358,17.6222166330243,52.71194053975079,0.1551053511407257,Safe
2026-01-07 02:00:00,6,18.158863851723456,17.09057399673595,26.776300727860523,30.745247085983806,20.5127341170573,17.6222166330243,52.71194053975079,0.08237503975070785,Safe
2026-01-07 03:00:00,6,18.410878052631087,18.158863851723456,27.33741780517074,30.373307929627988,21.406134366297117,17.6222166330243,52.71194053975079,0.10783549153864873,Safe
2026-01-07 04:00:00,6,20.768980901118013,18.410878052631087,29.25226967835512,30.019837563909775,22.226648631517072,17.6222166330243,52.71194053975079,0.13121881151054932,Safe
2026-01-07 05:00:00,6,21.299007928884716,20.768980901118013,30.529189767982295,29.635246653947377,24.21181925813331,17.6222166330243,52.71194053975079,0.18779294060084872,Safe
2026-01-07 06:00:00,6,23.468370851645375,21.299007928884716,27.820103100474505,29.453924476912828,23.633107857858587,17.6222166330243,52.71194053975079,0.1713006083921175,Safe
2026-01-07 07:00:00,6,26.14422671326406,23.468370851645375,30.550063764906326,29.2703479330944,25.99141056488729,17.6222166330243,52.71194053975079,0.23850839395605133,Safe
2026-01-07 08:00:00,6,26.84863773847948,26.14422671326406,32.74999860065139,29.024457897170574,28.50096941480283,17.6222166330243,52.71194053975079,0.310026733201694,Safe
2026-01-07 09:00:00,6,30.071726344065823,26.84863773847948,36.0733388472235,28.774390709539002,30.10035300197559,17.6222166330243,52.71194053975079,0.3556065601004272,Safe
2026-01-07 10:00:00,6,31.995525267221726,30.071726344065823,36.764570067956264,28.5756805095084,32.45312890621901,17.6222166330243,52.71194053975079,0.4226568407879342,Warning
2026-01-07 11:00:00,6,32.68088253240512,31.995525267221726,38.20496715285762,28.345510316989543,34.20905330071045,17.6222166330243,52.71194053975079,0.4726978256961642,Warning
2026-01-07 12:00:00,6,33.32018212666754,32.68088253240512,39.14741201699599,28.10270907155919,34.981461446096965,17.6222166330243,52.71194053975079,0.4947101996158711,Warning
2026-01-07 13:00:00,6,34.15023936418678,33.32018212666754,39.959919443692236,27.86063906824646,35.67917816614658,17.6222166330243,52.71194053975079,0.5145939895829981,Warning
2026-01-07 14:00:00,6,33.43188857572121,34.15023936418678,39.46191106811625,27.609388131063337,36.05384300536583,17.6222166330243,52.71194053975079,0.5252713271858195,Warning
2026-01-07 15:00:00,6,32.72247637477393,33.43188857572121,38.97297243266176,27.348950795318007,35.4149078331816,17.6222166330243,52.71194053975079,0.507062715579926,Warning
2026-01-07 16:00:00,6,31.490890060394165,32.72247637477393,36.98124732246736,27.12018590939829,34.2677637013786,17.6222166330243,52.71194053975079,0.47437097647817256,Warning
2026-01-07 17:00:00,6,29.677527477487615,31.490890060394165,35.568020474173075,26.874748701203064,32.97564859547012,17.6222166330243,52.71194053975079,0.43754780076667565,Warning
2026-01-07 18:00:00,6,27.746246812523086,29.677527477487615,32.910618554865174,26.659566545272146,30.87592096306111,17.6222166330243,52.71194053975079,0.3777089836203348,Safe
2026-01-07 19:00:00,6,25.57838118544478,27.746246812523086,30.151919231171142,26.469002460033547,28.66411480496061,17.6222166330243,52.71194053975079,0.31467611106348814,Safe
2026-01-07 20:00:00,6,24.04450798490961,25.57838118544478,27.711565010744668,26.316208417290422,26.405864764401304,17.6222166330243,52.71194053975079,0.2503196635119026,Safe
2026-01-07 21:00:00,6,21.29865725127674,24.04450798490961,25.801354774172996,26.12859602050308,24.745254881038335,17.6222166330243,52.71194053975079,0.20299498690708145,Safe
2026-01-07 22:00:00,6,19.550176151615112,21.29865725127674,23.655484892510763,25.957541489632423,22.20823130593306,17.6222166330243,52.71194053975079,0.13069394773253548,Safe
2026-01-07 23:00:00,6,17.835734063996668,19.550176151615112,22.012728097820826,25.783500071556414,20.498198746947253,17.6222166330243,52.71194053975079,0.08196080538014258,Safe
2026-01-08 00:00:00,6,17.734497729243355,17.835734063996668,21.01942011018196,25.646628305683976,19.032682180734565,17.6222166330243,52.71194053975079,0.040195970514430725,Safe
2026-01-08 01:00:00,6,20.509073424721834,17.734497729243355,17.09057399673595,25.789065781850056,17.6222166330243,17.6222166330243,52.71194053975079,0.0,Safe
2026-01-08 02:00:00,6,21.098878589184473,20.509073424721834,18.158863851723456,25.911566395910928,19.809479230883095,17.6222166330243,52.71194053975079,0.06233342107049432,Safe
2026-01-08 03:00:00,6,21.921779522527892,21.098878589184473,18.410878052631087,26.057853957156627,20.282961969901983,17.6222166330243,52.71194053975079,0.07582690784696443,Safe
2026-01-08 04:00:00,6,23.720048620885883,21.921779522527892,20.768980901118013,26.18081511214696,21.62995581758561,17.6222166330243,52.71194053975079,0.1142140383036474,Safe
2026-01-08 05:00:00,6,24.80996686031833,23.720048620885883,21.299007928884716,26.32710506762336,22.992033494182344,17.6222166330243,52.71194053975079,0.1530310333133641,Safe
2026-01-08 06:00:00,6,26.86376903065741,24.80996686031833,23.468370851645375,26.468579991748864,24.44978921871523,17.6222166330243,52.71194053975079,0.19457469683332074,Safe
2026-01-08 07:00:00,6,28.712751129784824,26.86376903065741,26.14422671326406,26.575601842437226,26.71370505030592,17.6222166330243,52.71194053975079,0.2590926101999402,Safe
2026-01-08 08:00:00,6,30.29087038923832,28.712751129784824,26.84863773847948,26.71902820288551,28.168735321079637,17.6222166330243,52.71194053975079,0.30055860272742213,Safe
2026-01-08 09:00:00,6,33.24503974283678,30.29087038923832,30.071726344065823,26.851249594500967,30.307511428651196,17.6222166330243,52.71194053975079,0.3615102378073987,Safe
2026-01-08 10:00:00,6,34.32282948854507,33.24503974283678,31.995525267221726,26.94822060372277,32.905352655108324,17.6222166330243,52.71194053975079,0.4355444809758066,Warning
2026-01-08 11:00:00,6,35.789221462977416,34.32282948854507,32.68088253240512,27.077734725829952,33.84749113452823,17.6222166330243,52.71194053975079,0.4623938929311366,Warning
2026-01-08 12:00:00,6,36.292298383705,35.789221462977416,33.32018212666754,27.20157290320651,35.029034772156166,17.6222166330243,52.71194053975079,0.49606596191339997,Warning
2026-01-08 13:00:00,6,36.66507587186367,36.292298383705,34.15023936418678,27.30635775769305,35.64330960628641,17.6222166330243,52.71194053975079,0.5135717940555177,Warning
2026-01-08 14:00:00,6,37.13461907107748,36.66507587186367,33.43188857572121,27.46063819499956,35.64234381616754,17.6222166330243,52.71194053975079,0.5135442706103658,Warning
2026-01-08 15:00:00,6,35.640686162202854,37.13461907107748,32.72247637477393,27.58223026947577,35.70797325248366,17.6222166330243,52.71194053975079,0.5154146026374926,Warning
2026-01-08 16:00:00,6,34.34555721139674,35.640686162202854,31.490890060394165,27.701174734100874,34.305734529678574,17.6222166330243,52.71194053975079,0.4754530832316711,Warning
2026-01-08 17:00:00,6,32.736816855701555,34.34555721139674,29.677527477487615,27.82864512485979,32.83501684575091,17.6222166330243,52.71194053975079,0.43354002498350747,Warning
2026-01-08 18:00:00,6,30.362928184967743,32.736816855701555,27.746246812523086,27.93767351537831,31.118040480995923,17.6222166330243,52.71194053975079,0.3846089954778914,Safe
2026-01-08 19:00:00,6,29.16157570587173,30.362928184967743,25.57838118544478,28.086973287062772,28.817727121376883,17.6222166330243,52.71194053975079,0.31905381185266773,Safe
2026-01-08 20:00:00,6,26.7070245696838,29.16157570587173,24.04450798490961,28.197911478095026,27.504192800434524,17.6222166330243,52.71194053975079,0.28162022340380066,Safe
2026-01-08 21:00:00,6,23.940659584060707,26.7070245696838,21.29865725127674,28.30799490862769,24.95319648700229,17.6222166330243,52.71194053975079,0.2089209839480014,Safe
2026-01-08 22:00:00,6,23.027300938442234,23.940659584060707,19.550176151615112,28.452875108078825,22.538643078240817,17.6222166330243,52.71194053975079,0.14011014501496039,Safe
2026-01-08 23:00:00,6,21.581595698731494,23.027300938442234,17.835734063996668,28.608952676192775,21.352439240405936,17.6222166330243,52.71194053975079,0.10630526791808997,Safe
2026-01-09 00:00:00,6,25.733744965848153,21.581595698731494,17.734497729243355,28.942254644384636,20.368541201414423,17.6222166330243,52.71194053975079,0.07826577653972056,Safe
2026-01-09 01:00:00,6,25.0899339746867,25.733744965848153,20.509073424721834,29.13312383396651,24.04402641055648,17.6222166330243,52.71194053975079,0.18301111777314494,Safe
2026-01-09 02:00:00,6,25.083432257593685,25.0899339746867,21.098878589184473,29.29914690348356,23.823055158160305,17.6222166330243,52.71194053975079,0.17671379703371057,Safe
2026-01-09 03:00:00,6,25.80626163124447,25.083432257593685,21.921779522527892,29.461000324680086,24.100286713112002,17.6222166330243,52.71194053975079,0.1846144447500611,Safe
2026-01-09 04:00:00,6,27.73897147767324,25.80626163124447,23.720048620885883,29.62845544371289,25.190062646931352,17.6222166330243,52.71194053975079,0.21567128365991667,Safe
2026-01-09 05:00:00,6,30.034707329278124,27.73897147767324,24.80996686031833,29.84615296325288,26.831945100608845,17.6222166330243,52.71194053975079,0.2624622590249801,Safe
2026-01-09 06:00:00,6,32.56671660344285,30.034707329278124,26.86376903065741,30.083775778785608,29.041923212906426,17.6222166330243,52.71194053975079,0.32544303525426144,Safe
2026-01-09 07:00:00,6,34.992728226997905,32.56671660344285,28.712751129784824,30.345441491169485,31.336975663509293,17.6222166330243,52.71194053975079,0.39084829154234707,Safe
2026-01-09 08:00:00,6,38.06769616358802,34.992728226997905,30.29087038923832,30.669475898434058,33.469771179814146,17.6222166330243,52.71194053975079,0.4516294895133807,Warning
2026-01-09 09:00:00,6,41.09135805844526,38.06769616358802,33.24503974283678,30.99640582825108,36.49940265842889,17.6222166330243,52.71194053975079,0.5379690514982051,Warning
2026-01-09 10:00:00,6,44.081092181129364,41.09135805844526,34.32282948854507,31.403000107108763,38.8534678894599,17.6222166330243,52.71194053975079,0.6050560758988935,Warning
2026-01-09 11:00:00,6,45.514372014701884,44.081092181129364,35.789221462977416,31.808214713430612,41.31819008130732,17.6222166330243,52.71194053975079,0.6752966434268239,Warning
2026-01-09 12:00:00,6,46.315103632214864,45.514372014701884,36.292298383705,32.225831598785184,42.43139240412455,17.6222166330243,52.71194053975079,0.7070210962624127,High Risk
2026-01-09 13:00:00,6,46.11792481183043,46.315103632214864,36.66507587186367,32.61970030461713,43.084682994143044,17.6222166330243,52.71194053975079,0.7256388138921471,High Risk
2026-01-09 14:00:00,6,46.17771101467147,46.11792481183043,37.13461907107748,32.996495802266885,43.11583598200782,17.6222166330243,52.71194053975079,0.7265266232992482,High Risk
2026-01-09 15:00:00,6,45.57269861951529,46.17771101467147,35.640686162202854,33.4103296546549,42.644042811615,17.6222166330243,52.71194053975079,0.7130812864763773,High Risk
2026-01-09 16:00:00,6,43.66939360669839,45.57269861951529,34.34555721139674,33.79882283779247,41.80374270485902,17.6222166330243,52.71194053975079,0.6891341022510913,Warning
2026-01-09 17:00:00,6,41.2840994699012,43.66939360669839,32.736816855701555,34.15495961338412,40.00368742920649,17.6222166330243,52.71194053975079,0.6378354591173153,Warning
2026-01-09 18:00:00,6,38.40990514248666,41.2840994699012,30.362928184967743,34.490250319947414,37.625408068329456,17.6222166330243,52.71194053975079,0.5700583714599217,Warning
2026-01-09 19:00:00,6,35.214205963869716,38.40990514248666,29.16157570587173,34.742443247363994,35.32721622454065,17.6222166330243,52.71194053975079,0.5045636475799902,Warning
2026-01-09 20:00:00,6,33.47239638645799,35.214205963869716,26.7070245696838,35.02433373972959,32.3892222590265,17.6222166330243,52.71194053975079,0.4208356054444718,Warning
2026-01-09 21:00:00,6,29.805780782944442,33.47239638645799,23.940659584060707,35.26871378968308,30.299202713492754,17.6222166330243,52.71194053975079,0.36127345295996754,Safe
2026-01-09 22:00:00,6,27.93129877038968,29.805780782944442,23.027300938442234,35.47304703268089,27.579215772785346,17.6222166330243,52.71194053975079,0.28375825590619974,Safe
2026-01-09 23:00:00,6,26.097209296162504,27.93129877038968,21.581595698731494,35.661197599240516,25.85385760111362,17.6222166330243,52.71194053975079,0.23458835855710466,Safe
2026-01-10 00:00:00,6,25.266811696839863,26.097209296162504,25.733744965848153,35.64174204636517,26.069954116884613,17.6222166330243,52.71194053975079,0.24074675724348388,Safe
2026-01-10 01:00:00,6,25.088208490830308,25.266811696839863,25.0899339746867,35.64167015120448,25.304468468041204,17.6222166330243,52.71194053975079,0.21893166319876908,Safe
2026-01-10 02:00:00,6,25.45608442340097,25.088208490830308,25.083432257593685,35.65719732477979,25.18497140857916,17.6222166330243,52.71194053975079,0.21552619166031486,Safe
2026-01-10 03:00:00,6,26.350617174629107,25.45608442340097,25.80626163124447,35.67987880575415,25.673790849904883,17.6222166330243,52.71194053975079,0.22945674946961878,Safe
2026-01-10 04:00:00,6,28.2151538274261,26.350617174629107,27.73897147767324,35.69971973699385,26.922299140513793,17.6222166330243,52.71194053975079,0.2650372019789395,Safe
2026-01-10 05:00:00,6,30.26600720122385,28.2151538274261,30.034707329278124,35.70935723165825,28.931908341197435,17.6222166330243,52.71194053975079,0.3223077906206422,Safe
2026-01-10 06:00:00,6,33.109217111349,30.26600720122385,32.56671660344285,35.73196141948768,31.1446804451637,17.6222166330243,52.71194053975079,0.3853681910611737,Safe
2026-01-10 07:00:00,6,36.41854744029018,33.109217111349,34.992728226997905,35.791370553374854,33.841462989940474,17.6222166330243,52.71194053975079,0.4622221006300064,Warning
2026-01-10 08:00:00,6,38.676277313974666,36.41854744029018,38.06769616358802,35.81672810130763,37.06630270243042,17.6222166330243,52.71194053975079,0.5541247792934052,Warning
2026-01-10 09:00:00,6,41.20541025644519,38.676277313974666,41.09135805844526,35.8214802762243,39.583098454253985,17.6222166330243,52.71194053975079,0.6258493584547856,Warning
2026-01-10 10:00:00,6,42.92885973434081,41.20541025644519,44.081092181129364,35.773470590941436,42.26649447606242,17.6222166330243,52.71194053975079,0.7023217739251629,High Risk
2026-01-10 11:00:00,6,45.433595112335375,42.92885973434081,45.514372014701884,35.77010488667617,43.88843241491853,17.6222166330243,52.71194053975079,0.7485443631066814,High Risk
2026-01-10 12:00:00,6,47.15720809549353,45.433595112335375,46.315103632214864,35.80519257264611,45.80698753768016,17.6222166330243,52.71194053975079,0.8032200588512738,High Risk
2026-01-10 13:00:00,6,46.20613957371786,47.15720809549353,46.11792481183043,35.80886818772476,46.87128017747244,17.6222166330243,52.71194053975079,0.8335506653926852,High Risk
2026-01-10 14:00:00,6,45.84963786687754,46.20613957371786,46.17771101467147,35.79519847323335,46.26724944740707,17.6222166330243,52.71194053975079,0.816336773529156,High Risk
2026-01-10 15:00:00,6,45.6592442169264,45.84963786687754,45.57269861951529,35.79880453979214,45.82620167371775,17.6222166330243,52.71194053975079,0.8037676304292404,High Risk
2026-01-10 16:00:00,6,42.7976166189608,45.6592442169264,43.66939360669839,35.7624804986364,45.05009816289582,17.6222166330243,52.71194053975079,0.7816499446142355,High Risk
2026-01-10 17:00:00,6,41.42711615739585,42.7976166189608,41.2840994699012,35.76843952728202,42.35515112305335,17.6222166330243,52.71194053975079,0.7048483439460621,High Risk
2026-01-10 18:00:00,6,38.20824834472176,41.42711615739585,38.40990514248666,35.760037160708485,40.47205082148667,17.6222166330243,52.71194053975079,0.6511830528509556,Warning
2026-01-10 19:00:00,6,35.894127753632816,38.20824834472176,35.214205963869716,35.788367235281946,37.265309703092505,17.6222166330243,52.71194053975079,0.5597961546373578,Warning
2026-01-10 20:00:00,6,33.22324795864481,35.894127753632816,33.47239638645799,35.77798605078973,35.149987410474516,17.6222166330243,52.71194053975079,0.4995129150781757,Warning
2026-01-10 21:00:00,6,30.41285532383448,33.22324795864481,29.805780782944442,35.80328082332681,32.14196892288025,17.6222166330243,52.71194053975079,0.4137892881306859,Warning
2026-01-10 22:00:00,6,28.368804439929256,30.41285532383448,27.93129877038968,35.8215102262243,29.655403643794365,17.6222166330243,52.71194053975079,0.34292622819802654,Safe
2026-01-10 23:00:00,6,26.39017237786136,28.368804439929256,26.097209296162504,35.83371702129508,27.68584483380924,17.6222166330243,52.71194053975079,0.286797010450652,Safe
2026-01-11 00:00:00,6,27.74260569269037,26.39017237786136,25.266811696839863,35.93687510445552,26.10258699629724,17.6222166330243,52.71194053975079,0.24167674114901094,Safe
2026-01-11 01:00:00,6,27.64996070999383,27.74260569269037,25.088208490830308,36.043614780253996,26.929513180252137,17.6222166330243,52.71194053975079,0.26524279036008297,Safe
2026-01-11 02:00:00,6,27.517663963142848,27.64996070999383,25.45608442340097,36.12951392774324,26.99452562199491,17.6222166330243,52.71194053975079,0.26709553904693034,Safe
2026-01-11 03:00:00,6,29.4054508422573,27.517663963142848,26.350617174629107,36.256798663894415,27.213662753369412,17.6222166330243,52.71194053975079,0.27334059032496116,Safe
2026-01-11 04:00:00,6,30.816572373816925,29.4054508422573,28.2151538274261,36.36519110332737,29.09103228152005,17.6222166330243,52.71194053975079,0.3268425637129246,Safe
2026-01-11 05:00:00,6,34.19633308788302,30.816572373816925,30.26600720122385,36.52895468193817,30.71915366627448,17.6222166330243,52.71194053975079,0.37324137102994426,Safe
2026-01-11 06:00:00,6,37.01221688329553,34.19633308788302,33.109217111349,36.691579672435935,33.910958236311686,17.6222166330243,52.71194053975079,0.4642026019464442,Warning
2026-01-11 07:00:00,6,41.008996478584315,37.01221688329553,36.41854744029018,36.88284838236486,36.89196670587819,17.6222166330243,52.71194053975079,0.549156487378446,Warning
2026-01-11 08:00:00,6,43.93095686088541,41.008996478584315,38.676277313974666,37.101793363486145,40.28863007308038,17.6222166330243,52.71194053975079,0.6459558603068747,Warning
2026-01-11 09:00:00,6,46.718261151251085,43.93095686088541,41.20541025644519,37.33149548410305,43.07239716858875,17.6222166330243,52.71194053975079,0.7252886878769974,High Risk
2026-01-11 10:00:00,6,49.67887800401603,46.718261151251085,42.92885973434081,37.61274624533952,45.492136667520796,17.6222166330243,52.71194053975079,0.7942473219319539,High Risk
2026-01-11 11:00:00,6,49.58585304043521,49.67887800401603,45.433595112335375,37.78575699234368,48.29294004952275,17.6222166330243,52.71194053975079,0.8740656559156739,High Risk
2026-01-11 12:00:00,6,52.104982064396175,49.58585304043521,47.15720809549353,37.99191424104796,48.82147798036223,17.6222166330243,52.71194053975079,0.8891281259761948,High Risk
2026-01-11 13:00:00,6,52.900864511297314,52.104982064396175,46.20613957371786,38.270861113447104,50.15022258466088,17.6222166330243,52.71194053975079,0.9269951827237368,High Risk
2026-01-11 14:00:00,6,52.367346748159164,52.900864511297314,45.84963786687754,38.54243231683383,50.5508549277333,17.6222166330243,52.71194053975079,0.9384125518862867,High Risk
2026-01-11 15:00:00,6,50.98590433137697,52.367346748159164,45.6592442169264,38.76437648826928,50.135410508140005,17.6222166330243,52.71194053975079,0.9265730626712072,High Risk
2026-01-11 16:00:00,6,48.866923613033464,50.98590433137697,42.7976166189608,39.01726427968897,48.24942446036748,17.6222166330243,52.71194053975079,0.8728255325100063,High Risk
2026-01-11 17:00:00,6,46.41199452523807,48.866923613033464,41.42711615739585,39.22496754501573,46.3892519085693,17.6222166330243,52.71194053975079,0.8198136449348604,High Risk
2026-01-11 18:00:00,6,43.620176243777344,46.41199452523807,38.20824834472176,39.45046454080971,43.676196189708904,17.6222166330243,52.71194053975079,0.7424959764130329,High Risk
2026-01-11 19:00:00,6,39.393819300820326,43.620176243777344,35.894127753632816,39.59628502194253,41.05143403504887,17.6222166330243,52.71194053975079,0.6676945306440214,Warning
2026-01-11 20:00:00,6,37.16681782473147,39.393819300820326,33.22324795864481,39.76060043302947,37.36269584237247,17.6222166330243,52.71194053975079,0.5625715009684796,Warning
2026-01-11 21:00:00,6,34.5504338037765,37.16681782473147,30.41285532383448,39.932999536360384,34.93903256166394,17.6222166330243,52.71194053975079,0.4935010455245864,Warning
2026-01-11 22:00:00,6,32.07628512387552,34.5504338037765,28.368804439929256,40.08747789819148,32.52184890505626,17.6222166330243,52.71194053975079,0.4246152488125032,Warning
2026-01-11 23:00:00,6,28.03164225860757,32.07628512387552,26.39017237786136,40.155872476555906,30.220437304123593,17.6222166330243,52.71194053975079,0.3590287670988349,Safe
2026-01-12 00:00:00,6,28.267725569237204,28.03164225860757,27.74260569269037,40.17775247141203,28.027322856728762,17.6222166330243,52.71194053975079,0.2965285778490063,Safe
2026-01-12 01:00:00,6,27.49719472316134,28.267725569237204,27.64996070999383,40.17138722196067,28.15064558853659,17.6222166330243,52.71194053975079,0.300043074817439,Safe
2026-01-12 02:00:00,6,27.656122035089364,27.49719472316134,27.517663963142848,40.17715630829178,27.599449617196548,17.6222166330243,52.71194053975079,0.2843348875117477,Safe
2026-01-12 03:00:00,6,28.924430269850063,27.656122035089364,29.4054508422573,40.15711378444147,28.349583472337287,17.6222166330243,52.71194053975079,0.30571248044343075,Safe
2026-01-12 04:00:00,6,32.29635035384697,28.924430269850063,30.816572373816925,40.21877120027606,29.665090422201807,17.6222166330243,52.71194053975079,0.34320228560324106,Safe
2026-01-12 05:00:00,6,33.83469038702934,32.29635035384697,34.19633308788302,40.20370275440715,33.035291807446505,17.6222166330243,52.71194053975079,0.43924753515145426,Warning
2026-01-12 06:00:00,6,36.013452846187846,33.83469038702934,37.01221688329553,40.16208758619434,35.00865045432538,17.6222166330243,52.71194053975079,0.4954850420605093,Warning
2026-01-12 07:00:00,6,39.620055106449186,36.013452846187846,41.008996478584315,40.104215029022036,37.80648259177643,17.6222166330243,52.71194053975079,0.5752187004145742,Warning
2026-01-12 08:00:00,6,43.82059141004309,39.620055106449186,43.93095686088541,40.099616468570275,41.174173165087396,17.6222166330243,52.71194053975079,0.6711923959126943,Warning
2026-01-12 09:00:00,6,46.61166847449742,43.82059141004309,46.718261151251085,40.09517510703888,44.885784101599484,17.6222166330243,52.71194053975079,0.7769672615287139,High Risk
2026-01-12 10:00:00,6,49.32462923845001,46.61166847449742,49.67887800401603,40.080414741806955,47.73121513195681,17.6222166330243,52.71194053975079,0.8580574107938017,High Risk
2026-01-12 11:00:00,6,51.01041196396452,49.32462923845001,49.58585304043521,40.139771363620675,49.4807542607644,17.6222166330243,52.71194053975079,0.9079164260313995,High Risk
2026-01-12 12:00:00,6,52.23987732800317,51.01041196396452,52.104982064396175,40.14539199960431,51.449410636503714,17.6222166330243,52.71194053975079,0.9640199258727999,High Risk
2026-01-12 13:00:00,6,52.79652020671284,52.23987732800317,52.900864511297314,40.141044320246614,52.52894989877082,17.6222166330243,52.71194053975079,0.9947850363185694,High Risk
2026-01-12 14:00:00,6,51.91481270378748,52.79652020671284,52.367346748159164,40.12218873506446,52.71194053975079,17.6222166330243,52.71194053975079,0.999999971501629,High Risk
2026-01-12 15:00:00,6,50.707973107643106,51.91481270378748,50.98590433137697,40.110608267408885,51.660432830819694,17.6222166330243,52.71194053975079,0.9700337146635901,High Risk
2026-01-12 16:00:00,6,49.4122786166946,50.707973107643106,48.866923613033464,40.13333139256143,50.14314010140029,17.6222166330243,52.71194053975079,0.9267933434879088,High Risk
2026-01-12 17:00:00,6,46.65656163704696,49.4122786166946,46.41199452523807,40.1435216888868,48.45258189733264,17.6222166330243,52.71194053975079,0.8786151885276919,High Risk
2026-01-12 18:00:00,6,43.72731816988924,46.65656163704696,43.620176243777344,40.14798593580813,45.68811187802289,17.6222166330243,52.71194053975079,0.7998322961950187,High Risk
2026-01-12 19:00:00,6,39.67887936215033,43.72731816988924,39.393819300820326,40.15986343836355,42.318970656939996,17.6222166330243,52.71194053975079,0.7038172595984494,High Risk
2026-01-12 20:00:00,6,37.69201485998382,39.67887936215033,37.16681782473147,40.181746648165735,38.89889892468727,17.6222166330243,52.71194053975079,0.6063507863974266,Warning
2026-01-12 21:00:00,6,33.90948145273926,37.69201485998382,34.5504338037765,40.15504030020585,36.699279463026485,17.6222166330243,52.71194053975079,0.5436652148374417,Warning
2026-01-12 22:00:00,6,31.335648907963858,33.90948145273926,32.07628512387552,40.12418045787619,33.36925936377551,17.6222166330243,52.71194053975079,0.4487650664862465,Warning
2026-01-12 23:00:00,6,29.213484857664678,31.335648907963858,28.03164225860757,40.17342389950357,30.295646414131518,17.6222166330243,52.71194053975079,0.3611721042212502,Safe
2026-01-13 00:00:00,6,28.178778833129634,29.213484857664678,28.267725569237204,40.16971778549909,28.982969110193046,17.6222166330243,52.71194053975079,0.32376293936094547,Safe
2026-01-13 01:00:00,6,28.72526607532653,28.178778833129634,27.49719472316134,40.22088742517264,28.039983441713108,17.6222166330243,52.71194053975079,0.29688938389744357,Safe
2026-01-13 02:00:00,6,29.00548522737199,28.72526607532653,27.656122035089364,40.27711089151775,28.453179662858773,17.6222166330243,52.71194053975079,0.3086648031189963,Safe
2026-01-13 03:00:00,6,29.188014682055115,29.00548522737199,28.924430269850063,40.288093575359625,29.071041851049536,17.6222166330243,52.71194053975079,0.3262728690081741,Safe
2026-01-13 04:00:00,6,31.18814330035362,29.188014682055115,32.29635035384697,40.241918281464066,30.344370313756784,17.6222166330243,52.71194053975079,0.3625606559911709,Safe
2026-01-13 05:00:00,6,34.75022494854266,31.18814330035362,33.83469038702934,40.28006555486046,32.183918314725325,17.6222166330243,52.71194053975079,0.41498477746428936,Warning
2026-01-13 06:00:00,6,36.54937475104731,34.75022494854266,36.013452846187846,40.302395634229605,35.268140549509766,17.6222166330243,52.71194053975079,0.502880087073662,Warning
2026-01-13 07:00:00,6,39.825668568043355,36.54937475104731,39.620055106449186,40.31096286179603,37.683241480241705,17.6222166330243,52.71194053975079,0.5717065294909687,Warning
2026-01-13 08:00:00,6,43.38699975284408,39.825668568043355,43.82059141004309,40.29289654274607,41.2714271655989,17.6222166330243,52.71194053975079,0.6739639765041643,Warning
2026-01-13 09:00:00,6,47.21772177105318,43.38699975284408,46.61166847449742,40.318148763435886,44.56461923137002,17.6222166330243,52.71194053975079,0.7678145858926646,High Risk
2026-01-13 10:00:00,6,49.28276339584349,47.21772177105318,49.32462923845001,40.316404353327286,48.00797415300906,17.6222166330243,52.71194053975079,0.865944592063758,High Risk
2026-01-13 11:00:00,6,50.34621798007848,49.28276339584349,51.01041196396452,40.288729603998696,49.94058246588429,17.6222166330243,52.71194053975079,0.9210207808344703,High Risk
2026-01-13 12:00:00,6,52.234925357334276,50.34621798007848,52.23987732800317,40.28852327188749,51.05943860037773,17.6222166330243,52.71194053975079,0.9529063580929845,High Risk
2026-01-13 13:00:00,6,52.9256241845918,52.234925357334276,52.79652020671284,40.29390260429912,52.49000393468356,17.6222166330243,52.71194053975079,0.9936751397835927,High Risk
2026-01-13 14:00:00,6,51.99900977917466,52.9256241845918,51.91481270378748,40.29741081577358,52.641907370606376,17.6222166330243,52.71194053975079,0.9980041402624109,High Risk
2026-01-13 15:00:00,6,51.23307493470834,51.99900977917466,50.707973107643106,40.319290058567965,51.62064197723776,17.6222166330243,52.71194053975079,0.9688997401543085,High Risk
2026-01-13 16:00:00,6,48.803335721779675,51.23307493470834,49.4122786166946,40.29391743794651,50.67448486728873,17.6222166330243,52.71194053975079,0.9419358037750963,High Risk
2026-01-13 17:00:00,6,46.53248870218887,48.803335721779675,46.65656163704696,40.28874773232743,48.136405271745836,17.6222166330243,52.71194053975079,0.8696046697382956,High Risk
2026-01-13 18:00:00,6,42.90605571574067,46.53248870218887,43.72731816988924,40.25452846340457,45.64329561647988,17.6222166330243,52.71194053975079,0.7985551057450471,High Risk
2026-01-13 19:00:00,6,39.91346173044652,42.90605571574067,39.67887936215033,40.264302728750245,41.877234514527544,17.6222166330243,52.71194053975079,0.6912284991112513,Warning
2026-01-13 20:00:00,6,37.353539067918035,39.91346173044652,37.69201485998382,40.250199570747505,39.23258954982537,17.6222166330243,52.71194053975079,0.6158604256443883,Warning
2026-01-13 21:00:00,6,34.0537819830348,37.353539067918035,33.90948145273926,40.25621209284315,36.25777325515117,17.6222166330243,52.71194053975079,0.5310830071099972,Warning
2026-01-13 22:00:00,6,30.545013896386596,34.0537819830348,31.335648907963858,40.22326896736076,33.210649488367835,17.6222166330243,52.71194053975079,0.4442449434066474,Warning
2026-01-13 23:00:00,6,29.189683527118614,30.545013896386596,29.213484857664678,40.22227724525468,30.180794924528044,17.6222166330243,52.71194053975079,0.3578990238563067,Safe
2026-01-14 00:00:00,6,28.43665465196373,29.189683527118614,28.178778833129634,40.233022071039436,28.936913689271947,17.6222166330243,52.71194053975079,0.32245043488724207,Safe
2026-01-14 01:00:00,6,28.437245720604,28.43665465196373,28.72526607532653,40.22102122292599,28.629410373778917,17.6222166330243,52.71194053975079,0.31368709130702255,Safe
2026-01-14 02:00:00,6,28.638366203479258,28.437245720604,29.00548522737199,40.20572459693046,28.72565676538548,17.6222166330243,52.71194053975079,0.3164299566860587,Safe
2026-01-14 03:00:00,6,29.473901731900952,28.638366203479258,29.188014682055115,40.217636557340704,28.920155076645862,17.6222166330243,52.71194053975079,0.3219728417265481,Safe
2026-01-14 04:00:00,6,31.04935512022593,29.473901731900952,31.18814330035362,40.211853716502056,30.15298794363372,17.6222166330243,52.71194053975079,0.3571065701973441,Safe
2026-01-14 05:00:00,6,33.35286375290212,31.04935512022593,34.75022494854266,40.153630333350364,32.40597746426583,17.6222166330243,52.71194053975079,0.42131310150019363,Warning
2026-01-14 06:00:00,6,37.41520880977722,33.35286375290212,36.54937475104731,40.18970675246411,34.53394695503492,17.6222166330243,52.71194053975079,0.48195676560487205,Warning
2026-01-14 07:00:00,6,39.746164051479255,37.41520880977722,39.825668568043355,40.18639406427394,38.322095066136505,17.6222166330243,52.71194053975079,0.5899128160205144,Warning
2026-01-14 08:00:00,6,43.409285276054305,39.746164051479255,43.38699975284408,40.18732262774103,41.07089912044806,17.6222166330243,52.71194053975079,0.6682492538700066,Warning
2026-01-14 09:00:00,6,46.142988379787845,43.409285276054305,47.21772177105318,40.14254206977164,44.78657286849369,17.6222166330243,52.71194053975079,0.7741399029965649,High Risk
2026-01-14 10:00:00,6,48.47716830656891,46.142988379787845,49.28276339584349,40.10897560771854,47.28797017337962,17.6222166330243,52.71194053975079,0.8454256515037134,High Risk
2026-01-14 11:00:00,6,51.63177304316599,48.47716830656891,50.34621798007848,40.16254040201385,49.18440975080548,17.6222166330243,52.71194053975079,0.8994710902316277,High Risk
2026-01-14 12:00:00,6,51.94223966758863,51.63177304316599,52.234925357334276,40.150345164941115,51.90185493644074,17.6222166330243,52.71194053975079,0.9769138514062629,High Risk
2026-01-14 13:00:00,6,52.598483215551084,51.94223966758863,52.9256241845918,40.13671429123109,52.34198743909127,17.6222166330243,52.71194053975079,0.989456910772515,High Risk
2026-01-14 14:00:00,6,51.68410973420357,52.598483215551084,51.99900977917466,40.123593456023954,52.45590523924557,17.6222166330243,52.71194053975079,0.992703382509102,High Risk
2026-01-14 15:00:00,6,50.61635277071848,51.68410973420357,51.23307493470834,40.09789669919105,51.593503525670975,17.6222166330243,52.71194053975079,0.9681263384921717,High Risk
2026-01-14 16:00:00,6,49.168383346910545,50.61635277071848,48.803335721779675,40.11310701690483,50.061228773578556,17.6222166330243,52.71194053975079,0.9244590040754607,High Risk
2026-01-14 17:00:00,6,46.67446627541249,49.168383346910545,46.53248870218887,40.119022749122486,48.33365648675445,17.6222166330243,52.71194053975079,0.875226008051233,High Risk
2026-01-14 18:00:00,6,44.00899588936464,46.67446627541249,42.90605571574067,40.16497858969015,45.45557957185737,17.6222166330243,52.71194053975079,0.7932055042556797,High Risk
2026-01-14 19:00:00,6,40.784852903917006,44.00899588936464,39.91346173044652,40.20128655525142,42.68168449658208,17.6222166330243,52.71194053975079,0.7141540131810503,High Risk
2026-01-14 20:00:00,6,37.939890311239616,40.784852903917006,37.353539067918035,40.22571785705648,39.68896816026606,17.6222166330243,52.71194053975079,0.6288664726183617,Warning
2026-01-14 21:00:00,6,34.61411387219033,37.939890311239616,34.0537819830348,40.24906501910463,36.69214106291671,17.6222166330243,52.71194053975079,0.5434617820624983,Warning
2026-01-14 22:00:00,6,31.42459057752527,34.61411387219033,30.545013896386596,40.285714047485406,33.308106862332295,17.6222166330243,52.71194053975079,0.4470223198102389,Warning
2026-01-14 23:00:00,6,29.574499686182158,31.42459057752527,29.189683527118614,40.301748054113055,30.75019310865402,17.6222166330243,52.71194053975079,0.3741259445756773,Safe
2026-01-02 00:00:00,7,24.832584436711834,27.448247409408722,25.112350354848832,37.42882494927908,26.74449265529665,21.058551826806905,51.64710261435394,0.18588460375572796,Safe
2026-01-02 01:00:00,7,24.275702454918974,24.832584436711834,25.711858737419327,37.368985104174904,25.23209989518589,21.058551826806905,51.64710261435394,0.13644150587338644,Safe
2026-01-02 02:00:00,7,24.54294971944066,24.275702454918974,24.64416641705182,37.364767741774436,24.50120504501703,21.058551826806905,51.64710261435394,0.11254711377384237,Safe
2026-01-02 03:00:00,7,26.319154118202448,24.54294971944066,26.339390716708593,37.36392455017001,25.256590593331893,21.058551826806905,51.64710261435394,0.13724215502853782,Safe
2026-01-02 04:00:00,7,29.216480815887618,26.319154118202448,27.978244081869427,37.41551774742077,26.98349129312922,21.058551826806905,51.64710261435394,0.1936979399179803,Safe
2026-01-02 05:00:00,7,31.49498680403822,29.216480815887618,32.169660356582106,37.38740634939811,30.31972297553989,21.058551826806905,51.64710261435394,0.3027659240965869,Safe
2026-01-02 06:00:00,7,33.292340577264646,31.49498680403822,34.1637584185482,37.351097272677954,32.497963982477984,21.058551826806905,51.64710261435394,0.37397691251039217,Safe
2026-01-02 07:00:00,7,37.228850889027996,33.292340577264646,37.07363119924732,37.35756475975216,34.67354610787886,21.058551826806905,51.64710261435394,0.4451009768502602,Warning
2026-01-02 08:00:00,7,40.74842600259815,37.228850889027996,40.46080297679438,37.36954905249397,38.416999167396526,21.058551826806905,51.64710261435394,0.5674818298412039,Warning
2026-01-02 09:00:00,7,43.92211873846628,40.74842600259815,43.4221035924555,37.390383016911095,41.74100434608782,21.058551826806905,51.64710261435394,0.6761501055339595,Warning
2026-01-02 10:00:00,7,46.13551133260013,43.92211873846628,46.15491907802091,37.389574360851896,44.75973821055404,21.058551826806905,51.64710261435394,0.7748384607536788,High Risk
2026-01-02 11:00:00,7,48.66714138367054,46.13551133260013,48.19129095482234,37.4094014620539,46.90968617552028,21.058551826806905,51.64710261435394,0.8451244939042089,High Risk
2026-01-02 12:00:00,7,49.622983031921386,48.66714138367054,48.93760145495659,37.43795902776077,48.827284096862954,21.058551826806905,51.64710261435394,0.9078145465311316,High Risk
2026-01-02 13:00:00,7,49.9824702037076,49.622983031921386,50.13412620232996,37.43164002781817,49.86421189851255,21.058551826806905,51.64710261435394,0.9417137585255924,High Risk
2026-01-02 14:00:00,7,49.24185961926105,49.9824702037076,49.27019851024153,37.430459240693985,49.80472010699795,21.058551826806905,51.64710261435394,0.9397688546959568,High Risk
2026-01-02 15:00:00,7,47.95894597654553,49.24185961926105,48.26902266480563,37.41753937868315,48.97594110591895,21.058551826806905,51.64710261435394,0.9126744369270057,High Risk
2026-01-02 16:00:00,7,46.22208081610725,47.95894597654553,46.853543027606825,37.391228453204,47.6493532411631,21.058551826806905,51.64710261435394,0.8693056670038765,High Risk
2026-01-02 17:00:00,7,43.36555374287354,46.22208081610725,43.49571492061152,37.38580507079825,45.36025060726756,21.058551826806905,51.64710261435394,0.7944703936704243,High Risk
2026-01-02 18:00:00,7,41.10780118779476,43.36555374287354,40.08828740573377,37.428284811717454,42.318997883443004,21.058551826806905,51.64710261435394,0.6950458525889245,Warning
2026-01-02 19:00:00,7,38.382601703512634,41.10780118779476,37.411697935930874,37.4687391353667,39.92091491534932,21.058551826806905,51.64710261435394,0.6166477975012047,Warning
2026-01-02 20:00:00,7,34.65858922148999,38.382601703512634,34.24380723933321,37.48602171795656,37.04783494786906,21.058551826806905,51.64710261435394,0.5227211550293658,Warning
2026-01-02 21:00:00,7,30.495139165865826,34.65858922148999,31.967407598999795,37.42467719990931,33.82388700674264,21.058551826806905,51.64710261435394,0.4173239474885062,Warning
2026-01-02 22:00:00,7,29.126877567135157,30.495139165865826,29.02973344650773,37.42872487160212,30.08518831260296,21.058551826806905,51.64710261435394,0.2950985240651669,Safe
2026-01-02 23:00:00,7,26.494651138342178,29.126877567135157,27.448247409408722,37.38899169364102,28.645771977607332,21.058551826806905,51.64710261435394,0.24804116924192776,Safe
2026-01-03 00:00:00,7,25.253718953773447,26.494651138342178,24.832584436711834,37.406538965185256,26.022647069567363,21.058551826806905,51.64710261435394,0.16228604993262216,Safe
2026-01-03 01:00:00,7,24.926576442488994,25.253718953773447,24.275702454918974,37.43365871466734,25.017336625437103,21.058551826806905,51.64710261435394,0.12942047162369638,Safe
2026-01-03 02:00:00,7,25.15773184708821,24.926576442488994,24.54294971944066,37.459274636652644,24.893951892125955,21.058551826806905,51.64710261435394,0.12538678169394363,Safe
2026-01-03 03:00:00,7,26.578991733438784,25.15773184708821,26.319154118202448,37.470101203954165,25.653341046421144,21.058551826806905,51.64710261435394,0.1502127087129647,Safe
2026-01-03 04:00:00,7,28.513389402486396,26.578991733438784,29.216480815887618,37.44080572839578,27.577683770657472,21.058551826806905,51.64710261435394,0.21312326222990993,Safe
2026-01-03 05:00:00,7,31.5925579932945,28.513389402486396,31.49498680403822,37.44487119461479,29.627270474231864,21.058551826806905,51.64710261435394,0.28012828809088586,Safe
2026-01-03 06:00:00,7,34.62124167130355,31.5925579932945,33.292340577264646,37.50024207353308,32.26393287278222,21.058551826806905,51.64710261435394,0.3663259746261397,Safe
2026-01-03 07:00:00,7,37.43159315549023,34.62124167130355,37.228850889027996,37.508689667969,35.599215997552406,21.058551826806905,51.64710261435394,0.47536294858735934,Warning
2026-01-03 08:00:00,7,40.549206939149094,37.43159315549023,40.74842600259815,37.50038887365863,38.64851311495185,21.058551826806905,51.64710261435394,0.5750504767377063,Warning
2026-01-03 09:00:00,7,42.717890546993026,40.549206939149094,43.92211873846628,37.45021269901391,41.781241630534794,21.058551826806905,51.64710261435394,0.6774655416071166,Warning
2026-01-03 10:00:00,7,46.06490503713223,42.717890546993026,46.13551133260013,37.44727077003608,43.962388987183786,21.058551826806905,51.64710261435394,0.7487715443168286,High Risk
2026-01-03 11:00:00,7,47.92077097064525,46.06490503713223,48.66714138367054,37.41617200282669,47.026105744972526,21.058551826806905,51.64710261435394,0.8489304789099993,High Risk
2026-01-03 12:00:00,7,49.00210208219359,47.92077097064525,49.622983031921386,37.3903019632547,48.57166623543809,21.058551826806905,51.64710261435394,0.8994578952192205,High Risk
2026-01-03 13:00:00,7,49.79311970853306,49.00210208219359,49.9824702037076,37.3824123592891,49.40465530337282,21.058551826806905,51.64710261435394,0.926689948365125,High Risk
2026-01-03 14:00:00,7,48.79041923510295,49.79311970853306,49.24185961926105,37.36360234328251,49.67069612091235,21.058551826806905,51.64710261435394,0.9353873466397253,High Risk
2026-01-03 15:00:00,7,47.94020284139909,48.79041923510295,47.95894597654553,37.36282137931807,48.57344807527579,21.058551826806905,51.64710261435394,0.899516147072727,High Risk
2026-01-03 16:00:00,7,46.539015754555074,47.94020284139909,46.22208081610725,37.3760270017534,47.42103361182403,21.058551826806905,51.64710261435394,0.861841448660855,High Risk
2026-01-03 17:00:00,7,43.95971170219319,46.539015754555074,43.36555374287354,37.400783583391714,45.523827789607076,21.058551826806905,51.64710261435394,0.7998180539151996,High Risk
2026-01-03 18:00:00,7,40.85981509692344,43.95971170219319,41.10780118779476,37.39045082960541,43.057887498739376,21.058551826806905,51.64710261435394,0.7192016093056313,High Risk
2026-01-03 19:00:00,7,37.60577214972123,40.85981509692344,38.382601703512634,37.358082931530774,40.09021433387727,21.058551826806905,51.64710261435394,0.6221825289165335,Warning
2026-01-03 20:00:00,7,33.84333963379256,37.60577214972123,34.65858922148999,37.32411419871004,36.679649663017514,21.058551826806905,51.64710261435394,0.5106844529517787,Warning
2026-01-03 21:00:00,7,32.65691697255258,33.84333963379256,30.495139165865826,37.414188273988664,32.784946271190066,21.058551826806905,51.64710261435394,0.3833589287204213,Safe
2026-01-03 22:00:00,7,29.742482160551262,32.65691697255258,29.126877567135157,37.439838465381,31.537868002722178,21.058551826806905,51.64710261435394,0.34258948408866896,Safe
2026-01-03 23:00:00,7,26.7188598644245,29.742482160551262,26.494651138342178,37.44918049563443,28.723775724859923,21.058551826806905,51.64710261435394,0.25059126536267146,Safe
2026-01-04 00:00:00,7,25.937202244365977,26.7188598644245,25.253718953773447,37.47765896607578,26.31392819279387,21.058551826806905,51.64710261435394,0.17180860350918906,Safe
2026-01-04 01:00:00,7,23.04183271788573,25.937202244365977,24.926576442488994,37.39912797755064,25.688772773074746,21.058551826806905,51.64710261435394,0.1513710416376384,Safe
2026-01-04 02:00:00,7,23.73166951146707,23.04183271788573,25.15773184708821,37.33970871356643,23.866714056687478,21.058551826806905,51.64710261435394,0.09180435377865155,Safe
2026-01-04 03:00:00,7,25.83421606809811,23.73166951146707,26.578991733438784,37.30867639417724,24.805858129727355,21.058551826806905,51.64710261435394,0.12250682310648073,Safe
2026-01-04 04:00:00,7,27.4928120641705,25.83421606809811,28.513389402486396,37.26615233841408,26.848139632126724,21.058551826806905,51.64710261435394,0.18927302755395006,Safe
2026-01-04 05:00:00,7,29.041972867986576,27.4928120641705,31.5925579932945,37.15987795819291,28.990525063742005,21.058551826806905,51.64710261435394,0.25931182659534413,Safe
2026-01-04 06:00:00,7,32.28014178049279,29.041972867986576,34.62124167130355,37.06233212940913,31.04378403744971,21.058551826806905,51.64710261435394,0.3264369061992635,Safe
2026-01-04 07:00:00,7,35.498986395998685,32.28014178049279,37.43159315549023,36.98180684776365,34.13137747459854,21.058551826806905,51.64710261435394,0.4273764164642059,Warning
2026-01-04 08:00:00,7,38.9674708396022,35.498986395998685,40.549206939149094,36.91590117694919,37.31139165275348,21.058551826806905,51.64710261435394,0.5313373427689799,Warning
2026-01-04 09:00:00,7,41.23938608434378,38.9674708396022,42.717890546993026,36.85429682433881,40.33070907390668,21.058551826806905,51.64710261435394,0.6300447756060717,Warning
2026-01-04 10:00:00,7,43.56551454216003,41.23938608434378,46.06490503713223,36.75015555371497,42.96743262364551,21.058551826806905,51.64710261435394,0.7162444612941097,High Risk
2026-01-04 11:00:00,7,45.63878017266934,43.56551454216003,47.92077097064525,36.655072603799304,45.12965619383084,21.058551826806905,51.64710261435394,0.7869318081552187,High Risk
2026-01-04 12:00:00,7,47.091152948650766,45.63878017266934,49.00210208219359,36.575449723235025,46.8608916879822,21.058551826806905,51.64710261435394,0.8435293060091762,High Risk
2026-01-04 13:00:00,7,46.92895411758155,47.091152948650766,49.79311970853306,36.456109490278706,48.08513036114363,21.058551826806905,51.64710261435394,0.8835520792893361,High Risk
2026-01-04 14:00:00,7,47.10287501467277,46.92895411758155,48.79041923510295,36.38579514776078,47.63562165717913,21.058551826806905,51.64710261435394,0.868856754480023,High Risk
2026-01-04 15:00:00,7,45.61145016757656,47.10287501467277,47.94020284139909,36.28876378635152,47.458975309582485,21.058551826806905,51.64710261435394,0.8630818374841631,High Risk
2026-01-04 16:00:00,7,43.70653981856282,45.61145016757656,46.539015754555074,36.17074395568516,46.00036581912957,21.058551826806905,51.64710261435394,0.8153970206094155,High Risk
2026-01-04 17:00:00,7,41.165190569264645,43.70653981856282,43.95971170219319,36.05430557514648,43.86724283987034,21.058551826806905,51.64710261435394,0.7456610293773086,High Risk
2026-01-04 18:00:00,7,38.118071340072994,41.165190569264645,40.85981509692344,35.94006625194438,41.13814070537218,21.058551826806905,51.64710261435394,0.6564413058201701,Warning
2026-01-04 19:00:00,7,34.7098898445758,38.118071340072994,37.60577214972123,35.81940448922998,38.02421326501064,21.058551826806905,51.64710261435394,0.5546408851271819,Warning
2026-01-04 20:00:00,7,32.60676227751643,34.7098898445758,33.84333963379256,35.76788043271848,34.49929658910291,21.058551826806905,51.64710261435394,0.43940441690893955,Warning
2026-01-04 21:00:00,7,30.157633883264463,32.60676227751643,32.65691697255258,35.66374363733147,32.71250333910742,21.058551826806905,51.64710261435394,0.38099062659922917,Safe
2026-01-04 22:00:00,7,27.006669221005957,30.157633883264463,29.742482160551262,35.54975143151708,30.107397864788393,21.058551826806905,51.64710261435394,0.295824598066306,Safe
2026-01-04 23:00:00,7,25.094578274656097,27.006669221005957,26.7188598644245,35.4820730319434,27.004107366168554,21.058551826806905,51.64710261435394,0.19437191994758496,Safe
2026-01-05 00:00:00,7,24.621269040545283,25.094578274656097,25.937202244365977,35.42724248178421,25.481214327216563,21.058551826806905,51.64710261435394,0.14458554727034106,Safe
2026-01-05 01:00:00,7,23.330026412491506,24.621269040545283,23.04183271788573,35.439250552392785,24.179976480300624,21.058551826806905,51.64710261435394,0.10204551935552857,Safe
2026-01-05 02:00:00,7,24.179815115267626,23.330026412491506,23.73166951146707,35.45792328588447,23.568113275935616,21.058551826806905,51.64710261435394,0.0820425061820149,Safe
2026-01-05 03:00:00,7,24.770933531735498,24.179815115267626,25.83421606809811,35.41361984686936,24.845340407220682,21.058551826806905,51.64710261435394,0.12379757651538847,Safe
2026-01-05 04:00:00,7,26.934680860932534,24.770933531735498,27.4928120641705,35.39036438006777,25.800853569075024,21.058551826806905,51.64710261435394,0.15503518359436572,Safe
2026-01-05 05:00:00,7,30.049367747605213,26.934680860932534,29.041972867986576,35.432339166718556,27.75153711275242,21.058551826806905,51.64710261435394,0.2188068703752856,Safe
2026-01-05 06:00:00,7,31.71269904831465,30.049367747605213,32.28014178049279,35.40869571954447,30.904400016473424,21.058551826806905,51.64710261435394,0.32188016804623226,Safe
2026-01-05 07:00:00,7,35.27153749618761,31.71269904831465,35.498986395998685,35.399218682052336,33.097675537767046,21.058551826806905,51.64710261435394,0.39358266434376965,Safe
2026-01-05 08:00:00,7,39.08535370442727,35.27153749618761,38.9674708396022,35.40413046808672,36.620960587721974,21.058551826806905,51.64710261435394,0.5087657914962391,Warning
2026-01-05 09:00:00,7,41.48031895605597,39.08535370442727,41.23938608434378,35.41416933774139,39.90234065731295,21.058551826806905,51.64710261435394,0.6160405684252621,Warning
2026-01-05 10:00:00,7,44.322308726829014,41.48031895605597,43.56551454216003,35.445702428769266,42.2706322133333,21.058551826806905,51.64710261435394,0.6934646835801519,Warning
2026-01-05 11:00:00,7,44.93885632793444,44.322308726829014,45.63878017266934,35.41653893523864,44.84594509110687,21.058551826806905,51.64710261435394,0.7776567334575184,High Risk
2026-01-05 12:00:00,7,47.42575956863404,44.93885632793444,47.091152948650766,35.43048087773794,45.74760983235023,21.058551826806905,51.64710261435394,0.8071339296159334,High Risk
2026-01-05 13:00:00,7,47.03462145107484,47.42575956863404,46.92895411758155,35.434883683300164,47.32505375284208,21.058551826806905,51.64710261435394,0.8587036780449534,High Risk
2026-01-05 14:00:00,7,46.46393669395146,47.03462145107484,47.10287501467277,35.40826125327011,47.127723373614145,21.058551826806905,51.64710261435394,0.8522525593192781,High Risk
2026-01-05 15:00:00,7,45.72706196048788,46.46393669395146,45.61145016757656,35.413078411308085,46.24281364523557,21.058551826806905,51.64710261435394,0.8233231175292672,High Risk
2026-01-05 16:00:00,7,43.86481499592053,45.72706196048788,43.70653981856282,35.41967321036466,45.10733517598159,21.058551826806905,51.64710261435394,0.7862020901220054,High Risk
2026-01-05 17:00:00,7,41.323483064286464,43.86481499592053,41.165190569264645,35.426268730990564,43.01520917222782,21.058551826806905,51.64710261435394,0.7178063707599172,High Risk
2026-01-05 18:00:00,7,38.1857428223775,41.323483064286464,38.118071340072994,35.42908837608658,40.30417266708838,21.058551826806905,51.64710261435394,0.6291772482055393,Warning
2026-01-05 19:00:00,7,35.071618695776436,38.1857428223775,34.7098898445758,35.44416041155328,37.078014200178494,21.058551826806905,51.64710261435394,0.5237077742233388,Warning
2026-01-05 20:00:00,7,32.283262894130885,35.071618695776436,32.60676227751643,35.43068127057888,34.313799487542425,21.058551826806905,51.64710261435394,0.4333401513350459,Warning
2026-01-05 21:00:00,7,30.194452433585955,32.283262894130885,30.157633883264463,35.43221537684228,31.645126923861852,21.058551826806905,51.64710261435394,0.34609598945984976,Safe
2026-01-05 22:00:00,7,27.245111444921182,30.194452433585955,27.006669221005957,35.442150469505414,29.195697462999462,21.058551826806905,51.64710261435394,0.26601931640010773,Safe
2026-01-05 23:00:00,7,25.60440205628398,27.245111444921182,25.094578274656097,35.46339312707324,26.6050317000105,21.058551826806905,51.64710261435394,0.1813253504685904,Safe
2026-01-06 00:00:00,7,23.723782223172236,25.60440205628398,24.621269040545283,35.42599784301603,25.365811760453184,21.058551826806905,51.64710261435394,0.14081281008536714,Safe
2026-01-06 01:00:00,7,26.222639375123617,23.723782223172236,23.330026412491506,35.546523383125695,23.689262503000883,21.058551826806905,51.64710261435394,0.0860031130099128,Safe
2026-01-06 02:00:00,7,25.452646389016458,26.222639375123617,24.179815115267626,35.599558019531905,25.62073952362121,21.058551826806905,51.64710261435394,0.14914690072616077,Safe
2026-01-06 03:00:00,7,27.793204421081736,25.452646389016458,24.770933531735498,35.72548597325466,25.317364955554176,21.058551826806905,51.64710261435394,0.1392289886205428,Safe
2026-01-06 04:00:00,7,28.91238085080013,27.793204421081736,26.934680860932534,35.80789013949914,27.594384231455603,21.058551826806905,51.64710261435394,0.21366923318381856,Safe
2026-01-06 05:00:00,7,31.25602190259201,28.91238085080013,30.049367747605213,35.858167395956926,29.394730752620625,21.058551826806905,51.64710261435394,0.2725261066203035,Safe
2026-01-06 06:00:00,7,32.132625860280314,31.25602190259201,31.71269904831465,35.875664346455494,31.502590414164786,21.058551826806905,51.64710261435394,0.34143619024192484,Safe
2026-01-06 07:00:00,7,35.813118980072474,32.132625860280314,35.27153749618761,35.89823024161737,33.29559787148669,21.058551826806905,51.64710261435394,0.400053135227593,Warning
2026-01-06 08:00:00,7,38.122550528171,35.813118980072474,39.08535370442727,35.85811344260669,37.016895011772796,21.058551826806905,51.64710261435394,0.5217096675842863,Warning
2026-01-06 09:00:00,7,41.49093561144455,38.122550528171,41.48031895605597,35.858555803247874,39.35257206563163,21.058551826806905,51.64710261435394,0.5980675504314799,Warning
2026-01-06 10:00:00,7,43.96070203960799,41.49093561144455,44.322308726829014,35.843488857947,42.53648987564361,21.058551826806905,51.64710261435394,0.7021560941495971,High Risk
2026-01-06 11:00:00,7,45.62695640731576,43.96070203960799,44.93885632793444,35.87215969458789,44.369077707446515,21.058551826806905,51.64710261435394,0.7620669995278954,High Risk
2026-01-06 12:00:00,7,46.46578498196586,45.62695640731576,47.42575956863404,35.83216075347672,46.313887635674774,21.058551826806905,51.64710261435394,0.8256466662520981,High Risk
2026-01-06 13:00:00,7,46.4535295754058,46.46578498196586,47.03462145107484,35.80794859199051,46.73087036563034,21.058551826806905,51.64710261435394,0.8392786529133732,High Risk
2026-01-06 14:00:00,7,46.206582755316695,46.4535295754058,46.46393669395146,35.79722551121406,46.527601605389364,21.058551826806905,51.64710261435394,0.8326333968171455,High Risk
2026-01-06 15:00:00,7,45.47913568649225,46.206582755316695,45.72706196048788,35.786895249797574,46.11338093504499,21.058551826806905,51.64710261435394,0.8190917073242481,High Risk
2026-01-06 16:00:00,7,42.716201755737174,45.47913568649225,43.86481499592053,35.73903636478993,44.99868721028892,21.058551826806905,51.64710261435394,0.7826501741487588,High Risk
2026-01-06 17:00:00,7,41.21912963464204,42.716201755737174,41.323483064286464,35.73468830522142,42.3151656517493,21.058551826806905,51.64710261435394,0.6949205693875384,Warning
2026-01-06 18:00:00,7,39.09220219555723,41.21912963464204,38.1857428223775,35.77245744577058,40.25880228150817,21.058551826806905,51.64710261435394,0.6276940009470443,Warning
2026-01-06 19:00:00,7,35.173202135954746,39.09220219555723,35.071618695776436,35.776690089111334,37.796947303292484,21.058551826806905,51.64710261435394,0.5472111132538148,Warning
2026-01-06 20:00:00,7,32.091463731649235,35.173202135954746,32.283262894130885,35.768698457341266,34.269836616248114,21.058551826806905,51.64710261435394,0.43190291849056023,Warning
2026-01-06 21:00:00,7,28.192760777085073,32.091463731649235,30.194452433585955,35.68529463832039,31.531784386309276,21.058551826806905,51.64710261435394,0.3423905986868639,Safe
2026-01-06 22:00:00,7,27.256657676456832,28.192760777085073,27.245111444921182,35.68577573130105,27.962930670963736,21.058551826806905,51.64710261435394,0.22571774211839887,Safe
2026-01-06 23:00:00,7,24.7715296826657,27.256657676456832,25.60440205628398,35.651072715733626,26.787015285074702,21.058551826806905,51.64710261435394,0.18727475226858967,Safe
2026-01-07 00:00:00,7,24.00410138479118,24.7715296826657,23.723782223172236,35.66275268080108,24.51192288527946,21.058551826806905,51.64710261435394,0.11289750108007611,Safe
2026-01-07 01:00:00,7,20.027621451512626,24.00410138479118,26.222639375123617,35.404626933983955,24.862837861870446,21.058551826806905,51.64710261435394,0.12436960276793199,Safe
2026-01-07 02:00:00,7,20.702462870639298,20.027621451512626,25.452646389016458,35.20670262071824,21.988433414810792,21.058551826806905,51.64710261435394,0.03039966045017055,Safe
2026-01-07 03:00:00,7,21.931346952729303,20.702462870639298,27.793204421081736,34.96245855953689,23.23220788457948,21.058551826806905,51.64710261435394,0.07106109739583999,Safe
2026-01-07 04:00:00,7,23.22009582478909,21.931346952729303,28.91238085080013,34.72528001678643,24.421958939270276,21.058551826806905,51.64710261435394,0.10995640250718419,Safe
2026-01-07 05:00:00,7,25.684366809648218,23.22009582478909,31.25602190259201,34.493127721247106,26.069886792292053,21.058551826806905,51.64710261435394,0.1638304095039021,Safe
2026-01-07 06:00:00,7,27.899804250803566,25.684366809648218,32.132625860280314,34.31676015418557,27.987827186183164,21.058551826806905,51.64710261435394,0.22653165823290952,Safe
2026-01-07 07:00:00,7,30.10986836883237,27.899804250803566,35.813118980072474,34.079124712050564,30.70154422325303,21.058551826806905,51.64710261435394,0.3152484126552177,Safe
2026-01-07 08:00:00,7,32.054933389044365,30.10986836883237,38.122550528171,33.82630733125362,32.942715822694545,21.058551826806905,51.64710261435394,0.3885167260754667,Safe
2026-01-07 09:00:00,7,35.77242162767481,32.054933389044365,41.49093561144455,33.58803591526321,35.37213625761177,21.058551826806905,51.64710261435394,0.4679392646706503,Warning
2026-01-07 10:00:00,7,37.049171863545965,35.77242162767481,43.96070203960799,33.300055491260636,38.657947851786105,21.058551826806905,51.64710261435394,0.5753589168658885,Warning
2026-01-07 11:00:00,7,39.38879542285243,37.049171863545965,45.62695640731576,33.04013211690799,40.06627459687218,21.058551826806905,51.64710261435394,0.6213998917661588,Warning
2026-01-07 12:00:00,7,39.98800312766662,39.38879542285243,46.46578498196586,32.770224539645525,41.88944772227566,21.058551826806905,51.64710261435394,0.6810030118506383,Warning
2026-01-07 13:00:00,7,40.53832676175637,39.98800312766662,46.4535295754058,32.52375775574347,42.27870206159601,21.058551826806905,51.64710261435394,0.6937285028128751,Warning
2026-01-07 14:00:00,7,39.87738083338061,40.53832676175637,46.206582755316695,32.26004100899613,42.55557454413079,21.058551826806905,51.64710261435394,0.7027800095483951,High Risk
2026-01-07 15:00:00,7,39.27240676995211,39.87738083338061,45.47913568649225,32.00142730414029,41.87274231771498,21.058551826806905,51.64710261435394,0.6804568792753954,Warning
2026-01-07 16:00:00,7,38.18201911547484,39.27240676995211,42.716201755737174,31.812503027462693,40.53035582523579,21.058551826806905,51.64710261435394,0.6365716210976711,Warning
2026-01-07 17:00:00,7,35.44499125044265,38.18201911547484,41.21912963464204,31.571913928121052,39.302271325782996,21.058551826806905,51.64710261435394,0.5964231201819541,Warning
2026-01-07 18:00:00,7,32.660411399157056,35.44499125044265,39.09220219555723,31.30392264493771,36.77752084129534,21.058551826806905,51.64710261435394,0.5138840545202867,Warning
2026-01-07 19:00:00,7,31.010502993111462,32.660411399157056,35.173202135954746,31.130476847319244,33.60850907697388,21.058551826806905,51.64710261435394,0.4102828187922324,Warning
2026-01-07 20:00:00,7,28.041667805378687,31.010502993111462,32.091463731649235,30.961735350391304,31.470948927193618,21.058551826806905,51.64710261435394,0.3404017677170883,Safe
2026-01-07 21:00:00,7,25.673183854026227,28.041667805378687,28.192760777085073,30.856752978597186,28.18789627840441,21.058551826806905,51.64710261435394,0.23307231088004451,Safe
2026-01-07 22:00:00,7,23.630010035396044,25.673183854026227,27.256657676456832,30.70564266021965,26.31249709604162,21.058551826806905,51.64710261435394,0.17176181813791067,Safe
2026-01-07 23:00:00,7,21.66193184753091,23.630010035396044,24.7715296826657,30.576076083755698,24.120804779386894,21.058551826806905,51.64710261435394,0.10011107991803224,Safe
2026-01-08 00:00:00,7,21.43778361257786,21.66193184753091,24.00410138479118,30.469146176580143,22.566017483466396,21.058551826806905,51.64710261435394,0.04928202116692554,Safe
2026-01-08 01:00:00,7,21.925109731798127,21.43778361257786,20.027621451512626,30.54820818825871,21.058551826806905,21.058551826806905,51.64710261435394,0.0,Safe
2026-01-08 02:00:00,7,22.193950921982793,21.925109731798127,20.702462870639298,30.61035352373135,21.609387764880818,21.058551826806905,51.64710261435394,0.018007911649421886,Safe
2026-01-08 03:00:00,7,23.887259468483474,22.193950921982793,21.931346952729303,30.69184987855444,22.206292707920657,21.058551826806905,51.64710261435394,0.037521909800940965,Safe
2026-01-08 04:00:00,7,25.02120314821872,23.887259468483474,23.22009582478909,30.766896017030678,23.758998135988815,21.058551826806905,51.64710261435394,0.08828290819185802,Safe
2026-01-08 05:00:00,7,26.88698436773476,25.02120314821872,25.684366809648218,30.81700508195095,25.346544593559948,21.058551826806905,51.64710261435394,0.14018292845425703,Safe
2026-01-08 06:00:00,7,29.03901821166139,26.88698436773476,27.899804250803566,30.864472330320027,27.329502246817654,21.058551826806905,51.64710261435394,0.20500971943901336,Safe
2026-01-08 07:00:00,7,31.488623941506816,29.03901821166139,30.10986836883237,30.921920479181463,29.49857855986363,21.058551826806905,51.64710261435394,0.27592109596024617,Safe
2026-01-08 08:00:00,7,34.98439021682499,31.488623941506816,32.054933389044365,31.04398118033899,31.772392251867466,21.058551826806905,51.64710261435394,0.35025654367273096,Safe
2026-01-08 09:00:00,7,37.018663478848126,34.98439021682499,35.77242162767481,31.095907924137876,35.33944342097652,21.058551826806905,51.64710261435394,0.46687047145473354,Warning
2026-01-08 10:00:00,7,39.484789951083265,37.018663478848126,37.049171863545965,31.197392011118595,37.11192569174694,21.058551826806905,51.64710261435394,0.5248164076690794,Warning
2026-01-08 11:00:00,7,40.897450924932656,39.484789951083265,39.38879542285243,31.260252657038606,39.53155897693037,21.058551826806905,51.64710261435394,0.6039189850643418,Warning
2026-01-08 12:00:00,7,41.109059825951505,40.897450924932656,39.98800312766662,31.30696335280048,40.664107452756625,21.058551826806905,51.64710261435394,0.6409442252160292,Warning
2026-01-08 13:00:00,7,42.11059017948204,41.109059825951505,40.53832676175637,31.372474328539045,40.99130882314672,21.058551826806905,51.64710261435394,0.6516410824148489,Warning
2026-01-08 14:00:00,7,41.937144071158976,42.11059017948204,39.87738083338061,31.458297796779807,41.422826679584624,21.058551826806905,51.64710261435394,0.6657482509867714,Warning
2026-01-08 15:00:00,7,40.39204593007564,41.937144071158976,39.27240676995211,31.504949428451624,41.10198844164972,21.058551826806905,51.64710261435394,0.655259417119667,Warning
2026-01-08 16:00:00,7,39.048264886868324,40.39204593007564,38.18201911547484,31.541043002259688,39.71445573757231,21.058551826806905,51.64710261435394,0.6098982403724142,Warning
2026-01-08 17:00:00,7,37.51458201090074,39.048264886868324,35.44499125044265,31.627275950612113,37.89582206967938,21.058551826806905,51.64710261435394,0.5504435240941067,Warning
2026-01-08 18:00:00,7,34.78493043881896,37.51458201090074,32.660411399157056,31.71579757726469,35.93622992224763,21.058551826806905,51.64710261435394,0.4863805975115697,Warning
2026-01-08 19:00:00,7,32.0150804072016,34.78493043881896,31.010502993111462,31.75765496951844,33.5795030366381,21.058551826806905,51.64710261435394,0.40933455420823894,Warning
2026-01-08 20:00:00,7,29.642977116409547,32.0150804072016,28.041667805378687,31.824376190811392,30.745198566488387,21.058551826806905,51.64710261435394,0.31667555910983114,Safe
2026-01-08 21:00:00,7,26.97977498033451,29.642977116409547,25.673183854026227,31.878817487740907,28.377429331837426,21.058551826806905,51.64710261435394,0.239268519669183,Safe
2026-01-08 22:00:00,7,24.59811955001669,26.97977498033451,23.630010035396044,31.919155384183437,25.929804388742014,21.058551826806905,51.64710261435394,0.15925083984911811,Safe
2026-01-08 23:00:00,7,23.58900259235135,24.59811955001669,21.66193184753091,31.999449998550954,23.692735229210086,21.058551826806905,51.64710261435394,0.08611664326898891,Safe
2026-01-09 00:00:00,7,23.68835472955994,23.58900259235135,21.43778361257786,32.09322379509187,22.953459998513054,21.058551826806905,51.64710261435394,0.06194828002539135,Safe
2026-01-09 01:00:00,7,23.208052653562802,23.68835472955994,21.925109731798127,32.1466797501654,23.185401882413412,21.058551826806905,51.64710261435394,0.06953091700380444,Safe
2026-01-09 02:00:00,7,23.629021499681745,23.208052653562802,22.193950921982793,32.206474357569526,22.96199606288197,21.058551826806905,51.64710261435394,0.06222734078080737,Safe
2026-01-09 03:00:00,7,25.37819615038329,23.629021499681745,23.887259468483474,32.26859671931535,23.817661632396277,21.058551826806905,51.64710261435394,0.09020073342317037,Safe
2026-01-09 04:00:00,7,26.499646799798587,25.37819615038329,25.02120314821872,32.33019853813118,25.354093121295264,21.058551826806905,51.64710261435394,0.14042970469223473,Safe
2026-01-09 05:00:00,7,28.525929895035922,26.499646799798587,26.88698436773476,32.39848793510206,26.728703163461034,21.058551826806905,51.64710261435394,0.18536841417129513,Safe
2026-01-09 06:00:00,7,31.21623157653878,28.525929895035922,29.03901821166139,32.48920515863862,28.795358893539063,21.058551826806905,51.64710261435394,0.25293146012495776,Safe
2026-01-09 07:00:00,7,33.48372115597078,31.21623157653878,31.488623941506816,32.57233420924128,31.39981127642134,21.058551826806905,51.64710261435394,0.33807613781259443,Safe
2026-01-09 08:00:00,7,36.974452656178876,33.48372115597078,34.98439021682499,32.655253477547696,34.08451438301387,21.058551826806905,51.64710261435394,0.4258443697066426,Warning
2026-01-09 09:00:00,7,38.8057370761142,36.974452656178876,37.018663478848126,32.72971487743378,37.07245994569148,21.058551826806905,51.64710261435394,0.523526194705433,Warning
2026-01-09 10:00:00,7,41.642806028872656,38.8057370761142,39.484789951083265,32.81963221400834,39.11852312957706,21.058551826806905,51.64710261435394,0.5904160297684504,Warning
2026-01-09 11:00:00,7,43.07970418481869,41.642806028872656,40.897450924932656,32.910559433170256,41.464623127819415,21.058551826806905,51.64710261435394,0.6671146591948189,Warning
2026-01-09 12:00:00,7,44.00790516504611,43.07970418481869,41.109059825951505,33.03134465563253,42.4804949442084,21.058551826806905,51.64710261435394,0.7003255095627844,High Risk
2026-01-09 13:00:00,7,44.44010631414316,44.00790516504611,42.11059017948204,33.12840782791008,43.43256924002361,21.058551826806905,51.64710261435394,0.7314506933383303,High Risk
2026-01-09 14:00:00,7,43.859470281977956,44.44010631414316,41.937144071158976,33.20850475336087,43.65702449797593,21.058551826806905,51.64710261435394,0.7387885777701033,High Risk
2026-01-09 15:00:00,7,42.112481351723964,43.859470281977956,40.39204593007564,33.28018956259621,42.74721991038874,21.058551826806905,51.64710261435394,0.7090452740038368,High Risk
2026-01-09 16:00:00,7,41.67698178474511,42.112481351723964,39.048264886868324,33.38971943334108,41.14044173541616,21.058551826806905,51.64710261435394,0.6565165310240295,Warning
2026-01-09 17:00:00,7,39.42526353543142,41.67698178474511,37.51458201090074,33.46933116352986,40.32984040087485,21.058551826806905,51.64710261435394,0.6300163769738689,Warning
2026-01-09 18:00:00,7,36.61639318600477,39.42526353543142,34.78493043881896,33.545642111329265,37.91756796928078,21.058551826806905,51.64710261435394,0.5511544403791415,Warning
2026-01-09 19:00:00,7,33.11207293502179,36.61639318600477,32.0150804072016,33.591350133321775,35.1257118037847,21.058551826806905,51.64710261435394,0.4598831639588998,Warning
2026-01-09 20:00:00,7,31.414098589360776,33.11207293502179,29.642977116409547,33.665146861361414,32.01327770290949,21.058551826806905,51.64710261435394,0.3581315634747502,Safe
2026-01-09 21:00:00,7,28.708571539674686,31.414098589360776,26.97977498033451,33.737180051333915,29.987331164368257,21.058551826806905,51.64710261435394,0.2918993811663998,Safe
2026-01-09 22:00:00,7,25.987210017907326,28.708571539674686,24.59811955001669,33.79505882082936,27.39612629058199,21.058551826806905,51.64710261435394,0.20718779064117662,Safe
2026-01-09 23:00:00,7,25.098740186821075,25.987210017907326,23.58900259235135,33.85796455393227,25.26404679394959,21.058551826806905,51.64710261435394,0.13748591291120854,Safe
2026-01-10 00:00:00,7,24.079192714870963,25.098740186821075,23.68835472955994,33.87424946998689,24.714653933125092,21.058551826806905,51.64710261435394,0.1195251782991122,Safe
2026-01-10 01:00:00,7,22.57291816579186,24.079192714870963,23.208052653562802,33.84778553299643,23.88090395774553,21.058551826806905,51.64710261435394,0.09226824959028099,Safe
2026-01-10 02:00:00,7,23.34055010053492,22.57291816579186,23.629021499681745,33.83576589136532,23.035873075383122,21.058551826806905,51.64710261435394,0.06464252581520412,Safe
2026-01-10 03:00:00,7,25.363617049504928,23.34055010053492,25.37819615038329,33.83515842882872,24.138272498864968,21.058551826806905,51.64710261435394,0.1006821340692518,Safe
2026-01-10 04:00:00,7,26.454754509988188,25.363617049504928,26.499646799798587,33.833287916753285,25.850271181602658,21.058551826806905,51.64710261435394,0.1566507426725092,Safe
2026-01-10 05:00:00,7,28.780805568248198,26.454754509988188,28.525929895035922,33.84390773647046,27.259882242825967,21.058551826806905,51.64710261435394,0.2027337043966788,Safe
2026-01-10 06:00:00,7,31.620637914318813,28.780805568248198,31.21623157653878,33.860758000544635,29.707501516487223,21.058551826806905,51.64710261435394,0.2827511988717756,Safe
2026-01-10 07:00:00,7,33.447913346333465,31.620637914318813,33.48372115597078,33.85926600847641,32.34783857145028,21.058551826806905,51.64710261435394,0.36906901716214563,Safe
2026-01-10 08:00:00,7,36.50642535874814,33.447913346333465,36.974452656178876,33.83976487108347,34.741769665136154,21.058551826806905,51.64710261435394,0.4473313392986408,Warning
2026-01-10 09:00:00,7,40.02391141811515,36.50642535874814,38.8057370761142,33.890522135333505,37.37647582262576,21.058551826806905,51.64710261435394,0.5334650724609353,Warning
2026-01-10 10:00:00,7,41.320603001721594,40.02391141811515,41.642806028872656,33.87709700920221,40.65661172835421,21.058551826806905,51.64710261435394,0.6406991752229965,Warning
2026-01-10 11:00:00,7,43.29511390443564,41.320603001721594,43.07970418481869,33.88607241418625,41.99957326578057,21.058551826806905,51.64710261435394,0.6846032327525556,Warning
2026-01-10 12:00:00,7,44.75806159304615,43.29511390443564,44.00790516504611,33.917328932019586,43.613582004588075,21.058551826806905,51.64710261435394,0.7373683571042284,High Risk
2026-01-10 13:00:00,7,44.66933909881103,44.75806159304615,44.44010631414316,33.926880298047415,44.72201916709421,21.058551826806905,51.64710261435394,0.7736053509378952,High Risk
2026-01-10 14:00:00,7,44.629698212518235,44.66933909881103,43.859470281977956,33.95897312848659,44.465137067814254,21.058551826806905,51.64710261435394,0.765207369200671,High Risk
2026-01-10 15:00:00,7,43.247970692590734,44.629698212518235,42.112481351723964,34.00628518435604,43.8414926847444,21.058551826806905,51.64710261435394,0.7448192060930686,High Risk
2026-01-10 16:00:00,7,42.38073690158593,43.247970692590734,41.67698178474511,34.03560831422441,42.7852572907085,21.058551826806905,51.64710261435394,0.710288790878514,High Risk
2026-01-10 17:00:00,7,39.76777238911634,42.38073690158593,39.42526353543142,34.04987951646128,41.44554636951107,21.058551826806905,51.64710261435394,0.6664910023953456,Warning
2026-01-10 18:00:00,7,36.58787258124442,39.76777238911634,36.61639318600477,34.048691157929596,38.76897604366047,21.058551826806905,51.64710261435394,0.5789886471207079,Warning
2026-01-10 19:00:00,7,33.80755733467271,36.58787258124442,33.11207293502179,34.07766967458172,35.48224765649147,21.058551826806905,51.64710261435394,0.4715390231569126,Warning
2026-01-10 20:00:00,7,31.09832976406276,33.80755733467271,31.414098589360776,34.0645126401943,33.075811861562194,21.058551826806905,51.64710261435394,0.39286789770961494,Safe
2026-01-10 21:00:00,7,28.671462127071457,31.09832976406276,28.708571539674686,34.06296641466917,30.371386114254,21.058551826806905,51.64710261435394,0.3044548938481769,Safe
2026-01-10 22:00:00,7,26.155988953829336,28.671462127071457,25.987210017907326,34.06999887033259,27.84694445670078,21.058551826806905,51.64710261435394,0.22192592434720984,Safe
2026-01-10 23:00:00,7,24.460578086547685,26.155988953829336,25.098740186821075,34.043408782821196,25.891324996744068,21.058551826806905,51.64710261435394,0.15799287274216892,Safe
2026-01-11 00:00:00,7,27.562036656682846,24.460578086547685,24.079192714870963,34.18852728039669,24.42932846082138,21.058551826806905,51.64710261435394,0.11019732668045955,Safe
2026-01-11 01:00:00,7,26.756112182081562,27.562036656682846,22.57291816579186,34.362827031075426,25.9505106763028,21.058551826806905,51.64710261435394,0.15992776916910043,Safe
2026-01-11 02:00:00,7,27.239831938155096,26.756112182081562,23.34055010053492,34.525297107642935,25.683925402165606,21.058551826806905,51.64710261435394,0.15121257153605244,Safe
2026-01-11 03:00:00,7,28.378982223626025,27.239831938155096,25.363617049504928,34.65093732323131,26.693598783708417,21.058551826806905,51.64710261435394,0.184220782861502,Safe
2026-01-11 04:00:00,7,31.065231044848275,28.378982223626025,26.454754509988188,34.84304051218381,27.814837926916354,21.058551826806905,51.64710261435394,0.22087629865693784,Safe
2026-01-11 05:00:00,7,32.32774199301508,31.065231044848275,28.780805568248198,34.99082952988244,30.374363166469248,21.058551826806905,51.64710261435394,0.3045522195481945,Safe
2026-01-11 06:00:00,7,35.81285911883521,32.32774199301508,31.620637914318813,35.165505413403956,32.17480164500298,21.058551826806905,51.64710261435394,0.3634120992521664,Safe
2026-01-11 07:00:00,7,38.771432302358214,35.81285911883521,33.447913346333465,35.38731870323832,35.08825024607194,21.058551826806905,51.64710261435394,0.4586584718592885,Warning
2026-01-11 08:00:00,7,41.860251809666465,38.771432302358214,36.50642535874814,35.61039480535991,38.077149463546846,21.058551826806905,51.64710261435394,0.5563714737115607,Warning
2026-01-11 09:00:00,7,45.306607101331096,41.860251809666465,40.02391141811515,35.83050712549391,41.30857727501004,21.058551826806905,51.64710261435394,0.6620132129448233,Warning
2026-01-11 10:00:00,7,47.720597431417744,45.306607101331096,41.320603001721594,36.09717356006458,44.01507053965448,21.058551826806905,51.64710261435394,0.7504938080198177,High Risk
2026-01-11 11:00:00,7,49.718746999822365,47.720597431417744,43.29511390443564,36.36482493903903,46.2755716925941,21.058551826806905,51.64710261435394,0.8243940426121561,High Risk
2026-01-11 12:00:00,7,51.284372228863,49.718746999822365,44.75806159304615,36.63675454886474,48.088029765336245,21.058551826806905,51.64710261435394,0.8836468665225714,High Risk
2026-01-11 13:00:00,7,51.8254093626467,51.284372228863,44.66933909881103,36.93492414319122,49.0856869153064,21.058551826806905,51.64710261435394,0.9162622435727628,High Risk
2026-01-11 14:00:00,7,50.84056050844187,51.8254093626467,44.629698212518235,37.19371007218804,49.4273776699471,21.058551826806905,51.64710261435394,0.9274327872785884,High Risk
2026-01-11 15:00:00,7,49.25888208822745,50.84056050844187,43.247970692590734,37.4441647136729,48.30804862786584,21.058551826806905,51.64710261435394,0.8908397164507973,High Risk
2026-01-11 16:00:00,7,48.06484788980538,49.25888208822745,42.38073690158593,37.68100267151538,46.9728340969558,21.058551826806905,51.64710261435394,0.8471889238214575,High Risk
2026-01-11 17:00:00,7,45.20299151044328,48.06484788980538,39.76777238911634,37.907470134904,45.294965938899395,21.058551826806905,51.64710261435394,0.7923361092877703,High Risk
2026-01-11 18:00:00,7,41.791055738799066,45.20299151044328,36.58787258124442,38.124269433135446,42.32804735732843,21.058551826806905,51.64710261435394,0.6953416977125602,Warning
2026-01-11 19:00:00,7,38.48704935993919,41.791055738799066,33.80755733467271,38.31924826752155,39.136631485718624,21.058551826806905,51.64710261435394,0.5910080275938896,Warning
2026-01-11 20:00:00,7,35.82018204487147,38.48704935993919,31.09832976406276,38.515992112555246,36.040401207647776,21.058551826806905,51.64710261435394,0.4897861619895375,Warning
2026-01-11 21:00:00,7,32.273106271731585,35.82018204487147,28.671462127071457,38.66606061858275,33.45911442237969,21.058551826806905,51.64710261435394,0.4053988133109722,Warning
2026-01-11 22:00:00,7,30.04360758118983,32.273106271731585,26.155988953829336,38.828044728056106,30.269562110272776,21.058551826806905,51.64710261435394,0.3011260666226043,Safe
2026-01-11 23:00:00,7,28.080578762869138,30.04360758118983,24.460578086547685,38.9788780895695,28.225675759601227,21.058551826806905,51.64710261435394,0.23430739652447827,Safe
2026-01-12 00:00:00,7,26.893718327863844,28.080578762869138,27.562036656682846,38.95103149253537,27.997685481717532,21.058551826806905,51.64710261435394,0.22685394532916825,Safe
2026-01-12 01:00:00,7,25.831609307133935,26.893718327863844,26.756112182081562,38.91251053941256,26.94268589873852,21.058551826806905,51.64710261435394,0.19236393121190906,Safe
2026-01-12 02:00:00,7,26.988121577177562,25.831609307133935,27.239831938155096,38.902022607705156,26.41076527692355,21.058551826806905,51.64710261435394,0.17497439850341634,Safe
2026-01-12 03:00:00,7,28.54195426426788,26.988121577177562,28.378982223626025,38.90881310939857,27.559828885075255,21.058551826806905,51.64710261435394,0.2125395508562487,Safe
2026-01-12 04:00:00,7,30.230058572307577,28.54195426426788,31.065231044848275,38.87401425637604,29.499014229382414,21.058551826806905,51.64710261435394,0.2759353388548366,Safe
2026-01-12 05:00:00,7,32.554719954722856,30.230058572307577,32.32774199301508,38.8834716714472,31.03932693899243,21.058551826806905,51.64710261435394,0.32629119487274383,Safe
2026-01-12 06:00:00,7,36.23643087862638,32.554719954722856,35.81285911883521,38.901120494771824,33.75792681656007,21.058551826806905,51.64710261435394,0.41516757896734535,Warning
2026-01-12 07:00:00,7,38.55397269289373,36.23643087862638,38.771432302358214,38.89205967771081,37.18745923453789,21.058551826806905,51.64710261435394,0.527285747941073,Warning
2026-01-12 08:00:00,7,42.384789572796635,38.55397269289373,41.860251809666465,38.91391541784123,39.76581752865562,21.058551826806905,51.64710261435394,0.6115773584764697,Warning
2026-01-12 09:00:00,7,45.52205645641392,42.384789572796635,45.306607101331096,38.92289247430302,43.46011674956811,21.058551826806905,51.64710261435394,0.73235127567828,High Risk
2026-01-12 10:00:00,7,48.08043147194519,45.52205645641392,47.720597431417744,38.93788555932499,46.345868220443045,21.058551826806905,51.64710261435394,0.8266921745517519,High Risk
2026-01-12 11:00:00,7,50.95980474529321,48.08043147194519,49.718746999822365,38.98959629871961,48.70926042022374,21.058551826806905,51.64710261435394,0.9039561201022197,High Risk
2026-01-12 12:00:00,7,51.457143551607494,50.95980474529321,51.284372228863,38.99679510383397,51.13546444011109,21.058551826806905,51.64710261435394,0.9832735077555668,High Risk
2026-01-12 13:00:00,7,51.03373216264985,51.457143551607494,51.8254093626467,38.96380855383409,51.64710261435394,21.058551826806905,51.64710261435394,0.9999999673080305,High Risk
2026-01-12 14:00:00,7,50.8829377419948,51.03373216264985,50.84056050844187,38.9655742718988,51.03218546444724,21.058551826806905,51.64710261435394,0.9798971146402216,High Risk
2026-01-12 15:00:00,7,49.22305426100683,50.8829377419948,49.25888208822745,38.96408144576461,50.3921063481106,21.058551826806905,51.64710261435394,0.9589716677350425,High Risk
2026-01-12 16:00:00,7,47.16643001550006,49.22305426100683,48.06484788980538,38.92664736766856,48.89374851168528,21.058551826806905,51.64710261435394,0.9099873991488023,High Risk
2026-01-12 17:00:00,7,45.04413188896157,47.16643001550006,45.20299151044328,38.92002821677348,46.56435200408269,21.058551826806905,51.64710261435394,0.8338348397278325,High Risk
2026-01-12 18:00:00,7,42.0727154354375,45.04413188896157,41.791055738799066,38.93176403746675,44.00366029906185,21.058551826806905,51.64710261435394,0.7501207847831545,High Risk
2026-01-12 19:00:00,7,38.50981910121165,42.0727154354375,38.48704935993919,38.93271277668644,40.92234852172353,21.058551826806905,51.64710261435394,0.6493866343487177,Warning
2026-01-12 20:00:00,7,36.64144323914521,38.50981910121165,35.82018204487147,38.96693199311451,37.670618840302694,21.058551826806905,51.64710261435394,0.5430811870033926,Warning
2026-01-12 21:00:00,7,33.145848198486256,36.64144323914521,32.273106271731585,39.003296240062625,35.2304262947124,21.058551826806905,51.64710261435394,0.46330648689536963,Warning
2026-01-12 22:00:00,7,29.813612949270635,33.145848198486256,30.04360758118983,38.99371313039932,32.17250391849109,21.058551826806905,51.64710261435394,0.3633369820472771,Safe
2026-01-12 23:00:00,7,27.906377806925093,29.813612949270635,28.080578762869138,38.98645475723499,29.313000360905818,21.058551826806905,51.64710261435394,0.2698541791527181,Safe
2026-01-13 00:00:00,7,27.956164207757425,27.906377806925093,26.893718327863844,39.030723335563884,27.654682587476543,21.058551826806905,51.64710261435394,0.21564050519563993,Safe
2026-01-13 01:00:00,7,26.907891626547165,27.956164207757425,25.831609307133935,39.075568432206104,27.324043167248057,21.058551826806905,51.64710261435394,0.2048312513765986,Safe
2026-01-13 02:00:00,7,26.910331003729645,26.907891626547165,26.988121577177562,39.07232715831244,27.031358787469337,21.058551826806905,51.64710261435394,0.19526282257972188,Safe
2026-01-13 03:00:00,7,29.04798097002672,26.910331003729645,28.54195426426788,39.09341160438573,27.56450070650104,21.058551826806905,51.64710261435394,0.21269228189949102,Safe
2026-01-13 04:00:00,7,30.392858830601718,29.04798097002672,30.230058572307577,39.10019494848131,29.545578670744717,21.058551826806905,51.64710261435394,0.27745762214845954,Safe
2026-01-13 05:00:00,7,32.724106656290296,30.392858830601718,32.554719954722856,39.107252727713295,31.223868839064195,21.058551826806905,51.64710261435394,0.33232423302876707,Safe
2026-01-13 06:00:00,7,35.99161751859864,32.724106656290296,36.23643087862638,39.09705217104547,34.01404490445588,21.058551826806905,51.64710261435394,0.42354058366775343,Warning
2026-01-13 07:00:00,7,39.44464603654896,35.99161751859864,38.55397269289373,39.134163560364435,36.95232265258639,21.058551826806905,51.64710261435394,0.5195986699916283,Warning
2026-01-13 08:00:00,7,41.77790350445372,39.44464603654896,42.384789572796635,39.10887664085015,40.53007955024097,21.058551826806905,51.64710261435394,0.6365625891239858,Warning
2026-01-13 09:00:00,7,44.44593512169481,41.77790350445372,45.52205645641392,39.06403825190352,43.135329962114895,21.058551826806905,51.64710261435394,0.7217333559510232,High Risk
2026-01-13 10:00:00,7,48.50791483113172,44.44593512169481,48.08043147194519,39.0818500585363,45.762367718201055,21.058551826806905,51.64710261435394,0.8076163939690459,High Risk
2026-01-13 11:00:00,7,49.12298001208242,48.50791483113172,50.95980474529321,39.00531569465251,49.414496053007284,21.058551826806905,51.64710261435394,0.9270116618513604,High Risk
2026-01-13 12:00:00,7,51.25074906926582,49.12298001208242,51.457143551607494,38.99671592455494,49.988486258824125,21.058551826806905,51.64710261435394,0.9457765321140487,High Risk
2026-01-13 13:00:00,7,51.882660788135986,51.25074906926582,51.03373216264985,39.03208795061686,51.24076206999838,21.058551826806905,51.64710261435394,0.9867158946530779,High Risk
2026-01-13 14:00:00,7,51.13626644451321,51.882660788135986,50.8829377419948,39.042643313221795,51.60409836162399,21.058551826806905,51.64710261435394,0.9985940735923478,High Risk
2026-01-13 15:00:00,7,49.909824424249486,51.13626644451321,49.22305426100683,39.07125873669024,50.54618880308611,21.058551826806905,51.64710261435394,0.9640089266430709,High Risk
2026-01-13 16:00:00,7,47.19146374405106,49.909824424249486,47.16643001550006,39.0723018087132,49.037356002581255,21.058551826806905,51.64710261435394,0.9146822108513438,High Risk
2026-01-13 17:00:00,7,45.4797913290533,47.19146374405106,45.04413188896157,39.090454285383686,46.526446218010754,21.058551826806905,51.64710261435394,0.8325956249282822,High Risk
2026-01-13 18:00:00,7,42.456531165808265,45.4797913290533,42.0727154354375,39.10644660748247,44.386070401366744,21.058551826806905,51.64710261435394,0.7626225241580986,High Risk
2026-01-13 19:00:00,7,39.554115182055824,42.456531165808265,38.50981910121165,39.14995894418431,41.182155517273685,21.058551826806905,51.64710261435394,0.6578802367053983,Warning
2026-01-13 20:00:00,7,35.474808702883,39.554115182055824,36.64144323914521,39.10134917184005,38.637255455019506,21.058551826806905,51.64710261435394,0.5746824416633252,Warning
2026-01-13 21:00:00,7,32.792430487898265,35.474808702883,33.145848198486256,39.086623433898886,34.7629509940537,21.058551826806905,51.64710261435394,0.4480237986561372,Warning
2026-01-13 22:00:00,7,30.330088690151044,32.792430487898265,29.813612949270635,39.10814325643557,31.861768442195267,21.058551826806905,51.64710261435394,0.3531784273548537,Safe
2026-01-13 23:00:00,7,28.395818732190236,30.330088690151044,27.906377806925093,39.12853662832162,29.592533069741894,21.058551826806905,51.64710261435394,0.2789926539251614,Safe
2026-01-14 00:00:00,7,26.56200309303966,28.395818732190236,27.956164207757425,39.07044658187504,28.339500140330074,21.058551826806905,51.64710261435394,0.23802853969985363,Safe
2026-01-14 01:00:00,7,25.484488013456243,26.56200309303966,26.907891626547165,39.01113809799625,26.776799050636345,21.058551826806905,51.64710261435394,0.18694076344462332,Safe
2026-01-14 02:00:00,7,26.731727494873684,25.484488013456243,26.910331003729645,39.003696285127255,26.070124657579754,21.058551826806905,51.64710261435394,0.1638381857886165,Safe
2026-01-14 03:00:00,7,27.50481448388691,26.731727494873684,29.04798097002672,38.93939768153809,27.620330856651588,21.058551826806905,51.64710261435394,0.21451747946158278,Safe
2026-01-14 04:00:00,7,30.235449073618756,27.50481448388691,30.392858830601718,38.93283894166381,28.588008956261497,21.058551826806905,51.64710261435394,0.2461527823138042,Safe
2026-01-14 05:00:00,7,32.701127364141165,30.235449073618756,32.724106656290296,38.93188147115759,31.178456132052993,21.058551826806905,51.64710261435394,0.3308396021993438,Safe
2026-01-14 06:00:00,7,35.33344091057786,32.701127364141165,35.99161751859864,38.9044574458234,33.9152098761371,21.058551826806905,51.64710261435394,0.42030947194316964,Warning
2026-01-14 07:00:00,7,38.570013325386526,35.33344091057786,39.44464603654896,38.86801441619162,36.8248407462325,21.058551826806905,51.64710261435394,0.5154310354060058,Warning
2026-01-14 08:00:00,7,42.037883042474846,38.570013325386526,41.77790350445372,38.8788468969425,39.74818001439803,21.058551826806905,51.64710261435394,0.6110007533995087,Warning
2026-01-14 09:00:00,7,44.41722500974495,42.037883042474846,44.44593512169481,38.87765064227793,42.93791240829518,21.058551826806905,51.64710261435394,0.7152793873162582,High Risk
2026-01-14 10:00:00,7,46.755041032549215,44.41722500974495,48.50791483113172,38.80461423400366,45.88975124004355,21.058551826806905,51.64710261435394,0.8117808121712294,High Risk
2026-01-14 11:00:00,7,49.38514782371912,46.755041032549215,49.12298001208242,38.81553789282185,47.63519179845699,21.058551826806905,51.64710261435394,0.8688427015518188,High Risk
2026-01-14 12:00:00,7,51.049514729297805,49.38514782371912,51.25074906926582,38.807153128656516,50.09002457274093,21.058551826806905,51.64710261435394,0.9490960195687683,High Risk
2026-01-14 13:00:00,7,51.227571836757676,51.049514729297805,51.882660788135986,38.77985775568242,51.399033571122175,21.058551826806905,51.64710261435394,0.9918901017297341,High Risk
2026-01-14 14:00:00,7,51.236232739870694,51.227571836757676,51.13626644451321,38.784023017988986,51.26061889542693,21.058551826806905,51.64710261435394,0.9873650533829995,High Risk
2026-01-14 15:00:00,7,49.97925224347426,51.236232739870694,49.909824424249486,38.78691584379001,50.84676042483008,21.058551826806905,51.64710261435394,0.9738352049131763,High Risk
2026-01-14 16:00:00,7,48.573774202937635,49.97925224347426,47.19146374405106,38.84451211291029,49.091506731842095,21.058551826806905,51.64710261435394,0.9164525048370462,High Risk
2026-01-14 17:00:00,7,44.60473262223369,48.573774202937635,45.4797913290533,38.80805133345947,47.58311906642938,21.058551826806905,51.64710261435394,0.8671403413881446,High Risk
2026-01-14 18:00:00,7,41.98939723982792,44.60473262223369,42.456531165808265,38.78858741987696,43.94279368131918,21.058551826806905,51.64710261435394,0.7481309351764971,High Risk
2026-01-14 19:00:00,7,39.481478891402354,41.98939723982792,39.554115182055824,38.785560907766396,41.23266621661024,21.058551826806905,51.64710261435394,0.6595315309440853,Warning
2026-01-14 20:00:00,7,36.18109506573219,39.481478891402354,35.474808702883,38.814989506218446,38.190475447573974,21.058551826806905,51.64710261435394,0.5600763233171987,Warning
2026-01-14 21:00:00,7,32.70510016561848,36.18109506573219,32.792430487898265,38.81135074279012,35.10580849569702,21.058551826806905,51.64710261435394,0.45923248561930674,Warning
2026-01-14 22:00:00,7,30.333063220537078,32.70510016561848,30.330088690151044,38.811474681556206,31.981104062567887,21.058551826806905,51.64710261435394,0.35707974380819435,Safe
2026-01-14 23:00:00,7,27.939276729381,30.333063220537078,28.395818732190236,38.79245209810582,29.761915742156877,21.058551826806905,51.64710261435394,0.2845301070740202,Safe
2026-01-02 00:00:00,8,23.759140007405083,24.471494017846844,23.645309862067723,34.87946329348824,24.288071914342815,17.558104120537397,50.04367233654966,0.20716791967087314,Safe
2026-01-02 01:00:00,8,22.808775343458308,23.759140007405083,22.55830149110579,34.88989970400293,23.448484633942662,17.558104120537397,50.04367233654966,0.18132298911671443,Safe
2026-01-02 02:00:00,8,23.573773005037147,22.808775343458308,23.195667295678188,34.90565410855955,23.042496394741143,17.558104120537397,50.04367233654966,0.16882549410587108,Safe
2026-01-02 03:00:00,8,24.290372462377878,23.573773005037147,25.699710591485978,34.84693168651338,24.401394072686045,17.558104120537397,50.04367233654966,0.21065630423910084,Safe
2026-01-02 04:00:00,8,26.508886449875718,24.290372462377878,26.492405740396407,34.847618382741686,25.143089327699805,17.558104120537397,50.04367233654966,0.233487834451235,Safe
2026-01-02 05:00:00,8,29.91259412365225,26.508886449875718,29.51518391396251,34.86417714147876,27.633833168817354,17.558104120537397,50.04367233654966,0.3101601508436426,Safe
2026-01-02 06:00:00,8,32.36862711504053,29.91259412365225,30.62451510775076,34.93684847511584,30.248230655986845,17.558104120537397,50.04367233654966,0.39063888494816446,Safe
2026-01-02 07:00:00,8,35.10543695022572,32.36862711504053,35.25214034200445,34.93073583379172,33.44392358253302,17.558104120537397,50.04367233654966,0.4890115779213571,Warning
2026-01-02 08:00:00,8,37.592463237733966,35.10543695022572,37.77678099728182,34.9230559271439,36.10458195107447,17.558104120537397,50.04367233654966,0.5709143560703084,Warning
2026-01-02 09:00:00,8,40.76844874762254,37.592463237733966,40.51883338201029,34.93345656737774,38.67560247276908,17.558104120537397,50.04367233654966,0.6500578214225282,Warning
2026-01-02 10:00:00,8,43.4701037919155,40.76844874762254,42.55787346269893,34.97146616442843,41.45851282702269,17.558104120537397,50.04367233654966,0.7357238701147549,High Risk
2026-01-02 11:00:00,8,45.393565918640626,43.4701037919155,45.2359370948846,34.97803403208493,44.14857158979255,17.558104120537397,50.04367233654966,0.8185316776332985,High Risk
2026-01-02 12:00:00,8,46.547534384208646,45.393565918640626,45.97241238923827,35.00199744854203,45.66347495872171,17.558104120537397,50.04367233654966,0.8651647952140873,High Risk
2026-01-02 13:00:00,8,46.37987772209666,46.547534384208646,46.53960605525112,34.99534210132726,46.61521147403007,17.558104120537397,50.04367233654966,0.8944620043526991,High Risk
2026-01-02 14:00:00,8,46.7536514346919,46.37987772209666,45.852831043307866,35.032876284301594,46.270191915944565,17.558104120537397,50.04367233654966,0.8838413021020689,High Risk
2026-01-02 15:00:00,8,44.98875289996249,46.7536514346919,45.61213075418077,35.0069022070425,46.433276511997505,17.558104120537397,50.04367233654966,0.8888615187702305,High Risk
2026-01-02 16:00:00,8,43.45864246031627,44.98875289996249,42.98362378399658,35.02669465188915,44.37525541335562,17.558104120537397,50.04367233654966,0.8255096629059508,High Risk
2026-01-02 17:00:00,8,40.615268151883086,43.45864246031627,40.60163182540858,35.02726283215892,42.55572755927277,17.558104120537397,50.04367233654966,0.7694993205294967,High Risk
2026-01-02 18:00:00,8,37.33213528909108,40.615268151883086,37.43513881549809,35.02297101855863,39.60553076076582,17.558104120537397,50.04367233654966,0.678683710099842,Warning
2026-01-02 19:00:00,8,34.7975627507976,37.33213528909108,35.53783909785415,34.99212617076461,36.800753224924435,17.558104120537397,50.04367233654966,0.5923445261627819,Warning
2026-01-02 20:00:00,8,32.37456294949601,34.7975627507976,32.37982335398884,34.99190698724407,34.05621917117794,17.558104120537397,50.04367233654966,0.5078598112576264,Warning
2026-01-02 21:00:00,8,28.41556639108773,32.37456294949601,29.65983206584912,34.940062584129016,31.534785913297632,17.558104120537397,50.04367233654966,0.4302427856449895,Warning
2026-01-02 22:00:00,8,26.401315932804742,28.41556639108773,26.874266414632785,34.920356314052846,27.982367526393887,17.558104120537397,50.04367233654966,0.32088904881242863,Safe
2026-01-02 23:00:00,8,24.967544058725622,26.401315932804742,24.471494017846844,34.94102506575613,25.837839096125656,17.558104120537397,50.04367233654966,0.2548742464856409,Safe
2026-01-03 00:00:00,8,24.107123474183968,24.967544058725622,23.759140007405083,34.955524376871914,24.65272349871246,17.558104120537397,50.04367233654966,0.21839295260610975,Safe
2026-01-03 01:00:00,8,22.67218039761747,24.107123474183968,22.808775343458308,34.94983292079522,23.762657521980618,17.558104120537397,50.04367233654966,0.19099414143511365,Safe
2026-01-03 02:00:00,8,23.065121355607886,22.67218039761747,23.573773005037147,34.92863910206899,23.08215021806815,17.558104120537397,50.04367233654966,0.17004615374902926,Safe
2026-01-03 03:00:00,8,24.965636707001615,23.065121355607886,24.290372462377878,34.95677511226165,23.58529649471339,17.558104120537397,50.04367233654966,0.18553445482510325,Safe
2026-01-03 04:00:00,8,26.678003236575517,24.965636707001615,26.508886449875718,34.96382164504081,25.59211341576946,17.558104120537397,50.04367233654966,0.247310097656287,Safe
2026-01-03 05:00:00,8,29.184621608085216,26.678003236575517,29.91259412365225,34.93348945689218,27.88082459839198,17.558104120537397,50.04367233654966,0.3177632631034974,Safe
2026-01-03 06:00:00,8,31.607686156291877,29.184621608085216,32.36862711504053,34.901783583610985,30.366867054314657,17.558104120537397,50.04367233654966,0.39429085722973173,Safe
2026-01-03 07:00:00,8,35.74429371878608,31.607686156291877,35.10543695022572,34.92840261563433,32.894096169646915,17.558104120537397,50.04367233654966,0.47208629613762,Warning
2026-01-03 08:00:00,8,37.1088935224489,35.74429371878608,37.592463237733966,34.908253877497465,36.46101066863124,17.558104120537397,50.04367233654966,0.5818862653259751,Warning
2026-01-03 09:00:00,8,40.8391598536664,37.1088935224489,40.76844874762254,34.91120017358262,38.443474250190796,17.558104120537397,50.04367233654966,0.6429122417642267,Warning
2026-01-03 10:00:00,8,43.5257881883361,40.8391598536664,43.4701037919155,34.91352035676682,41.817001308170845,17.558104120537397,50.04367233654966,0.7467591848652645,High Risk
2026-01-03 11:00:00,8,44.64301913324438,43.5257881883361,45.393565918640626,34.88224757404197,44.239056794930335,17.558104120537397,50.04367233654966,0.8213170745748174,High Risk
2026-01-03 12:00:00,8,46.273176803897634,44.64301913324438,46.547534384208646,34.87081600819568,45.36739688247192,17.558104120537397,50.04367233654966,0.8560506536615408,High Risk
2026-01-03 13:00:00,8,45.93505981681658,46.273176803897634,46.37987772209666,34.852281928809006,46.380424720211344,17.558104120537397,50.04367233654966,0.8872345873954184,High Risk
2026-01-03 14:00:00,8,45.809597320351585,45.93505981681658,46.7536514346919,34.81294634071149,46.2862749368626,17.558104120537397,50.04367233654966,0.8843363841125176,High Risk
2026-01-03 15:00:00,8,45.520917507626606,45.809597320351585,44.98875289996249,34.83511986603083,45.6001525155871,17.558104120537397,50.04367233654966,0.8632155468351056,High Risk
2026-01-03 16:00:00,8,43.06642061029803,45.520917507626606,43.45864246031627,34.81877728894674,44.88717680049438,17.558104120537397,50.04367233654966,0.8412680873231051,High Risk
2026-01-03 17:00:00,8,40.82569431359173,43.06642061029803,40.615268151883086,34.8275450456846,42.30285491572653,17.558104120537397,50.04367233654966,0.7617151674532563,High Risk
2026-01-03 18:00:00,8,37.613169863692264,40.82569431359173,37.33213528909108,34.83925481962632,39.70846322715597,17.558104120537397,50.04367233654966,0.6818522698288004,Warning
2026-01-03 19:00:00,8,34.78713273606694,37.613169863692264,34.7975627507976,34.83882023567921,36.73204760952316,17.558104120537397,50.04367233654966,0.5902295681349751,Warning
2026-01-03 20:00:00,8,32.27683011970934,34.78713273606694,32.37456294949601,34.83474803443809,34.0475712064087,17.558104120537397,50.04367233654966,0.5075936018305499,Warning
2026-01-03 21:00:00,8,29.148277834573086,32.27683011970934,28.41556639108773,34.865277677916644,31.044970912837,17.558104120537397,50.04367233654966,0.41516485989883395,Warning
2026-01-03 22:00:00,8,26.422995516896034,29.148277834573086,26.401315932804742,34.86618099392046,28.301685878102724,17.558104120537397,50.04367233654966,0.33071859341992915,Safe
2026-01-03 23:00:00,8,25.002337963283356,26.422995516896034,24.967544058725622,34.86763073994369,26.021764591141114,17.558104120537397,50.04367233654966,0.26053600644411506,Safe
2026-01-04 00:00:00,8,24.453483068705214,25.002337963283356,24.107123474183968,34.88206238971541,24.794608907598032,17.558104120537397,50.04367233654966,0.22276059683429322,Safe
2026-01-04 01:00:00,8,22.66973817072248,24.453483068705214,22.67218039761747,34.88196063026145,23.94335438925635,17.558104120537397,50.04367233654966,0.19655651487158296,Safe
2026-01-04 02:00:00,8,24.217774004027508,22.66973817072248,23.065121355607886,34.9299878239456,22.90654539458047,17.558104120537397,50.04367233654966,0.16464052818279706,Safe
2026-01-04 03:00:00,8,24.719077679495356,24.217774004027508,24.965636707001615,34.91971453113285,24.573138168211983,17.558104120537397,50.04367233654966,0.21594308540596074,Safe
2026-01-04 04:00:00,8,26.227161568114962,24.719077679495356,26.678003236575517,34.90092946161366,25.488071933313613,17.558104120537397,50.04367233654966,0.24410739919765675,Safe
2026-01-04 05:00:00,8,28.98018093615742,26.227161568114962,29.184621608085216,34.892411100283326,27.335769512441804,17.558104120537397,50.04367233654966,0.3009848873783919,Safe
2026-01-04 06:00:00,8,31.977699081701896,28.98018093615742,31.607686156291877,34.907828305508744,29.97232375896347,17.558104120537397,50.04367233654966,0.3821456707708558,Safe
2026-01-04 07:00:00,8,35.21802356324075,31.977699081701896,35.74429371878608,34.88590038236102,33.35559316027238,17.558104120537397,50.04367233654966,0.48629251144376856,Warning
2026-01-04 08:00:00,8,38.377672438547776,35.21802356324075,37.1088935224489,34.938766170531814,35.95003447939432,17.558104120537397,50.04367233654966,0.5661569368404807,Warning
2026-01-04 09:00:00,8,40.67690440317423,38.377672438547776,40.8391598536664,34.9320055267613,39.30075824823554,17.558104120537397,50.04367233654966,0.6693019285923764,Warning
2026-01-04 10:00:00,8,42.921115526749986,40.67690440317423,43.5257881883361,34.90681083252854,41.729511204276115,17.558104120537397,50.04367233654966,0.7440659858231616,High Risk
2026-01-04 11:00:00,8,45.41186415117417,42.921115526749986,44.64301913324438,34.938846041608954,43.58527221930155,17.558104120537397,50.04367233654966,0.8011916899376742,High Risk
2026-01-04 12:00:00,8,46.514253384140815,45.41186415117417,46.273176803897634,34.948890899119085,45.77837626993543,17.558104120537397,50.04367233654966,0.8687017906858208,High Risk
2026-01-04 13:00:00,8,46.43236110668325,46.514253384140815,45.93505981681658,34.96961178619687,46.38655361903223,17.558104120537397,50.04367233654966,0.8874232526695323,High Risk
2026-01-04 14:00:00,8,46.523485936731895,46.43236110668325,45.809597320351585,34.99935714521271,46.28986357912565,17.558104120537397,50.04367233654966,0.8844468529252754,High Risk
2026-01-04 15:00:00,8,44.80038656252368,46.523485936731895,45.520917507626606,34.9693350225001,46.25094465670573,17.558104120537397,50.04367233654966,0.8832488156626024,High Risk
2026-01-04 16:00:00,8,43.84791676975777,44.80038656252368,43.06642061029803,35.00189736247758,44.27989530828651,17.558104120537397,50.04367233654966,0.8225742024116308,High Risk
2026-01-04 17:00:00,8,40.62996095514691,43.84791676975777,40.82569431359173,34.99374180587571,42.88797760583577,17.558104120537397,50.04367233654966,0.7797269401951307,High Risk
2026-01-04 18:00:00,8,37.909304207603746,40.62996095514691,37.613169863692264,35.00608073687202,39.67607967178325,17.558104120537397,50.04367233654966,0.6808554101106473,Warning
2026-01-04 19:00:00,8,35.5293406451778,37.909304207603746,34.78713273606694,35.03700606641831,36.92292491092836,17.558104120537397,50.04367233654966,0.5961053248482395,Warning
2026-01-04 20:00:00,8,32.31796413357643,35.5293406451778,32.27683011970934,35.038719983662766,34.501480735684275,17.558104120537397,50.04367233654966,0.5215662530793956,Warning
2026-01-04 21:00:00,8,29.270982006145132,32.31796413357643,29.148277834573086,35.043832657478276,31.32262832236586,17.558104120537397,50.04367233654966,0.4237119599260053,Warning
2026-01-04 22:00:00,8,26.466952381335517,29.270982006145132,26.422995516896034,35.045664193496584,28.389671079713267,17.558104120537397,50.04367233654966,0.3334270330050719,Safe
2026-01-04 23:00:00,8,24.33965682699668,26.466952381335517,25.002337963283356,35.01805247948464,26.06252959001342,17.558104120537397,50.04367233654966,0.26179087129198764,Safe
2026-01-05 00:00:00,8,24.27933846370925,24.33965682699668,24.453483068705214,35.01079645427647,24.477968638474255,17.558104120537397,50.04367233654966,0.213013491372841,Safe
2026-01-05 01:00:00,8,23.567263868427595,24.27933846370925,22.66973817072248,35.048193358347525,23.82817358254323,17.558104120537397,50.04367233654966,0.19301091571808723,Safe
2026-01-05 02:00:00,8,23.126025866233086,23.567263868427595,24.217774004027508,35.00270385260609,23.89017435675592,17.558104120537397,50.04367233654966,0.19491947929597678,Safe
2026-01-05 03:00:00,8,24.824467547754054,23.126025866233086,24.719077679495356,35.00709509711687,23.771939991353534,17.558104120537397,50.04367233654966,0.19127988275339539,Safe
2026-01-05 04:00:00,8,26.53798258051969,24.824467547754054,26.227161568114962,35.02004597263373,25.40304673904512,17.558104120537397,50.04367233654966,0.24149007721991583,Safe
2026-01-05 05:00:00,8,28.89573722256334,26.53798258051969,28.98018093615742,35.01652748456731,27.469922446572134,17.558104120537397,50.04367233654966,0.30511450361624454,Safe
2026-01-05 06:00:00,8,31.744129098747635,28.89573722256334,31.977699081701896,35.00679540194422,30.043452278388983,17.558104120537397,50.04367233654966,0.3843352128088157,Safe
2026-01-05 07:00:00,8,34.619370316971924,31.744129098747635,35.21802356324075,34.981851516683015,33.02220018253946,17.558104120537397,50.04367233654966,0.476029709043231,Warning
2026-01-05 08:00:00,8,37.988004879190086,34.619370316971924,38.377672438547776,34.96561536837644,35.99097989849735,17.558104120537397,50.04367233654966,0.5674173555461148,Warning
2026-01-05 09:00:00,8,40.37694549344385,37.988004879190086,40.67690440317423,34.95311708047101,38.98939314395042,17.558104120537397,50.04367233654966,0.6597172079979888,Warning
2026-01-05 10:00:00,8,43.15207506501507,40.37694549344385,42.921115526749986,34.962740394565394,41.325706302290314,17.558104120537397,50.04367233654966,0.7316357002615725,High Risk
2026-01-05 11:00:00,8,44.405438315703336,43.15207506501507,45.41186415117417,34.920805984754104,43.99993195555215,17.558104120537397,50.04367233654966,0.8139561187673902,High Risk
2026-01-05 12:00:00,8,46.025308784862055,44.405438315703336,46.514253384140815,34.900433293117494,45.20001369598406,17.558104120537397,50.04367233654966,0.8508981139176671,High Risk
2026-01-05 13:00:00,8,46.36275161354073,46.025308784862055,46.43236110668325,34.89753289756988,46.23562540100569,17.558104120537397,50.04367233654966,0.88277724455981,High Risk
2026-01-05 14:00:00,8,46.34584006985559,46.36275161354073,46.523485936731895,34.89013098645004,46.4883665465514,17.558104120537397,50.04367233654966,0.8905573497463655,High Risk
2026-01-05 15:00:00,8,44.770170490983375,46.34584006985559,44.80038656252368,34.888871983469194,45.88781873061214,17.558104120537397,50.04367233654966,0.8720707469121678,High Risk
2026-01-05 16:00:00,8,42.78607945043218,44.770170490983375,43.84791676975777,34.84462876183063,44.527391862620476,17.558104120537397,50.04367233654966,0.8301928638759948,High Risk
2026-01-05 17:00:00,8,41.27860705033267,42.78607945043218,40.62996095514691,34.87165568246337,42.12380583034198,17.558104120537397,50.04367233654966,0.7562035175205134,High Risk
2026-01-05 18:00:00,8,37.88266047880049,41.27860705033267,37.909304207603746,34.87054552709657,40.203290810056814,17.558104120537397,50.04367233654966,0.6970844973945389,Warning
2026-01-05 19:00:00,8,34.72317758399709,37.88266047880049,35.5293406451778,34.83695539954737,37.15932725293088,17.558104120537397,50.04367233654966,0.6033824742935999,Warning
2026-01-05 20:00:00,8,32.561918977986245,34.72317758399709,32.31796413357643,34.84712018473111,33.986216004799175,17.558104120537397,50.04367233654966,0.5057049108489777,Warning
2026-01-05 21:00:00,8,28.720321335565234,32.561918977986245,29.270982006145132,34.824175990123614,31.524786941212668,17.558104120537397,50.04367233654966,0.4299349882960043,Warning
2026-01-05 22:00:00,8,26.824404529126735,28.720321335565234,26.466952381335517,34.83906982961492,28.04313782351001,17.558104120537397,50.04367233654966,0.32275973473798625,Safe
2026-01-05 23:00:00,8,24.796223507376414,26.824404529126735,24.33965682699668,34.858093441297406,26.07054466186519,17.558104120537397,50.04367233654966,0.2620375984402322,Safe
2026-01-06 00:00:00,8,23.451979784489314,24.796223507376414,24.27933846370925,34.823620162996576,24.718183642026624,17.558104120537397,50.04367233654966,0.2204080055940653,Safe
2026-01-06 01:00:00,8,29.140063359308833,23.451979784489314,23.567263868427595,35.05582014178329,23.591948847378397,17.558104120537397,50.04367233654966,0.18573923352609423,Safe
2026-01-06 02:00:00,8,30.42153487405767,29.140063359308833,23.126025866233086,35.35979968377598,27.175870161069465,17.558104120537397,50.04367233654966,0.29606272177590265,Safe
2026-01-06 03:00:00,8,31.100011409790895,30.42153487405767,24.824467547754054,35.62128067802752,28.598307694635565,17.558104120537397,50.04367233654966,0.339849472874756,Safe
2026-01-06 04:00:00,8,31.8174608139696,31.100011409790895,26.53798258051969,35.841258937754596,29.629968092624274,17.558104120537397,50.04367233654966,0.3716069708311162,Safe
2026-01-06 05:00:00,8,34.25686083016141,31.8174608139696,28.89573722256334,36.06463908807118,30.907602131056297,17.558104120537397,50.04367233654966,0.4109362505471777,Warning
2026-01-06 06:00:00,8,32.33465201059151,34.25686083016141,31.744129098747635,36.08924420939801,33.48372765514499,17.558104120537397,50.04367233654966,0.49023686267309696,Warning
2026-01-06 07:00:00,8,34.3410818782871,32.33465201059151,34.619370316971924,36.077648857786144,33.20515508483054,17.558104120537397,50.04367233654966,0.48166159134378494,Warning
2026-01-06 08:00:00,8,38.05000097430091,34.3410818782871,37.988004879190086,36.080232028415764,35.674953730896796,17.558104120537397,50.04367233654966,0.5576891539099008,Warning
2026-01-06 09:00:00,8,40.90933484072484,38.05000097430091,40.37694549344385,36.1024149178858,38.927489566685054,17.558104120537397,50.04367233654966,0.6578116364239234,Warning
2026-01-06 10:00:00,8,42.84237561248419,40.90933484072484,43.15207506501507,36.08951077403035,41.75428670346646,17.558104120537397,50.04367233654966,0.7448286475153612,High Risk
2026-01-06 11:00:00,8,44.151593729944786,42.84237561248419,44.405438315703336,36.07893391629041,43.45229825352286,17.558104120537397,50.04367233654966,0.7970983657636547,High Risk
2026-01-06 12:00:00,8,46.098953580613305,44.151593729944786,46.025308784862055,36.08200244944671,44.86607662860643,17.558104120537397,50.04367233654966,0.8406185628604846,High Risk
2026-01-06 13:00:00,8,46.30656726623145,46.098953580613305,46.36275161354073,36.07966143497549,46.26016918129069,17.558104120537397,50.04367233654966,0.8835327732723222,High Risk
2026-01-06 14:00:00,8,46.49227559233759,46.30656726623145,46.34584006985559,36.08576291507891,46.39070557193638,17.558104120537397,50.04367233654966,0.8875510618169276,High Risk
2026-01-06 15:00:00,8,44.85766026926419,46.49227559233759,44.770170490983375,36.089408322507275,45.97363357514436,17.558104120537397,50.04367233654966,0.8747123766143164,High Risk
2026-01-06 16:00:00,8,43.33606806077761,44.85766026926419,42.78607945043218,36.112324514605,44.221601860591996,17.558104120537397,50.04367233654966,0.8207797610919514,High Risk
2026-01-06 17:00:00,8,40.11250346585148,43.33606806077761,41.27860705033267,36.06373686525162,42.70682570224652,17.558104120537397,50.04367233654966,0.7741505594217268,High Risk
2026-01-06 18:00:00,8,38.605503161340856,40.11250346585148,37.88266047880049,36.09385531035746,39.42849933557387,17.558104120537397,50.04367233654966,0.6732341695972643,Warning
2026-01-06 19:00:00,8,34.75780395650269,38.605503161340856,34.72317758399709,36.09529807587853,37.358179207069796,17.558104120537397,50.04367233654966,0.6095037139374755,Warning
2026-01-06 20:00:00,8,32.12449499767026,34.75780395650269,32.561918977986245,36.077072076698705,34.09240495693798,17.558104120537397,50.04367233654966,0.5089737146502197,Warning
2026-01-06 21:00:00,8,29.010405365744308,32.12449499767026,28.720321335565234,36.089158911289495,31.049197483546973,17.558104120537397,50.04367233654966,0.4152949659986183,Warning
2026-01-06 22:00:00,8,26.43494478179646,29.010405365744308,26.824404529126735,36.0729314218174,28.355888758970302,17.558104120537397,50.04367233654966,0.3323871152336353,Safe
2026-01-06 23:00:00,8,25.149817368811078,26.43494478179646,24.796223507376414,36.087664499377176,25.971004719038284,17.558104120537397,50.04367233654966,0.25897347042187996,Safe
2026-01-07 00:00:00,8,23.68443257168968,25.149817368811078,23.451979784489314,36.0973500321772,24.667331882964525,17.558104120537397,50.04367233654966,0.2188426410248327,Safe
2026-01-07 01:00:00,8,17.22780757931458,23.68443257168968,29.140063359308833,35.6010060413441,25.650941613244086,17.558104120537397,50.04367233654966,0.24912100012450136,Safe
2026-01-07 02:00:00,8,17.191265033147737,17.22780757931458,30.42153487405767,35.049744797972856,21.849816959530592,17.558104120537397,50.04367233654966,0.13211136337047139,Safe
2026-01-07 03:00:00,8,17.338646517256404,17.191265033147737,31.100011409790895,34.476354594117254,22.057918185766347,17.558104120537397,50.04367233654966,0.1385173224242281,Safe
2026-01-07 04:00:00,8,18.750511263160686,17.338646517256404,31.8174608139696,33.93189836283354,22.400118024459047,17.558104120537397,50.04367233654966,0.1490512255372457,Safe
2026-01-07 05:00:00,8,20.09202879461797,18.750511263160686,34.25686083016141,33.34169702801923,24.16164272560924,17.558104120537397,50.04367233654966,0.20327606270838972,Safe
2026-01-07 06:00:00,8,22.703590118427925,20.09202879461797,32.33465201059151,32.94040278251242,24.38494313739308,17.558104120537397,50.04367233654966,0.21014989675756418,Safe
2026-01-07 07:00:00,8,24.71192128588199,22.703590118427925,34.3410818782871,32.53918775782888,26.786090634327607,17.558104120537397,50.04367233654966,0.28406417792555405,Safe
2026-01-07 08:00:00,8,26.79781963657392,24.71192128588199,38.05000097430091,32.070346868756914,29.37354334823499,17.558104120537397,50.04367233654966,0.36371347379296387,Safe
2026-01-07 09:00:00,8,29.445048425349956,26.79781963657392,40.90933484072484,31.592668268116295,31.72129866234922,17.558104120537397,50.04367233654966,0.4359841887834531,Warning
2026-01-07 10:00:00,8,30.3897189446067,29.445048425349956,42.84237561248419,31.073807573621405,34.120760645995595,17.558104120537397,50.04367233654966,0.50984658496593,Warning
2026-01-07 11:00:00,8,32.471202013436795,30.3897189446067,44.151593729944786,30.587124585433568,35.188903873807604,17.558104120537397,50.04367233654966,0.5427271301923168,Warning
2026-01-07 12:00:00,8,32.96822032488719,32.471202013436795,46.098953580613305,30.040010699778318,37.22178899222588,17.558104120537397,50.04367233654966,0.6053052277131157,Warning
2026-01-07 13:00:00,8,33.65005552232044,32.96822032488719,46.30656726623145,29.51265604378202,37.61915813614087,17.558104120537397,50.04367233654966,0.6175374019832566,Warning
2026-01-07 14:00:00,8,32.74914226037227,33.65005552232044,46.49227559233759,28.940025488283467,38.13038672746381,17.558104120537397,50.04367233654966,0.6332745001367023,Warning
2026-01-07 15:00:00,8,31.714878661475154,32.74914226037227,44.85766026926419,28.392409587958923,36.979662074629125,17.558104120537397,50.04367233654966,0.5978518592347388,Warning
2026-01-07 16:00:00,8,30.3414956112202,31.714878661475154,43.33606806077761,27.85096906922736,35.78004136703628,17.558104120537397,50.04367233654966,0.5609240560118375,Warning
2026-01-07 17:00:00,8,28.952643104507583,30.3414956112202,40.11250346585148,27.3859748875047,33.77553459429676,17.558104120537397,50.04367233654966,0.49921952624323185,Warning
2026-01-07 18:00:00,8,26.550074342153508,28.952643104507583,38.605503161340856,26.883665353371896,32.3480783553451,17.558104120537397,50.04367233654966,0.455278284842787,Warning
2026-01-07 19:00:00,8,24.978894505618648,26.550074342153508,34.75780395650269,26.476210792918394,29.454290321043068,17.558104120537397,50.04367233654966,0.3661990997110801,Safe
2026-01-07 20:00:00,8,22.897018511172295,24.978894505618648,32.12449499767026,26.091732605980976,27.521824480014715,17.558104120537397,50.04367233654966,0.3067121986757788,Safe
2026-01-07 21:00:00,8,20.7375661325945,22.897018511172295,29.010405365744308,25.7470309712664,25.089562601441806,17.558104120537397,50.04367233654966,0.23184012663666434,Safe
2026-01-07 22:00:00,8,18.634481107731613,20.7375661325945,26.43494478179646,25.422011651513703,22.790619167987202,17.558104120537397,50.04367233654966,0.16107198284432947,Safe
2026-01-07 23:00:00,8,17.76653254023782,18.634481107731613,25.149817368811078,25.114374783656483,20.970088605597994,17.558104120537397,50.04367233654966,0.10503077419923477,Safe
2026-01-08 00:00:00,8,17.56535994126992,17.76653254023782,23.68443257168968,24.85941342405566,19.89889988726823,17.558104120537397,50.04367233654966,0.07205647994547204,Safe
2026-01-08 01:00:00,8,20.081548870733766,17.56535994126992,17.22780757931458,24.978319311198124,17.558104120537397,17.558104120537397,50.04367233654966,0.0,Safe
2026-01-08 02:00:00,8,19.544550273370547,20.081548870733766,17.191265033147737,25.07637286287407,19.19776227816571,17.558104120537397,50.04367233654966,0.05047343165592792,Safe
2026-01-08 03:00:00,8,21.333834539443647,19.544550273370547,17.338646517256404,25.24283903046521,18.895579531278607,17.558104120537397,50.04367233654966,0.04117137064299808,Safe
2026-01-08 04:00:00,8,22.835790089049162,21.333834539443647,18.750511263160686,25.413058981543898,20.55341960984416,17.558104120537397,50.04367233654966,0.09220449453692685,Safe
2026-01-08 05:00:00,8,23.56243388093323,22.835790089049162,20.09202879461797,25.5576591934737,21.99853172361252,17.558104120537397,50.04367233654966,0.13668923495071214,Safe
2026-01-08 06:00:00,8,25.842752072453504,23.56243388093323,22.703590118427925,25.688457608224763,23.369025927753686,17.558104120537397,50.04367233654966,0.17887701977997242,Safe
2026-01-08 07:00:00,8,28.744185600194847,25.842752072453504,24.71192128588199,25.85646862132113,25.55332575591769,17.558104120537397,50.04367233654966,0.24611610103600762,Safe
2026-01-08 08:00:00,8,29.540140768142003,28.744185600194847,26.79781963657392,25.97073200180314,28.171991534477677,17.558104120537397,50.04367233654966,0.3267262255238136,Safe
2026-01-08 09:00:00,8,32.49395327657616,29.540140768142003,29.445048425349956,26.097769703937562,29.600197633477528,17.558104120537397,50.04367233654966,0.37069054979047544,Safe
2026-01-08 10:00:00,8,33.969809392546125,32.49395327657616,30.3897189446067,26.24694013926837,31.86286108676208,17.558104120537397,50.04367233654966,0.4403418906131961,Warning
2026-01-08 11:00:00,8,34.41155793638238,33.969809392546125,32.471202013436795,26.32778830272444,33.54396585513636,17.558104120537397,50.04367233654966,0.492091169106542,Warning
2026-01-08 12:00:00,8,36.28283132459163,34.41155793638238,32.96822032488719,26.46589709437879,34.004044716597974,17.558104120537397,50.04367233654966,0.506253730285702,Warning
2026-01-08 13:00:00,8,35.48343972682278,36.28283132459163,33.65005552232044,26.54228810289972,35.46598889217823,17.558104120537397,50.04367233654966,0.5512566103602078,Warning
2026-01-08 14:00:00,8,36.10099060353474,35.48343972682278,32.74914226037227,26.68194845053149,34.63291175221927,17.558104120537397,50.04367233654966,0.5256120808025009,Warning
2026-01-08 15:00:00,8,35.38774506439092,36.10099060353474,31.714878661475154,26.83498455065298,34.684598506794956,17.558104120537397,50.04367233654966,0.527203148954393,Warning
2026-01-08 16:00:00,8,33.10707765761754,35.38774506439092,30.3414956112202,26.95021713591954,33.7464618462319,17.558104120537397,50.04367233654966,0.49832458277243913,Warning
2026-01-08 17:00:00,8,32.38141617151207,33.10707765761754,28.952643104507583,27.093082680378057,31.773846016868365,17.558104120537397,50.04367233654966,0.4376017486965866,Warning
2026-01-08 18:00:00,8,30.464911817529277,32.38141617151207,26.550074342153508,27.256200908518718,30.475489668808567,17.558104120537397,50.04367233654966,0.39763457621374043,Safe
2026-01-08 19:00:00,8,28.250006212017592,30.464911817529277,24.978894505618648,27.39249722961867,28.67961637901126,17.558104120537397,50.04367233654966,0.3423523899033921,Safe
2026-01-08 20:00:00,8,25.054840676654532,28.250006212017592,22.897018511172295,27.482406486513764,26.51310875506018,17.558104120537397,50.04367233654966,0.2756610042747481,Safe
2026-01-08 21:00:00,8,23.678468989687246,25.054840676654532,20.7375661325945,27.604944105559294,23.676413539386555,17.558104120537397,50.04367233654966,0.1883393016192993,Safe
2026-01-08 22:00:00,8,22.021318911054475,23.678468989687246,18.634481107731613,27.74606234736441,22.053241729516827,17.558104120537397,50.04367233654966,0.13837336754326468,Safe
2026-01-08 23:00:00,8,21.617803058654726,22.021318911054475,17.76653254023782,27.90653195229845,20.66822712173183,17.558104120537397,50.04367233654966,0.09573860259346918,Safe
2026-01-09 00:00:00,8,19.450567085219024,21.617803058654726,17.56535994126992,27.985082249962996,20.334456161934046,17.558104120537397,50.04367233654966,0.08546416480916007,Safe
2026-01-09 01:00:00,8,19.530495352416036,19.450567085219024,20.081548870733766,27.96212168669976,19.772170140765443,17.558104120537397,50.04367233654966,0.06815537094349955,Safe
2026-01-09 02:00:00,8,19.984117509778418,19.530495352416036,19.544550273370547,27.980436988216756,19.640953719177105,17.558104120537397,50.04367233654966,0.06411614907498875,Safe
2026-01-09 03:00:00,8,20.924697820666182,19.984117509778418,21.333834539443647,27.963389624934354,20.55089152029595,17.558104120537397,50.04367233654966,0.09212667261140046,Safe
2026-01-09 04:00:00,8,22.3989141235274,20.924697820666182,22.835790089049162,27.945186459704285,21.68228132464032,17.558104120537397,50.04367233654966,0.1269541308228055,Safe
2026-01-09 05:00:00,8,22.905687927154084,22.3989141235274,23.56243388093323,27.917822044963486,22.89884149718202,17.558104120537397,50.04367233654966,0.1644033798863574,Safe
2026-01-09 06:00:00,8,25.776809936402575,22.905687927154084,25.842752072453504,27.91507445596137,24.01165378406482,17.558104120537397,50.04367233654966,0.19865896825186125,Safe
2026-01-09 07:00:00,8,28.151800353559597,25.776809936402575,28.744185600194847,27.890391737351564,26.8893976244686,17.558104120537397,50.04367233654966,0.28724426658135244,Safe
2026-01-09 08:00:00,8,29.586295024064796,28.151800353559597,29.540140768142003,27.892314831348344,28.7211267618065,17.558104120537397,50.04367233654966,0.34363019982936926,Safe
2026-01-09 09:00:00,8,31.610419884697716,29.586295024064796,32.49395327657616,27.85550094002008,30.6734824502938,17.558104120537397,50.04367233654966,0.4037293680324918,Warning
2026-01-09 10:00:00,8,33.57083096458675,31.610419884697716,33.969809392546125,27.838876838855104,32.50741195761324,17.558104120537397,50.04367233654966,0.46018303504767505,Warning
2026-01-09 11:00:00,8,35.916048079814104,33.57083096458675,34.41155793638238,27.901563928164762,33.94575534042346,17.558104120537397,50.04367233654966,0.5044594142992121,Warning
2026-01-09 12:00:00,8,35.79441573597845,35.916048079814104,36.28283132459163,27.88121327863921,36.12578337660795,17.558104120537397,50.04367233654966,0.5715669974136846,Warning
2026-01-09 13:00:00,8,35.89136183518492,35.79441573597845,35.48343972682278,27.898210033154296,35.772459666149096,17.558104120537397,50.04367233654966,0.5606906692782767,Warning
2026-01-09 14:00:00,8,36.58736776912962,35.89136183518492,36.10099060353474,27.91847574838742,36.04736943098922,17.558104120537397,50.04367233654966,0.5691531888361799,Warning
2026-01-09 15:00:00,8,34.88633957262782,36.58736776912962,35.38774506439092,27.897583852897288,36.26038559714107,17.558104120537397,50.04367233654966,0.5757104439895497,Warning
2026-01-09 16:00:00,8,33.320419655469784,34.88633957262782,33.10707765761754,27.906473102807798,34.363292603077674,17.558104120537397,50.04367233654966,0.5173124217339228,Warning
2026-01-09 17:00:00,8,31.59346898732457,33.320419655469784,32.38141617151207,27.87364197013332,33.086854807184345,17.558104120537397,50.04367233654966,0.4780199658312518,Warning
2026-01-09 18:00:00,8,30.63915895195298,31.59346898732457,30.464911817529277,27.880902267400973,31.29731491317269,17.558104120537397,50.04367233654966,0.42293273980445395,Warning
2026-01-09 19:00:00,8,28.03773822995558,30.63915895195298,28.250006212017592,27.87205776814839,29.913021713105344,17.558104120537397,50.04367233654966,0.3803201818756545,Safe
2026-01-09 20:00:00,8,25.787007989328465,28.03773822995558,25.054840676654532,27.902564739509803,27.111886045956243,17.558104120537397,50.04367233654966,0.29409310521515347,Safe
2026-01-09 21:00:00,8,23.173983194122982,25.787007989328465,23.678468989687246,27.88154449802796,25.163196785986557,17.558104120537397,50.04367233654966,0.2341068003112157,Safe
2026-01-09 22:00:00,8,22.582815447425112,23.173983194122982,22.021318911054475,27.904940187043405,22.88057113574316,17.558104120537397,50.04367233654966,0.16384096519331723,Safe
2026-01-09 23:00:00,8,21.359879428774637,22.582815447425112,21.617803058654726,27.89419336913173,22.35436752627681,17.558104120537397,50.04367233654966,0.14764289256705762,Safe
2026-01-10 00:00:00,8,20.222809656177038,21.359879428774637,19.450567085219024,27.92637014292165,20.809998383315957,17.558104120537397,50.04367233654966,0.10010273303678756,Safe
2026-01-10 01:00:00,8,20.040354460821753,20.222809656177038,19.530495352416036,27.947614272438557,20.09072734438554,17.558104120537397,50.04367233654966,0.07796148520616977,Safe
2026-01-10 02:00:00,8,19.878647673097536,20.040354460821753,19.984117509778418,27.943219695910184,20.12610171237334,17.558104120537397,50.04367233654966,0.07905041080733681,Safe
2026-01-10 03:00:00,8,20.788714914001737,19.878647673097536,20.924697820666182,27.937553741465834,20.34167997141656,17.558104120537397,50.04367233654966,0.08568653460771523,Safe
2026-01-10 04:00:00,8,21.806420502279252,20.788714914001737,22.3989141235274,27.91286650724716,21.44354540835802,17.558104120537397,50.04367233654966,0.1196051471958039,Safe
2026-01-10 05:00:00,8,23.545110929936428,21.806420502279252,22.905687927154084,27.93950913236309,22.285141517262204,17.558104120537397,50.04367233654966,0.1455119153151496,Safe
2026-01-10 06:00:00,8,25.98237081716467,23.545110929936428,25.776809936402575,27.94807416906151,24.408948620153712,17.558104120537397,50.04367233654966,0.21088885511168776,Safe
2026-01-10 07:00:00,8,27.377076594751664,25.98237081716467,28.151800353559597,27.91579401244451,26.82172618281205,17.558104120537397,50.04367233654966,0.28516114341960114,Safe
2026-01-10 08:00:00,8,29.863338788431047,27.377076594751664,29.586295024064796,27.927337502626443,28.228222781382463,17.558104120537397,50.04367233654966,0.32845718632461957,Safe
2026-01-10 09:00:00,8,32.154015740467564,29.863338788431047,31.610419884697716,27.949987329950186,30.553150581707932,17.558104120537397,50.04367233654966,0.4000252042610115,Warning
2026-01-10 10:00:00,8,33.97829178383273,32.154015740467564,33.57083096458675,27.966964864085437,32.727859430679615,17.558104120537397,50.04367233654966,0.46696904737211703,Warning
2026-01-10 11:00:00,8,35.388637566086985,33.97829178383273,35.916048079814104,27.944989426013468,34.72795976296864,17.558104120537397,50.04367233654966,0.5285379341288609,Warning
2026-01-10 12:00:00,8,35.6723590803904,35.388637566086985,35.79441573597845,27.939903732030633,35.61240072271516,17.558104120537397,50.04367233654966,0.555763590969455,Warning
2026-01-10 13:00:00,8,36.050086735016905,35.6723590803904,35.89136183518492,27.94651726952364,35.831859190827856,17.558104120537397,50.04367233654966,0.5625191588541799,Warning
2026-01-10 14:00:00,8,36.208126892883776,36.050086735016905,36.58736776912962,27.93071556634673,36.317971536325125,17.558104120537397,50.04367233654966,0.5774831061461257,Warning
2026-01-10 15:00:00,8,35.20773809283486,36.208126892883776,34.88633957262782,27.944107171355352,35.83984921208036,17.558104120537397,50.04367233654966,0.5627651148723544,Warning
2026-01-10 16:00:00,8,33.35420073282593,35.20773809283486,33.320419655469784,27.94551471624519,34.64730732082439,17.558104120537397,50.04367233654966,0.526055218138633,Warning
2026-01-10 17:00:00,8,31.906206139450617,33.35420073282593,31.59346898732457,27.958545430917113,32.839492289145376,17.558104120537397,50.04367233654966,0.4704054303926348,Warning
2026-01-10 18:00:00,8,29.633779021222395,31.906206139450617,30.63915895195298,27.91665460047,31.56226877700989,17.558104120537397,50.04367233654966,0.43108878786614535,Warning
2026-01-10 19:00:00,8,28.03254920839088,29.633779021222395,28.03773822995558,27.91643839123814,29.18026429349426,17.558104120537397,50.04367233654966,0.3577637841490632,Safe
2026-01-10 20:00:00,8,26.290275087214674,28.03254920839088,25.787007989328465,27.93740785365007,27.358941076615313,17.558104120537397,50.04367233654966,0.3016981753007746,Safe
2026-01-10 21:00:00,8,23.714071737848588,26.290275087214674,23.173983194122982,27.959911542971966,25.321071622908153,17.558104120537397,50.04367233654966,0.23896664548960278,Safe
2026-01-10 22:00:00,8,22.42898468751772,23.714071737848588,22.582815447425112,27.953501927975825,23.42727810171392,17.558104120537397,50.04367233654966,0.1806701905744531,Safe
2026-01-10 23:00:00,8,20.952484035652073,22.42898468751772,21.359879428774637,27.93652711992905,22.16512910664144,17.558104120537397,50.04367233654966,0.14181758538598188,Safe
2026-01-11 00:00:00,8,26.415186309959275,20.952484035652073,20.222809656177038,28.194542813836648,20.806669134854506,17.558104120537397,50.04367233654966,0.10000024911725659,Safe
2026-01-11 01:00:00,8,26.38859487732058,26.415186309959275,20.040354460821753,28.45905283119076,24.331127753622447,17.558104120537397,50.04367233654966,0.20849330322790216,Safe
2026-01-11 02:00:00,8,26.774659963242573,26.38859487732058,19.878647673097536,28.746386676613472,24.258350321652113,17.558104120537397,50.04367233654966,0.20625300288141904,Safe
2026-01-11 03:00:00,8,27.37037329039302,26.774659963242573,20.788714914001737,29.020622442296443,24.82316391684234,17.558104120537397,50.04367233654966,0.22363960280320302,Safe
2026-01-11 04:00:00,8,29.78888388466466,27.37037329039302,21.806420502279252,29.353225083229166,25.56245625176884,17.558104120537397,50.04367233654966,0.24639716416870003,Safe
2026-01-11 05:00:00,8,32.45891324757411,29.78888388466466,23.545110929936428,29.72463351313074,27.74525521879018,17.558104120537397,50.04367233654966,0.313590044567589,Safe
2026-01-11 06:00:00,8,34.620835871156366,32.45891324757411,25.98237081716467,30.08456955704706,30.332173256380244,17.558104120537397,50.04367233654966,0.3932228815478615,Safe
2026-01-11 07:00:00,8,37.83660274254416,34.620835871156366,27.377076594751664,30.52038314653841,32.228822193911576,17.558104120537397,50.04367233654966,0.4516072344560588,Warning
2026-01-11 08:00:00,8,41.52883969574673,37.83660274254416,29.863338788431047,31.006445684343234,35.19084066142771,17.558104120537397,50.04367233654966,0.5427867501302414,Warning
2026-01-11 09:00:00,8,44.32587202710898,41.52883969574673,32.154015740467564,31.513606362953293,38.398808452573725,17.558104120537397,50.04367233654966,0.6415372990221104,Warning
2026-01-11 10:00:00,8,46.41444394004435,44.32587202710898,33.97829178383273,32.03177936946211,40.85942657884231,17.558104120537397,50.04367233654966,0.7172822585734345,High Risk
2026-01-11 11:00:00,8,47.922519806982834,46.41444394004435,35.388637566086985,32.55402446283277,42.713262775659835,17.558104120537397,50.04367233654966,0.7743487112032306,High Risk
2026-01-11 12:00:00,8,48.8217049519471,47.922519806982834,35.6723590803904,33.101913874147634,43.8005392202028,17.558104120537397,50.04367233654966,0.8078182323100684,High Risk
2026-01-11 13:00:00,8,48.50716672935575,48.8217049519471,36.050086735016905,33.620958873911746,44.52016890423255,17.558104120537397,50.04367233654966,0.8299705202765985,High Risk
2026-01-11 14:00:00,8,49.445136561638805,48.50716672935575,36.208126892883776,34.172500943443204,44.367702366452924,17.558104120537397,50.04367233654966,0.8252771582251042,High Risk
2026-01-11 15:00:00,8,48.11100680724877,49.445136561638805,35.20773809283486,34.710137139877126,44.64136791564887,17.558104120537397,50.04367233654966,0.8337013772183505,High Risk
2026-01-11 16:00:00,8,45.738181490498185,48.11100680724877,33.35420073282593,35.22613633811347,43.13129873314945,17.558104120537397,50.04367233654966,0.7872170699107505,High Risk
2026-01-11 17:00:00,8,43.89286310195703,45.738181490498185,31.906206139450617,35.7255803782179,41.07793943473621,17.558104120537397,50.04367233654966,0.7240087177726223,High Risk
2026-01-11 18:00:00,8,40.804158413683425,43.89286310195703,29.633779021222395,36.191012852903775,39.08892269680125,17.558104120537397,50.04367233654966,0.6627810161827555,Warning
2026-01-11 19:00:00,8,37.8628353103528,40.804158413683425,28.03254920839088,36.60060810715219,36.51308951573938,17.558104120537397,50.04367233654966,0.5834894032227391,Warning
2026-01-11 20:00:00,8,34.64622751084427,37.8628353103528,26.290275087214674,36.94877279147009,33.985779887031285,17.558104120537397,50.04367233654966,0.5056914858797248,Warning
2026-01-11 21:00:00,8,32.06344987984743,34.64622751084427,23.714071737848588,37.29666354738671,30.99244189005441,17.558104120537397,50.04367233654966,0.41354786428969736,Warning
2026-01-11 22:00:00,8,29.944984503328563,32.06344987984743,22.42898468751772,37.609830206378824,28.856953421995527,17.558104120537397,50.04367233654966,0.34781133820763965,Safe
2026-01-11 23:00:00,8,27.633122069679413,29.944984503328563,20.952484035652073,37.8881901244633,26.9608583558938,17.558104120537397,50.04367233654966,0.28944403506778477,Safe
2026-01-12 00:00:00,8,26.928697532450567,27.633122069679413,26.415186309959275,37.909586425400434,27.311561903614137,17.558104120537397,50.04367233654966,0.3002397069979375,Safe
2026-01-12 01:00:00,8,26.379200915267496,26.928697532450567,26.38859487732058,37.90919501031489,26.839932120737437,17.558104120537397,50.04367233654966,0.2857215749701252,Safe
2026-01-12 02:00:00,8,27.25866472136729,26.379200915267496,26.774659963242573,37.92936187523676,26.611192700969195,17.558104120537397,50.04367233654966,0.27868031248685937,Safe
2026-01-12 03:00:00,8,27.505230821963732,27.25866472136729,27.37037329039302,37.9349809390522,27.39244238157046,17.558104120537397,50.04367233654966,0.30272944259156404,Safe
2026-01-12 04:00:00,8,29.86881617637584,27.505230821963732,29.78888388466466,37.938311451206836,28.38167259283145,17.558104120537397,50.04367233654966,0.33318081639028424,Safe
2026-01-12 05:00:00,8,32.05923669968376,29.86881617637584,32.45891324757411,37.9216582617114,30.84700249803311,17.558104120537397,50.04367233654966,0.40907081815717616,Warning
2026-01-12 06:00:00,8,34.92053486730259,32.05923669968376,34.620835871156366,37.934145719884164,33.02481554797551,17.558104120537397,50.04367233654966,0.4761102175736082,Warning
2026-01-12 07:00:00,8,38.26548297485208,34.92053486730259,37.83660274254416,37.95201572956366,36.00363712430504,17.558104120537397,50.04367233654966,0.5678069816512793,Warning
2026-01-12 08:00:00,8,41.00610465710865,38.26548297485208,41.52883969574673,37.93023510295374,39.46302129740954,17.558104120537397,50.04367233654966,0.674296855665842,Warning
2026-01-12 09:00:00,8,43.908708803341774,41.00610465710865,44.32587202710898,37.91285330196344,42.21936320920607,17.558104120537397,50.04367233654966,0.7591450506741635,High Risk
2026-01-12 10:00:00,8,46.60873104261124,43.908708803341774,46.41444394004435,37.920948597903724,44.83971221037142,17.558104120537397,50.04367233654966,0.839806989633625,High Risk
2026-01-12 11:00:00,8,48.12837221833307,46.60873104261124,47.922519806982834,37.929525781709984,47.12846559195016,17.558104120537397,50.04367233654966,0.9102614540870478,High Risk
2026-01-12 12:00:00,8,49.456472394235426,48.12837221833307,48.8217049519471,37.95597442513867,48.43387577487865,17.558104120537397,50.04367233654966,0.950445764057059,High Risk
2026-01-12 13:00:00,8,48.92371140160323,49.456472394235426,48.50716672935575,37.973330453148975,49.19832344086199,17.558104120537397,50.04367233654966,0.973977679440784,High Risk
2026-01-12 14:00:00,8,48.73123948582425,48.92371140160323,49.445136561638805,37.9435847416567,49.16937021643906,17.558104120537397,50.04367233654966,0.973086415254203,High Risk
2026-01-12 15:00:00,8,47.91934839457569,48.73123948582425,48.11100680724877,37.93559897446199,48.58660743651406,17.558104120537397,50.04367233654966,0.95514728738946,High Risk
2026-01-12 16:00:00,8,45.817413177792595,47.91934839457569,45.738181490498185,37.93890029476592,47.24180646812186,17.558104120537397,50.04367233654966,0.913750414844301,High Risk
2026-01-12 17:00:00,8,43.9022632254802,45.817413177792595,43.89286310195703,37.93929196657939,45.23039891177187,17.558104120537397,50.04367233654966,0.8518334589499725,High Risk
2026-01-12 18:00:00,8,40.92930143540513,43.9022632254802,40.804158413683425,37.944506259151126,42.916295045738835,17.558104120537397,50.04367233654966,0.7805986330909752,High Risk
2026-01-12 19:00:00,8,38.44625728731278,40.92930143540513,37.8628353103528,37.96881550819113,39.95803647021485,17.558104120537397,50.04367233654966,0.6895348577926853,Warning
2026-01-12 20:00:00,8,34.95868636679821,38.44625728731278,34.64622751084427,37.98183462718921,37.227293190335786,17.558104120537397,50.04367233654966,0.6054746628882639,Warning
2026-01-12 21:00:00,8,32.14669726059249,34.95868636679821,32.06344987984743,37.985303268053585,34.053788722408385,17.558104120537397,50.04367233654966,0.5077849949983391,Warning
2026-01-12 22:00:00,8,29.5736844878356,32.14669726059249,29.944984503328563,37.96983243407471,31.48271255019614,17.558104120537397,50.04367233654966,0.4286398165618489,Warning
2026-01-12 23:00:00,8,28.331800052830914,29.5736844878356,27.633122069679413,37.99894401670603,29.002393101063696,17.558104120537397,50.04367233654966,0.35228839317629573,Safe
2026-01-13 00:00:00,8,26.16862723568014,28.331800052830914,26.928697532450567,37.967274421007254,27.945985555690406,17.558104120537397,50.04367233654966,0.3197691062785128,Safe
2026-01-13 01:00:00,8,26.244831927864155,26.16862723568014,26.379200915267496,37.96167571319879,26.337647655872267,17.558104120537397,50.04367233654966,0.27025980295913665,Safe
2026-01-13 02:00:00,8,26.956461122159386,26.244831927864155,27.25866472136729,37.94908389656512,26.688534409227405,17.558104120537397,50.04367233654966,0.2810611144898635,Safe
2026-01-13 03:00:00,8,27.79954473162365,26.956461122159386,27.505230821963732,37.96134697613429,27.24014451111499,17.558104120537397,50.04367233654966,0.2980412726092938,Safe
2026-01-13 04:00:00,8,29.069945677665082,27.79954473162365,29.86881617637584,37.928060705354675,28.60226601101921,17.558104120537397,50.04367233654966,0.33997132132867486,Safe
2026-01-13 05:00:00,8,31.22935185927194,29.069945677665082,32.05923669968376,37.89348217033751,30.185732221327672,17.558104120537397,50.04367233654966,0.3887150019389553,Safe
2026-01-13 06:00:00,8,34.65655643723717,31.22935185927194,34.92053486730259,37.882483069084785,32.5824255819863,17.558104120537397,50.04367233654966,0.46249217187930186,Warning
2026-01-13 07:00:00,8,38.245780690803045,34.65655643723717,38.26548297485208,37.88166214058274,35.977018594434874,17.558104120537397,50.04367233654966,0.5669875861315898,Warning
2026-01-13 08:00:00,8,40.565377467854404,38.245780690803045,41.00610465710865,37.86329850769715,39.27126562867655,17.558104120537397,50.04367233654966,0.6683940602597369,Warning
2026-01-13 09:00:00,8,43.19448023067373,40.565377467854404,43.908708803341774,37.83353898383598,41.78727207199324,17.558104120537397,50.04367233654966,0.7458440327871242,High Risk
2026-01-13 10:00:00,8,45.9955798811671,43.19448023067373,46.60873104261124,37.80799101877581,44.4372038401736,17.558104120537397,50.04367233654966,0.82741661507927,High Risk
2026-01-13 11:00:00,8,48.632403310260116,45.9955798811671,48.12837221833307,37.82899231427277,46.79628211783397,17.558104120537397,50.04367233654966,0.9000358837143281,High Risk
2026-01-13 12:00:00,8,48.47551475455465,48.632403310260116,49.456472394235426,37.78811907928607,48.98197175344274,17.558104120537397,50.04367233654966,0.9673177472727305,High Risk
2026-01-13 13:00:00,8,50.62717573035954,48.47551475455465,48.92371140160323,37.85909675965092,48.69670828080095,17.558104120537397,50.04367233654966,0.9585365105720607,High Risk
2026-01-13 14:00:00,8,49.58805780551319,50.62717573035954,48.73123948582425,37.89479752297129,50.04367233654966,17.558104120537397,50.04367233654966,0.999999969217101,High Risk
2026-01-13 15:00:00,8,48.2924765950647,49.58805780551319,47.91934839457569,37.910344531324995,49.08364111460759,17.558104120537397,50.04367233654966,0.9704474249609617,High Risk
2026-01-13 16:00:00,8,46.44681779172058,48.2924765950647,45.817413177792595,37.936569723572,47.51391059612951,17.558104120537397,50.04367233654966,0.9221265687666258,High Risk
2026-01-13 17:00:00,8,43.407646563019775,46.44681779172058,43.9022632254802,37.91596069596948,45.646888885808266,17.558104120537397,50.04367233654966,0.8646542278048124,High Risk
2026-01-13 18:00:00,8,40.947469502064024,43.407646563019775,40.92930143540513,37.916717698746936,42.634333361126025,17.558104120537397,50.04367233654966,0.771919034998114,High Risk
2026-01-13 19:00:00,8,38.09337611760086,40.947469502064024,38.44625728731278,37.9020143166756,40.16954474151061,17.558104120537397,50.04367233654966,0.6960456955708182,Warning
2026-01-13 20:00:00,8,34.91730765646844,38.09337611760086,34.95868636679821,37.90029020374519,37.102474286108006,17.558104120537397,50.04367233654966,0.6016323751512752,Warning
2026-01-13 21:00:00,8,32.52606702991923,34.91730765646844,32.14669726059249,37.916097277467145,34.05509652042628,17.558104120537397,50.04367233654966,0.5078252528127921,Warning
2026-01-13 22:00:00,8,30.016153970432505,32.52606702991923,29.5736844878356,37.93453350590868,31.60479559791544,17.558104120537397,50.04367233654966,0.432397886703933,Warning
2026-01-13 23:00:00,8,27.953985155105734,30.016153970432505,28.331800052830914,37.918791218503465,29.531929742956528,17.558104120537397,50.04367233654966,0.3685890662035001,Safe
2026-01-14 00:00:00,8,27.23973859232037,27.953985155105734,26.16862723568014,37.96342085836348,27.43790057743869,17.558104120537397,50.04367233654966,0.30412877764910773,Safe
2026-01-14 01:00:00,8,26.99776889289119,27.23973859232037,26.244831927864155,37.994793231906264,26.99498637543492,17.558104120537397,50.04367233654966,0.2904945944504505,Safe
2026-01-14 02:00:00,8,26.906808004722205,26.99776889289119,26.956461122159386,37.99272435201305,27.07954272744807,17.558104120537397,50.04367233654966,0.29309748410434255,Safe
2026-01-14 03:00:00,8,28.232580519636453,26.906808004722205,27.79954473162365,38.01076750984692,27.30822157008417,17.558104120537397,50.04367233654966,0.3001368818478607,Safe
2026-01-14 04:00:00,8,30.146782482907938,28.232580519636453,29.069945677665082,38.05563571006537,28.61332207021072,17.558104120537397,50.04367233654966,0.34031165888342085,Safe
2026-01-14 05:00:00,8,32.22298923498602,30.146782482907938,31.22935185927194,38.09703726738679,30.608905986288104,17.558104120537397,50.04367233654966,0.40174151725554236,Warning
2026-01-14 06:00:00,8,35.22992512256809,32.22298923498602,34.65655643723717,38.12092762927558,33.14455676525123,17.558104120537397,50.04367233654966,0.47979619938539386,Warning
2026-01-14 07:00:00,8,37.25686557990766,35.22992512256809,38.245780690803045,38.079722832988274,36.34675928237971,17.558104120537397,50.04367233654966,0.5783692764287875,Warning
2026-01-14 08:00:00,8,41.56303991866067,37.25686557990766,40.565377467854404,38.121292101771864,38.47116712325202,17.558104120537397,50.04367233654966,0.6437647086819859,Warning
2026-01-14 09:00:00,8,43.75327342092327,41.56303991866067,43.19448023067373,38.14457515136559,42.198023116575676,17.558104120537397,50.04367233654966,0.7584881407555317,High Risk
2026-01-14 10:00:00,8,45.763013124872494,43.75327342092327,45.9955798811671,38.134884869853316,44.594365145793475,17.558104120537397,50.04367233654966,0.8322544956955779,High Risk
2026-01-14 11:00:00,8,47.57278234991596,45.763013124872494,48.632403310260116,38.09073399650565,46.815996709463185,17.558104120537397,50.04367233654966,0.9006427559996226,High Risk
2026-01-14 12:00:00,8,49.46806020424305,47.57278234991596,48.47551475455465,38.132090056909334,47.950643160360855,17.558104120537397,50.04367233654966,0.935570463233344,High Risk
2026-01-14 13:00:00,8,49.25590230457454,49.46806020424305,50.62717573035954,38.07495366416829,49.93115178216633,17.558104120537397,50.04367233654966,0.996536260342704,High Risk
2026-01-14 14:00:00,8,48.327774754769266,49.25590230457454,49.58805780551319,38.0224418703873,49.43638157441107,17.558104120537397,50.04367233654966,0.9813057989502842,High Risk
2026-01-14 15:00:00,8,47.62977366681089,48.327774754769266,48.2924765950647,37.99482924837672,48.38376560966718,17.558104120537397,50.04367233654966,0.9489032278965176,High Risk
2026-01-14 16:00:00,8,45.986518531905894,47.62977366681089,46.44681779172058,37.97565011255111,47.29408098924996,17.558104120537397,50.04367233654966,0.9153595761546818,High Risk
2026-01-14 17:00:00,8,43.139298894890906,45.986518531905894,43.407646563019775,37.964468959712406,45.175450973672326,17.558104120537397,50.04367233654966,0.8501420021146568,High Risk
2026-01-14 18:00:00,8,40.738152759907024,43.139298894890906,40.947469502064024,37.95574742878919,42.46434817065783,17.558104120537397,50.04367233654966,0.7666863980282065,High Risk
2026-01-14 19:00:00,8,38.299354263091736,40.738152759907024,38.09337611760086,37.96432985151798,39.91139019669162,17.558104120537397,50.04367233654966,0.6880989502605421,Warning
2026-01-14 20:00:00,8,34.57237953903194,38.299354263091736,34.91730765646844,37.94995784662479,37.223566953358244,17.558104120537397,50.04367233654966,0.6053599585112907,Warning
2026-01-14 21:00:00,8,31.663456546376775,34.57237953903194,32.52606702991923,37.91401574314386,33.958388787602935,17.558104120537397,50.04367233654966,0.5048483084292632,Warning
2026-01-14 22:00:00,8,29.525160968904142,31.663456546376775,30.016153970432505,37.893557701413506,31.189756993700062,17.558104120537397,50.04367233654966,0.4196217952198778,Warning
2026-01-14 23:00:00,8,27.947501888142778,29.525160968904142,27.953985155105734,37.89328756529005,29.08029389683574,17.558104120537397,50.04367233654966,0.3546864055138369,Safe
2026-01-02 00:00:00,9,23.67433132362168,24.67911308685059,24.120153012617084,35.02646058444633,24.586832902841856,21.169248685353196,48.47941414885878,0.12513963333235473,Safe
2026-01-02 01:00:00,9,23.704660606403202,23.67433132362168,23.909813978813,35.01791252726259,23.855128107894352,21.169248685353196,48.47941414885878,0.09834723732388378,Safe
2026-01-02 02:00:00,9,24.13307582180048,23.704660606403202,22.685465868907475,35.07822960863313,23.456213637734564,21.169248685353196,48.47941414885878,0.08374042521628074,Safe
2026-01-02 03:00:00,9,25.040088518720914,24.13307582180048,24.994126812537957,35.080144679724086,24.527270351185805,21.169248685353196,48.47941414885878,0.1229586670707377,Safe
2026-01-02 04:00:00,9,26.325145285814436,25.040088518720914,27.56228799400293,35.028597066882895,26.001350401000067,21.169248685353196,48.47941414885878,0.17693417292435695,Safe
2026-01-02 05:00:00,9,29.499817925450863,26.325145285814436,29.04494371024758,35.04755015918303,27.35232528005384,21.169248685353196,48.47941414885878,0.22640201051000744,Safe
2026-01-02 06:00:00,9,32.054686253258375,29.499817925450863,31.72107288264133,35.06145071629208,30.352311120230716,21.169248685353196,48.47941414885878,0.33625069430275323,Safe
2026-01-02 07:00:00,9,35.53489730665448,32.054686253258375,34.432475683906475,35.10738495057324,32.95739279990125,21.169248685353196,48.47941414885878,0.43163940909333093,Warning
2026-01-02 08:00:00,9,38.15274887911344,35.53489730665448,37.64818569491788,35.128408416581394,36.34258028406764,21.169248685353196,48.47941414885878,0.5555927906551018,Warning
2026-01-02 09:00:00,9,40.500394395759095,38.15274887911344,41.18272006885861,35.09997818020225,39.27059704605897,21.169248685353196,48.47941414885878,0.6628062258388098,Warning
2026-01-02 10:00:00,9,43.11115982752169,40.500394395759095,43.608216771732195,35.07926747419348,41.6418101328805,21.169248685353196,48.47941414885878,0.7496315145088797,High Risk
2026-01-02 11:00:00,9,45.1709503394416,43.11115982752169,45.35962990136987,35.0714058257798,43.9551980734517,21.169248685353196,48.47941414885878,0.8343394544499475,High Risk
2026-01-02 12:00:00,9,45.84726970500484,45.1709503394416,47.26922930537451,35.012157509097726,45.960922390338766,21.169248685353196,48.47941414885878,0.9077818598474872,High Risk
2026-01-02 13:00:00,9,46.3425135610984,45.84726970500484,46.87371113947102,34.99002427666554,46.2697013527696,21.169248685353196,48.47941414885878,0.9190882340815459,High Risk
2026-01-02 14:00:00,9,46.42193055712246,46.3425135610984,46.235853737470634,34.99777747748436,46.37668383858254,21.169248685353196,48.47941414885878,0.9230055476561774,High Risk
2026-01-02 15:00:00,9,45.53399056273276,46.42193055712246,45.10317944649977,35.01572794066074,46.04136101013349,21.169248685353196,48.47941414885878,0.9107272325863247,High Risk
2026-01-02 16:00:00,9,43.588214008334994,45.53399056273276,43.181254243320836,35.032684597536324,44.80087084614391,21.169248685353196,48.47941414885878,0.8653049476051166,High Risk
2026-01-02 17:00:00,9,41.48557146852093,43.588214008334994,40.89922720889245,35.057115608354174,42.742608143755895,21.169248685353196,48.47941414885878,0.7899387756288873,High Risk
2026-01-02 18:00:00,9,38.06180076289767,41.48557146852093,38.05926741186996,35.057221164647004,40.390485946786846,21.169248685353196,48.47941414885878,0.703812526632486,High Risk
2026-01-02 19:00:00,9,34.52810307872638,38.06180076289767,34.94767157300949,35.03973914405187,37.07797356614188,21.169248685353196,48.47941414885878,0.5825202457863967,Warning
2026-01-02 20:00:00,9,31.882894932338672,34.52810307872638,31.785232200975262,35.043808424525345,33.67588913698526,21.169248685353196,48.47941414885878,0.45794815891527485,Warning
2026-01-02 21:00:00,9,29.442658461929028,31.882894932338672,28.581970470026036,35.079670424187974,30.843232567346774,21.169248685353196,48.47941414885878,0.3542264707511346,Safe
2026-01-02 22:00:00,9,26.677816238482546,29.442658461929028,27.196073511394335,35.05807637114998,28.766852888915594,21.169248685353196,48.47941414885878,0.2781969203195825,Safe
2026-01-02 23:00:00,9,25.23630775546711,26.677816238482546,24.67911308685059,35.08129281567567,26.09041540862164,21.169248685353196,48.47941414885878,0.18019541293695782,Safe
2026-01-03 00:00:00,9,24.015622045356032,25.23630775546711,23.67433132362168,35.0955132624146,24.80018521690925,21.169248685353196,48.47941414885878,0.1329518271669289,Safe
2026-01-03 01:00:00,9,23.27618571056673,24.015622045356032,23.704660606403202,35.07766014175475,24.009044002642327,21.169248685353196,48.47941414885878,0.10398308340902764,Safe
2026-01-03 02:00:00,9,25.384729914078914,23.27618571056673,24.13307582180048,35.12981239559968,23.670075239120955,21.169248685353196,48.47941414885878,0.09157126731942841,Safe
2026-01-03 03:00:00,9,25.09994946714744,25.384729914078914,25.040088518720914,35.13230660178412,25.364843635754454,21.169248685353196,48.47941414885878,0.15362758612283842,Safe
2026-01-03 04:00:00,9,27.108130767520194,25.09994946714744,26.325145285814436,35.16493099685519,25.617449945791634,21.169248685353196,48.47941414885878,0.16287712000520185,Safe
2026-01-03 05:00:00,9,30.46350070648271,27.108130767520194,29.499817925450863,35.20508444606485,28.022047470441585,21.169248685353196,48.47941414885878,0.2509248266298832,Safe
2026-01-03 06:00:00,9,32.07119738767948,30.46350070648271,32.054686253258375,35.205772409999064,31.099199938693452,21.169248685353196,48.47941414885878,0.36359907460137936,Safe
2026-01-03 07:00:00,9,34.9346570884275,32.07119738767948,35.53489730665448,35.180762400906275,33.345354216015735,21.169248685353196,48.47941414885878,0.4458451597844853,Warning
2026-01-03 08:00:00,9,38.888994715742704,34.9346570884275,38.15274887911344,35.21143931076583,36.121058248147826,21.169248685353196,48.47941414885878,0.5474814510110967,Warning
2026-01-03 09:00:00,9,41.094566884290984,38.888994715742704,40.500394395759095,35.236196497787994,39.52061236717102,21.169248685353196,48.47941414885878,0.6719608870323307,Warning
2026-01-03 10:00:00,9,42.99947296253724,41.094566884290984,43.11115982752169,35.23154287841364,41.861915786566556,21.169248685353196,48.47941414885878,0.7576909913333868,High Risk
2026-01-03 11:00:00,9,44.561662044521675,42.99947296253724,45.1709503394416,35.20615586612531,43.81731906112792,21.169248685353196,48.47941414885878,0.8292908212785596,High Risk
2026-01-03 12:00:00,9,46.19530829945807,44.561662044521675,45.84726970500484,35.22065747422753,45.074428032628596,21.169248685353196,48.47941414885878,0.8753216271757168,High Risk
2026-01-03 13:00:00,9,46.89012372754457,46.19530829945807,46.3425135610984,35.24347456449612,46.31651370453474,21.169248685353196,48.47941414885878,0.9208023339142106,High Risk
2026-01-03 14:00:00,9,46.42212008977067,46.89012372754457,46.42193055712246,35.243482461689794,46.79990477766742,21.169248685353196,48.47941414885878,0.9385023751709577,High Risk
2026-01-03 15:00:00,9,45.471285823847,46.42212008977067,45.53399056273276,35.240869764236216,46.188858742931735,21.169248685353196,48.47941414885878,0.9161280686813864,High Risk
2026-01-03 16:00:00,9,43.635783306840736,45.471285823847,43.588214008334994,35.242851818340625,44.898912324184984,21.169248685353196,48.47941414885878,0.8688948736559917,High Risk
2026-01-03 17:00:00,9,40.44650254520987,43.635783306840736,41.48557146852093,35.19955727986933,42.97442126798733,21.169248685353196,48.47941414885878,0.7984269378867485,High Risk
2026-01-03 18:00:00,9,37.440513070566965,40.44650254520987,38.06180076289767,35.17367029268888,39.70908789146869,21.169248685353196,48.47941414885878,0.6788621823631201,Warning
2026-01-03 19:00:00,9,35.274172805084454,37.440513070566965,34.52810307872638,35.20475653128714,36.52650151149308,21.169248685353196,48.47941414885878,0.562327324026446,Warning
2026-01-03 20:00:00,9,31.348031136738065,35.274172805084454,31.882894932338672,35.18247053980378,34.19917593629372,21.169248685353196,48.47941414885878,0.47710903807021243,Warning
2026-01-03 21:00:00,9,29.500098891273762,31.348031136738065,29.442658461929028,35.184863891026474,30.786461792057317,21.169248685353196,48.47941414885878,0.35214772929178395,Safe
2026-01-03 22:00:00,9,27.198660675228407,29.500098891273762,26.677816238482546,35.20656574255755,28.627281786814777,21.169248685353196,48.47941414885878,0.2730863289107998,Safe
2026-01-03 23:00:00,9,25.20577784815078,27.198660675228407,25.23630775546711,35.20529366308604,26.62301487431323,21.169248685353196,48.47941414885878,0.19969728841630718,Safe
2026-01-04 00:00:00,9,23.528380501146493,25.20577784815078,24.015622045356032,35.18499193207731,24.896888779181978,21.169248685353196,48.47941414885878,0.13649276355784962,Safe
2026-01-04 01:00:00,9,21.07507656481898,23.528380501146493,23.27618571056673,35.09327905100448,23.54254146802268,21.169248685353196,48.47941414885878,0.08690143964669353,Safe
2026-01-04 02:00:00,9,21.799436763338697,21.07507656481898,25.384729914078914,34.94389183639031,22.652971465414538,21.169248685353196,48.47941414885878,0.05432858792874924,Safe
2026-01-04 03:00:00,9,23.713418838758127,21.799436763338697,25.09994946714744,34.88611972687409,23.031176117473734,21.169248685353196,48.47941414885878,0.06817708103715225,Safe
2026-01-04 04:00:00,9,24.981339702176122,23.713418838758127,27.108130767520194,34.79750343248475,24.974884147931544,21.169248685353196,48.47941414885878,0.13934867323726483,Safe
2026-01-04 05:00:00,9,27.196369084286157,24.981339702176122,30.46350070648271,34.661372948226564,26.95523163463617,21.169248685353196,48.47941414885878,0.2118618704508722,Safe
2026-01-04 06:00:00,9,29.4338761520451,27.196369084286157,32.07119738767948,34.551484563408465,28.959611712801454,21.169248685353196,48.47941414885878,0.2852550546646603,Safe
2026-01-04 07:00:00,9,32.20503789944722,29.4338761520451,34.9346570884275,34.43775043053429,31.408326442942766,21.169248685353196,48.47941414885878,0.3749181745659438,Safe
2026-01-04 08:00:00,9,35.063034209351734,32.20503789944722,38.888994715742704,34.27833540943466,34.58061611644708,21.169248685353196,48.47941414885878,0.4910760045719757,Warning
2026-01-04 09:00:00,9,38.31470654513035,35.063034209351734,41.094566884290984,34.162507895302966,37.21169892859256,21.169248685353196,48.47941414885878,0.5874167872494223,Warning
2026-01-04 10:00:00,9,40.353255543524696,38.31470654513035,42.99947296253724,34.05224883617745,39.99842112739132,21.169248685353196,48.47941414885878,0.6894565240823206,Warning
2026-01-04 11:00:00,9,42.26640708819053,40.353255543524696,44.561662044521675,33.956613212996984,41.871354755328326,21.169248685353196,48.47941414885878,0.7580366123963116,High Risk
2026-01-04 12:00:00,9,43.374698769701844,42.26640708819053,46.19530829945807,33.839087815923804,43.68639526959428,21.169248685353196,48.47941414885878,0.824496863258985,High Risk
2026-01-04 13:00:00,9,43.38635435076547,43.374698769701844,46.89012372754457,33.69309742522468,44.651797152303146,21.169248685353196,48.47941414885878,0.8598464054889428,High Risk
2026-01-04 14:00:00,9,43.17325692509126,43.38635435076547,46.42212008977067,33.55772812669637,44.499354118076965,21.169248685353196,48.47941414885878,0.8542644902549259,High Risk
2026-01-04 15:00:00,9,42.91343567851971,43.17325692509126,45.471285823847,33.45115103730773,44.03416737106712,21.169248685353196,48.47941414885878,0.8372310258990249,High Risk
2026-01-04 16:00:00,9,40.39161528587992,42.91343567851971,43.635783306840736,33.3159773697677,43.23567099809336,21.169248685353196,48.47941414885878,0.8079929627022742,High Risk
2026-01-04 17:00:00,9,38.17845942444523,40.39161528587992,40.44650254520987,33.22147557306917,40.48881491056774,21.169248685353196,48.47941414885878,0.7074129793764226,High Risk
2026-01-04 18:00:00,9,35.264347796607545,38.17845942444523,37.440513070566965,33.13080201998753,38.00733241033393,21.169248685353196,48.47941414885878,0.6165500216734807,Warning
2026-01-04 19:00:00,9,32.44560110860713,35.264347796607545,35.274172805084454,33.01294486596763,35.35282420985787,21.169248685353196,48.47941414885878,0.519351485589006,Warning
2026-01-04 20:00:00,9,29.457928665627833,32.44560110860713,31.348031136738065,32.93419059633805,32.15893508038778,21.169248685353196,48.47941414885878,0.4024027612471727,Warning
2026-01-04 21:00:00,9,27.329349603505676,29.457928665627833,29.500098891273762,32.84374270934771,29.565048060575126,21.169248685353196,48.47941414885878,0.30742395460830263,Safe
2026-01-04 22:00:00,9,25.23357607108092,27.329349603505676,27.198660675228407,32.7618641841749,27.380114876571888,21.169248685353196,48.47941414885878,0.22741956551302006,Safe
2026-01-04 23:00:00,9,23.196426435761296,25.23357607108092,25.20577784815078,32.67814120865867,25.32227382499785,21.169248685353196,48.47941414885878,0.15206883287197526,Safe
2026-01-05 00:00:00,9,22.133852132955425,23.196426435761296,23.528380501146493,32.620035859984036,23.410848212851267,21.169248685353196,48.47941414885878,0.08207930663818938,Safe
2026-01-05 01:00:00,9,22.110648331034064,22.133852132955425,21.07507656481898,32.66318468357634,21.873915357622074,21.169248685353196,48.47941414885878,0.025802357272721874,Safe
2026-01-05 02:00:00,9,22.05772782743821,22.110648331034064,21.799436763338697,32.673946811247156,22.106470991864015,21.169248685353196,48.47941414885878,0.0343177075746947,Safe
2026-01-05 03:00:00,9,23.337898969870167,22.05772782743821,23.713418838758127,32.65830015004348,22.726464060113017,21.169248685353196,48.47941414885878,0.05701962222898636,Safe
2026-01-05 04:00:00,9,24.802894526315868,23.337898969870167,24.981339702176122,32.65086493438264,24.00077377684608,21.169248685353196,48.47941414885878,0.10368025750691179,Safe
2026-01-05 05:00:00,9,27.107256237352637,24.802894526315868,27.196369084286157,32.64715189909375,25.720431338275958,21.169248685353196,48.47941414885878,0.16664792794304203,Safe
2026-01-05 06:00:00,9,29.40479028874349,27.107256237352637,29.4338761520451,32.64593998812284,27.998915665106814,21.169248685353196,48.47941414885878,0.25007782317548527,Safe
2026-01-05 07:00:00,9,31.886459475268765,29.40479028874349,32.20503789944722,32.63266588711541,30.45547121951617,21.169248685353196,48.47941414885878,0.34002804584044183,Safe
2026-01-05 08:00:00,9,35.14982958621832,31.886459475268765,35.063034209351734,32.636282361151515,33.06263668598231,21.169248685353196,48.47941414885878,0.4354930614034221,Warning
2026-01-05 09:00:00,9,38.08435620135443,35.14982958621832,38.31470654513035,32.62668443016085,36.31774600979763,21.169248685353196,48.47941414885878,0.554683448915893,Warning
2026-01-05 10:00:00,9,41.14180159228765,38.08435620135443,40.353255543524696,32.659540515525975,38.94194367012426,21.169248685353196,48.47941414885878,0.6507721221150596,Warning
2026-01-05 11:00:00,9,42.49318295600248,41.14180159228765,42.26640708819053,32.668989510018136,41.603954846881166,21.169248685353196,48.47941414885878,0.748245390185913,High Risk
2026-01-05 12:00:00,9,42.5650681287968,42.49318295600248,43.374698769701844,32.63525489998043,42.870415542961936,21.169248685353196,48.47941414885878,0.7946186225780748,High Risk
2026-01-05 13:00:00,9,43.546859863402425,42.5650681287968,43.38635435076547,32.64194262967363,42.92160335830718,21.169248685353196,48.47941414885878,0.7964929361386913,High Risk
2026-01-05 14:00:00,9,42.90576141336762,43.546859863402425,43.17325692509126,32.63079698335182,43.49336209793672,21.169248685353196,48.47941414885878,0.8174286832859515,High Risk
2026-01-05 15:00:00,9,42.4318639936563,42.90576141336762,42.91343567851971,32.61073149648251,42.98352893452395,21.169248685353196,48.47941414885878,0.7987604278546252,High Risk
2026-01-05 16:00:00,9,41.04119434660722,42.4318639936563,40.39161528587992,32.63779729067948,41.8096897943525,21.169248685353196,48.47941414885878,0.755778663472484,High Risk
2026-01-05 17:00:00,9,38.86449845911034,41.04119434660722,38.17845942444523,32.66638225045719,40.139476384760876,21.169248685353196,48.47941414885878,0.6946214599152108,Warning
2026-01-05 18:00:00,9,35.647615351803445,38.86449845911034,35.264347796607545,32.68235173192369,37.713363801089514,21.169248685353196,48.47941414885878,0.6057859492670659,Warning
2026-01-05 19:00:00,9,33.25132610159058,35.647615351803445,32.44560110860713,32.71592360663133,34.63687501088466,21.169248685353196,48.47941414885878,0.49313600279691344,Warning
2026-01-05 20:00:00,9,29.880780073521542,33.25132610159058,29.457928665627833,32.73354241529356,32.041410959986464,21.169248685353196,48.47941414885878,0.39809945095580707,Safe
2026-01-05 21:00:00,9,27.941140079229164,29.880780073521542,27.329349603505676,32.75903368511538,29.10012013007144,21.169248685353196,48.47941414885878,0.29039996718131394,Safe
2026-01-05 22:00:00,9,24.616109650445015,27.941140079229164,25.23357607108092,32.733305917588886,27.109600974526728,21.169248685353196,48.47941414885878,0.2175143200650787,Safe
2026-01-05 23:00:00,9,23.03637714444003,24.616109650445015,23.196426435761296,32.726637197117164,24.229472692520375,21.169248685353196,48.47941414885878,0.11205438865620018,Safe
2026-01-06 00:00:00,9,21.97329634828388,23.03637714444003,22.133852132955425,32.719947372755854,22.828713146683405,21.169248685353196,48.47941414885878,0.06076361576000432,Safe
2026-01-06 01:00:00,9,26.647613720813986,21.97329634828388,22.110648331034064,32.90898759733002,22.122744368022722,21.169248685353196,48.47941414885878,0.03491358003781036,Safe
2026-01-06 02:00:00,9,27.036352343894883,26.647613720813986,22.05772782743821,33.11643028551571,25.17385199560358,21.169248685353196,48.47941414885878,0.14663415968561425,Safe
2026-01-06 03:00:00,9,28.102586484161808,27.036352343894883,23.337898969870167,33.314958931944524,25.867027426025466,21.169248685353196,48.47941414885878,0.1720157490416576,Safe
2026-01-06 04:00:00,9,29.888302843063286,28.102586484161808,24.802894526315868,33.526850945142336,27.06827959197398,21.169248685353196,48.47941414885878,0.21600127976164568,Safe
2026-01-06 05:00:00,9,31.67409483696625,29.888302843063286,27.107256237352637,33.7171358867929,29.0290852384546,21.169248685353196,48.47941414885878,0.2877989251220587,Safe
2026-01-06 06:00:00,9,29.921704161206673,31.67409483696625,29.40479028874349,33.7386739648122,30.987604919485833,21.169248685353196,48.47941414885878,0.35951286665545773,Safe
2026-01-06 07:00:00,9,31.96440740224174,29.921704161206673,31.886459475268765,33.74192179510274,30.685902491462222,21.169248685353196,48.47941414885878,0.34846560964123285,Safe
2026-01-06 08:00:00,9,35.12432529818451,31.96440740224174,35.14982958621832,33.74085911643467,33.14350944430387,21.169248685353196,48.47941414885878,0.4384543307325426,Warning
2026-01-06 09:00:00,9,38.15389654892692,35.12432529818451,38.08435620135443,33.743756630916856,36.22220059614281,21.169248685353196,48.47941414885878,0.5511849197589033,Warning
2026-01-06 10:00:00,9,40.09261713985533,38.15389654892692,41.14180159228765,33.70004061206551,39.257353092295965,21.169248685353196,48.47941414885878,0.6623212799202011,Warning
2026-01-06 11:00:00,9,41.57100345067488,40.09261713985533,42.49318295600248,33.661616466010194,40.992624435769386,21.169248685353196,48.47941414885878,0.7258606708569884,High Risk
2026-01-06 12:00:00,9,43.5634889675933,41.57100345067488,42.5650681287968,33.70321733429338,41.98794070201153,21.169248685353196,48.47941414885878,0.7623055701428341,High Risk
2026-01-06 13:00:00,9,43.71362179087979,43.5634889675933,43.546859863402425,33.71016574793827,43.63208428189461,21.169248685353196,48.47941414885878,0.8225081903678021,High Risk
2026-01-06 14:00:00,9,43.33802440853724,43.71362179087979,42.90576141336762,33.728176706070336,43.51135416382361,21.169248685353196,48.47941414885878,0.8180874879809334,High Risk
2026-01-06 15:00:00,9,41.461045777840106,43.33802440853724,42.4318639936563,33.68772594707799,43.10262019075307,21.169248685353196,48.47941414885878,0.8031211210195043,High Risk
2026-01-06 16:00:00,9,40.5471047970428,41.461045777840106,41.04119434660722,33.66713888251281,41.39444946727029,21.169248685353196,48.47941414885878,0.7405740572450891,High Risk
2026-01-06 17:00:00,9,37.306347571737184,40.5471047970428,38.86449845911034,33.60221592887226,40.04973396132418,21.169248685353196,48.47941414885878,0.6913354153736435,Warning
2026-01-06 18:00:00,9,35.01877911180394,37.306347571737184,35.647615351803445,33.57601441887228,36.82137333343993,21.169248685353196,48.47941414885878,0.573124468831143,Warning
2026-01-06 19:00:00,9,32.3635152846347,35.01877911180394,33.25132610159058,33.539022301499124,34.4995989183374,21.169248685353196,48.47941414885878,0.4881094463776876,Warning
2026-01-06 20:00:00,9,29.83193510836638,32.3635152846347,29.880780073521542,33.53698709461766,31.603114509884726,21.169248685353196,48.47941414885878,0.38205061248799943,Safe
2026-01-06 21:00:00,9,28.15218368870053,29.83193510836638,27.941140079229164,33.545780578345635,29.277331258994522,21.169248685353196,48.47941414885878,0.29688880089676895,Safe
2026-01-06 22:00:00,9,25.043197577166527,28.15218368870053,24.616109650445015,33.563575908625694,27.03694970546327,21.169248685353196,48.47941414885878,0.2148540920814617,Safe
2026-01-06 23:00:00,9,22.660678206040913,25.043197577166527,23.03637714444003,33.5479217861924,24.455153376742786,21.169248685353196,48.47941414885878,0.12031800303306553,Safe
2026-01-07 00:00:00,9,21.84450413336864,22.660678206040913,21.97329634828388,33.54255544390426,22.527101427747084,21.169248685353196,48.47941414885878,0.04971968018607205,Safe
2026-01-07 01:00:00,9,21.050198617076575,21.84450413336864,26.647613720813986,33.30932981458187,23.590197951629953,21.169248685353196,48.47941414885878,0.08864644854918251,Safe
2026-01-07 02:00:00,9,20.405407554299913,21.050198617076575,27.036352343894883,33.03304044834875,23.20162874976002,21.169248685353196,48.47941414885878,0.07441844293123151,Safe
2026-01-07 03:00:00,9,22.080339198858102,20.405407554299913,28.102586484161808,32.78211347812776,23.142992361903403,21.169248685353196,48.47941414885878,0.07227138945446228,Safe
2026-01-07 04:00:00,9,23.397065304279728,22.080339198858102,29.888302843063286,32.51164524734511,24.85363557591728,21.169248685353196,48.47941414885878,0.13490898693303496,Safe
2026-01-07 05:00:00,9,25.970379662250753,23.397065304279728,31.67409483696625,32.27399044839863,26.329102763587777,21.169248685353196,48.47941414885878,0.18893528478230492,Safe
2026-01-07 06:00:00,9,28.124812031001113,25.970379662250753,29.921704161206673,32.199119942973404,27.419307167096456,21.169248685353196,48.47941414885878,0.22885464612949818,Safe
2026-01-07 07:00:00,9,30.445175792207145,28.124812031001113,31.96440740224174,32.135818625888625,29.532707020072312,21.169248685353196,48.47941414885878,0.30623974210831545,Safe
2026-01-07 08:00:00,9,34.175453557269876,30.445175792207145,35.12432529818451,32.09628230335051,32.13723980779577,21.169248685353196,48.47941414885878,0.4016083584513862,Warning
2026-01-07 09:00:00,9,35.64803800899938,34.175453557269876,38.15389654892692,31.991871530853533,35.62294902770624,21.169248685353196,48.47941414885878,0.529242484174069,Warning
2026-01-07 10:00:00,9,38.07759392822575,35.64803800899938,40.09261713985533,31.907912230368968,37.25306892555173,21.169248685353196,48.47941414885878,0.5889316076374433,Warning
2026-01-07 11:00:00,9,38.609934549991536,38.07759392822575,41.57100345067488,31.784534359507166,39.35407469232077,21.169248685353196,48.47941414885878,0.6658628767886806,Warning
2026-01-07 12:00:00,9,40.56259701581044,38.609934549991536,43.5634889675933,31.659497194849546,40.38521169974963,21.169248685353196,48.47941414885878,0.7036194026892738,High Risk
2026-01-07 13:00:00,9,40.01601060645081,40.56259701581044,43.71362179087979,31.505430062165004,41.718710388209274,21.169248685353196,48.47941414885878,0.7524473250764034,High Risk
2026-01-07 14:00:00,9,40.90961824637667,40.01601060645081,43.33802440853724,31.404246472074977,41.23132984249738,21.169248685353196,48.47941414885878,0.7346012036928822,High Risk
2026-01-07 15:00:00,9,39.26176923247152,40.90961824637667,41.461045777840106,31.312609949351287,41.17599993097228,21.169248685353196,48.47941414885878,0.7325752214785651,High Risk
2026-01-07 16:00:00,9,38.0148058042402,39.26176923247152,40.5471047970428,31.20709749131785,39.78135927385842,21.169248685353196,48.47941414885878,0.6815085002640492,Warning
2026-01-07 17:00:00,9,35.33126922000679,38.0148058042402,37.306347571737184,31.124802559995747,37.85397977549988,21.169248685353196,48.47941414885878,0.6109348001390761,Warning
2026-01-07 18:00:00,9,33.568765616232,35.33126922000679,35.01877911180394,31.064385331013582,35.30939967591728,21.169248685353196,48.47941414885878,0.5177614354515006,Warning
2026-01-07 19:00:00,9,30.67928652447596,33.568765616232,32.3635152846347,30.994209132673635,33.243798043004745,21.169248685353196,48.47941414885878,0.442126538254049,Warning
2026-01-07 20:00:00,9,27.8308023752191,30.67928652447596,29.83193510836638,30.910828602125832,30.480521380743852,21.169248685353196,48.47941414885878,0.3409452925830114,Safe
2026-01-07 21:00:00,9,26.068993150804314,27.8308023752191,28.15218368870053,30.824028996380154,28.035558854360936,21.169248685353196,48.47941414885878,0.2514195648782716,Safe
2026-01-07 22:00:00,9,23.82453095376223,26.068993150804314,25.043197577166527,30.773251220404976,25.815202347754088,21.169248685353196,48.47941414885878,0.17011810120634938,Safe
2026-01-07 23:00:00,9,20.93273713466173,23.82453095376223,22.660678206040913,30.70125367576418,23.526442448934002,21.169248685353196,48.47941414885878,0.0863119515119291,Safe
2026-01-08 00:00:00,9,21.073626607401707,20.93273713466173,21.84450413336864,30.669133778848888,21.34845767138119,21.169248685353196,48.47941414885878,0.006561988051865971,Safe
2026-01-08 01:00:00,9,22.133677888238008,21.073626607401707,21.050198617076575,30.714278748480613,21.169248685353196,21.169248685353196,48.47941414885878,0.0,Safe
2026-01-08 02:00:00,9,22.82006173658191,22.133677888238008,20.405407554299913,30.81488933940903,21.644718369035644,21.169248685353196,48.47941414885878,0.017409988486075882,Safe
2026-01-08 03:00:00,9,23.485002523498085,22.82006173658191,22.080339198858102,30.8734169779357,22.668372067607358,21.169248685353196,48.47941414885878,0.05489250255055865,Safe
2026-01-08 04:00:00,9,24.5583337159534,23.485002523498085,23.397065304279728,30.921803161755435,23.555409875171563,21.169248685353196,48.47941414885878,0.08737263439997629,Safe
2026-01-08 05:00:00,9,27.34085759001214,24.5583337159534,25.970379662250753,30.97890640874549,25.140459388272724,21.169248685353196,48.47941414885878,0.14541144259322747,Safe
2026-01-08 06:00:00,9,30.000051534885735,27.34085759001214,28.124812031001113,31.057041388074015,27.704492055266776,21.169248685353196,48.47941414885878,0.23929709028491597,Safe
2026-01-08 07:00:00,9,31.404565017400852,30.000051534885735,30.445175792207145,31.097015939123754,30.244307220826403,21.169248685353196,48.47941414885878,0.3322959802387201,Safe
2026-01-08 08:00:00,9,34.88198222681515,31.404565017400852,34.175453557269876,31.12645463368814,32.44259270311744,21.169248685353196,48.47941414885878,0.4127892824391513,Warning
2026-01-08 09:00:00,9,38.17505904939862,34.88198222681515,35.64803800899938,31.231747177038113,35.22965159299661,21.169248685353196,48.47941414885878,0.5148413476875818,Warning
2026-01-08 10:00:00,9,40.00036934119697,38.17505904939862,38.07759392822575,31.311862819245246,38.22303439973652,21.169248685353196,48.47941414885878,0.62444825216178,Warning
2026-01-08 11:00:00,9,41.65537287658361,40.00036934119697,38.609934549991536,31.438756082853246,39.603659078534406,21.169248685353196,48.47941414885878,0.6750017586972604,Warning
2026-01-08 12:00:00,9,41.3208485002822,41.65537287658361,40.56259701581044,31.470349894706235,41.35832673888593,21.169248685353196,48.47941414885878,0.7392513729460888,High Risk
2026-01-08 13:00:00,9,42.08491526075025,41.3208485002822,40.01601060645081,31.556554255302046,40.9516960879762,21.169248685353196,48.47941414885878,0.7243620220718235,High Risk
2026-01-08 14:00:00,9,41.65250619903828,42.08491526075025,40.90961824637667,31.58750791999628,41.75907940000727,21.169248685353196,48.47941414885878,0.7539254929906102,High Risk
2026-01-08 15:00:00,9,41.08691915955682,41.65250619903828,39.26176923247152,31.663555833624837,40.91145299903823,21.169248685353196,48.47941414885878,0.7228884649995242,High Risk
2026-01-08 16:00:00,9,38.598185263135456,41.08691915955682,38.0148058042402,31.687863311078804,40.1135166571577,21.169248685353196,48.47941414885878,0.6936709081257202,Warning
2026-01-08 17:00:00,9,37.482217060916156,38.598185263135456,35.33126922000679,31.77748613778336,37.561392177178405,21.169248685353196,48.47941414885878,0.6002212953820671,Warning
2026-01-08 18:00:00,9,34.52973073972569,37.482217060916156,33.568765616232,31.817526351262263,36.225711519695245,21.169248685353196,48.47941414885878,0.5513134771427304,Warning
2026-01-08 19:00:00,9,32.62422753969436,34.52973073972569,30.67928652447596,31.8985655602297,33.2986323438306,21.169248685353196,48.47941414885878,0.4441343729883824,Warning
2026-01-08 20:00:00,9,29.640112627898805,32.62422753969436,27.8308023752191,31.97395348742469,31.073038078925777,21.169248685353196,48.47941414885878,0.3626411214595472,Safe
2026-01-08 21:00:00,9,27.88374621352036,29.640112627898805,26.068993150804314,32.04956819837119,28.510948221510265,21.169248685353196,48.47941414885878,0.2688266124619833,Safe
2026-01-08 22:00:00,9,24.219562835051175,27.88374621352036,23.82453095376223,32.06602786009156,26.589904710791053,21.169248685353196,48.47941414885878,0.19848491339961066,Safe
2026-01-08 23:00:00,9,22.327281910833804,24.219562835051175,20.93273713466173,32.12413389243206,23.194725186461792,21.169248685353196,48.47941414885878,0.07416565929084425,Safe
2026-01-09 00:00:00,9,24.0281180207278,22.327281910833804,21.073626607401707,32.24723770132065,22.00042758068198,21.169248685353196,48.47941414885878,0.030434779533090088,Safe
2026-01-09 01:00:00,9,23.021535352525202,24.0281180207278,22.133677888238008,32.28423176233262,23.479842069799965,21.169248685353196,48.47941414885878,0.0846056133540746,Safe
2026-01-09 02:00:00,9,24.644003685154946,23.021535352525202,22.82006173658191,32.36022934352316,23.05370869243754,21.169248685353196,48.47941414885878,0.06900214283214039,Safe
2026-01-09 03:00:00,9,24.29437727832819,24.644003685154946,23.485002523498085,32.39395329164108,24.346505295465107,21.169248685353196,48.47941414885878,0.11633970134739605,Safe
2026-01-09 04:00:00,9,26.678298483716485,24.29437727832819,24.5583337159534,32.482285156964544,24.484105217376964,21.169248685353196,48.47941414885878,0.12137811523241322,Safe
2026-01-09 05:00:00,9,28.360559307209677,26.678298483716485,27.34085759001214,32.52477272851444,27.001270369863153,21.169248685353196,48.47941414885878,0.2135476432303426,Safe
2026-01-09 06:00:00,9,31.52446578409441,28.360559307209677,30.000051534885735,32.58828998889813,29.015528092786575,21.169248685353196,48.47941414885878,0.2873025112431415,Safe
2026-01-09 07:00:00,9,34.55392538621353,31.52446578409441,31.404565017400852,32.71951333759866,31.573446268770027,21.169248685353196,48.47941414885878,0.38096426828155366,Safe
2026-01-09 08:00:00,9,36.9496146907819,34.55392538621353,34.88198222681515,32.805664690263946,34.752190795992576,21.169248685353196,48.47941414885878,0.49735845179816773,Warning
2026-01-09 09:00:00,9,41.08061794466239,36.9496146907819,38.17505904939862,32.92672964423327,37.45173465021442,21.169248685353196,48.47941414885878,0.5962060314286042,Warning
2026-01-09 10:00:00,9,41.958788294104814,41.08061794466239,40.00036934119697,33.008330433937765,40.788607311318124,21.169248685353196,48.47941414885878,0.718390298066552,High Risk
2026-01-09 11:00:00,9,44.089820830023434,41.958788294104814,41.65537287658361,33.10976576533109,41.931373171488765,21.169248685353196,48.47941414885878,0.7602342707753127,High Risk
2026-01-09 12:00:00,9,45.059325464443646,44.089820830023434,41.3208485002822,33.26553563883782,43.216198582160516,21.169248685353196,48.47941414885878,0.8072799529167473,High Risk
2026-01-09 13:00:00,9,45.882866641634656,45.059325464443646,42.08491526075025,33.42378361304134,44.1141610081427,21.169248685353196,48.47941414885878,0.8401601049722878,High Risk
2026-01-09 14:00:00,9,46.02828387821221,45.882866641634656,41.65250619903828,33.60610768300692,44.50698775581521,21.169248685353196,48.47941414885878,0.8545440065935921,High Risk
2026-01-09 15:00:00,9,43.948318441847455,46.02828387821221,41.08691915955682,33.725332653102356,44.408992520633085,21.169248685353196,48.47941414885878,0.8509557737897725,High Risk
2026-01-09 16:00:00,9,41.79121798415461,43.948318441847455,38.598185263135456,33.85837568314482,42.19190888323074,21.169248685353196,48.47941414885878,0.7697741508082713,High Risk
2026-01-09 17:00:00,9,41.11194632501525,41.79121798415461,37.482217060916156,34.009614402482285,40.393777702071944,21.169248685353196,48.47941414885878,0.7039330588632029,High Risk
2026-01-09 18:00:00,9,37.448496383723295,41.11194632501525,34.52973073972569,34.13122963764885,38.93776384385235,21.169248685353196,48.47941414885878,0.650619071921188,Warning
2026-01-09 19:00:00,9,34.26494077740836,37.448496383723295,32.62422753969436,34.19959268922027,35.88045944148688,21.169248685353196,48.47941414885878,0.5386715886844625,Warning
2026-01-09 20:00:00,9,32.60643575563304,34.26494077740836,29.640112627898805,34.323189486209195,32.769284168031696,21.169248685353196,48.47941414885878,0.42475154804272464,Warning
2026-01-09 21:00:00,9,28.771680362379502,32.60643575563304,27.88374621352036,34.360186742411656,31.07946699006566,21.169248685353196,48.47941414885878,0.36287652504628387,Safe
2026-01-09 22:00:00,9,26.594168924107226,28.771680362379502,24.219562835051175,34.45912866278899,27.30806634742099,21.169248685353196,48.47941414885878,0.22478140769559424,Safe
2026-01-09 23:00:00,9,24.83117426374346,26.594168924107226,22.327281910833804,34.5634575108269,25.23096947131451,21.169248685353196,48.47941414885878,0.1487255960665405,Safe
2026-01-10 00:00:00,9,24.140982016284187,24.83117426374346,24.0281180207278,34.568160177308414,24.65519439754388,21.169248685353196,48.47941414885878,0.12764278521879144,Safe
2026-01-10 01:00:00,9,24.079542000920878,24.140982016284187,23.021535352525202,34.61224378765823,23.85767107592893,21.169248685353196,48.47941414885878,0.09844035166055314,Safe
2026-01-10 02:00:00,9,23.250603017233498,24.079542000920878,24.644003685154946,34.55418542649484,24.372348154371043,21.169248685353196,48.47941414885878,0.11728597382583258,Safe
2026-01-10 03:00:00,9,26.064261926698013,23.250603017233498,24.29437727832819,34.62793062017691,23.70845587953096,21.169248685353196,48.47941414885878,0.09297662823003626,Safe
2026-01-10 04:00:00,9,27.170876025567118,26.064261926698013,26.678298483716485,34.64845468442069,26.371436466831483,21.169248685353196,48.47941414885878,0.19048539262585382,Safe
2026-01-10 05:00:00,9,29.339407932308593,27.170876025567118,28.360559307209677,34.689240043799806,27.673525397693414,21.169248685353196,48.47941414885878,0.23816320274106878,Safe
2026-01-10 06:00:00,9,32.14316554135298,29.339407932308593,31.52446578409441,34.71501920035225,30.17972806065434,21.169248685353196,48.47941414885878,0.3299313238292339,Safe
2026-01-10 07:00:00,9,34.30551969075304,32.14316554135298,34.55392538621353,34.7046689630414,33.05703523735139,21.169248685353196,48.47941414885878,0.43528795651552604,Warning
2026-01-10 08:00:00,9,37.254578283266476,34.30551969075304,36.9496146907819,34.71737577939492,35.29638725661601,21.169248685353196,48.47941414885878,0.517284967491532,Warning
2026-01-10 09:00:00,9,40.59940367022311,37.254578283266476,41.08061794466239,34.697325184626614,38.64592041462537,21.169248685353196,48.47941414885878,0.6399328159579749,Warning
2026-01-10 10:00:00,9,43.03935043093603,40.59940367022311,41.958788294104814,34.74234860699459,41.14257884940429,21.169248685353196,48.47941414885878,0.7313514617621001,High Risk
2026-01-10 11:00:00,9,44.51264513325438,43.03935043093603,44.089820830023434,34.75996628629587,43.473666729938046,21.169248685353196,48.47941414885878,0.8167075097982326,High Risk
2026-01-10 12:00:00,9,44.5670684350557,44.51264513325438,45.059325464443646,34.739455576738045,44.772700404626974,21.169248685353196,48.47941414885878,0.864273447428998,High Risk
2026-01-10 13:00:00,9,45.56374534916741,44.5670684350557,45.882866641634656,34.726158856218575,45.09015504833231,21.169248685353196,48.47941414885878,0.8758974938854541,High Risk
2026-01-10 14:00:00,9,45.55511086125069,45.56374534916741,46.02828387821221,34.70644331384518,45.79432944370649,21.169248685353196,48.47941414885878,0.9016818257501156,High Risk
2026-01-10 15:00:00,9,43.63960829540187,45.55511086125069,43.948318441847455,34.693580391076615,45.07713852212844,21.169248685353196,48.47941414885878,0.8754208755454941,High Risk
2026-01-10 16:00:00,9,41.56753248637857,43.63960829540187,41.79121798415461,34.68426016200261,43.08148936497614,21.169248685353196,48.47941414885878,0.8023473862345052,High Risk
2026-01-10 17:00:00,9,40.612345415755925,41.56753248637857,41.11194632501525,34.663443457450136,41.48857294112488,21.169248685353196,48.47941414885878,0.7440205200844996,High Risk
2026-01-10 18:00:00,9,37.75445197676833,40.612345415755925,37.448496383723295,34.67619160716035,39.608181059290025,21.169248685353196,48.47941414885878,0.6751673373568289,Warning
2026-01-10 19:00:00,9,35.521377243953616,37.75445197676833,34.26494077740836,34.72854312659974,36.64261400264786,21.169248685353196,48.47941414885878,0.5665789455355987,Warning
2026-01-10 20:00:00,9,31.467772788949908,35.521377243953616,32.60643575563304,34.681098836321276,34.60900445426603,21.169248685353196,48.47941414885878,0.4921154833264125,Warning
2026-01-10 21:00:00,9,28.562644305569307,31.467772788949908,28.771680362379502,34.672389000620846,30.635555150797863,21.169248685353196,48.47941414885878,0.3466220712383587,Safe
2026-01-10 22:00:00,9,27.02479455520334,28.562644305569307,26.594168924107226,34.69033173524985,27.98312391533956,21.169248685353196,48.47941414885878,0.24949958613733486,Safe
2026-01-10 23:00:00,9,25.31953862040551,27.02479455520334,24.83117426374346,34.71068025011077,26.370262971830872,21.169248685353196,48.47941414885878,0.19044242346262374,Safe
2026-01-11 00:00:00,9,26.228410617063965,25.31953862040551,24.140982016284187,34.79765644180993,25.01446896907376,21.169248685353196,48.47941414885878,0.14079812691214863,Safe
2026-01-11 01:00:00,9,25.36581530591562,26.228410617063965,24.079542000920878,34.851251162851376,25.59022723109783,21.169248685353196,48.47941414885878,0.1618803221742483,Safe
2026-01-11 02:00:00,9,25.249973300057334,25.36581530591562,23.250603017233498,34.93455825796904,24.74027099976567,21.169248685353196,48.47941414885878,0.13075798418088774,Safe
2026-01-11 03:00:00,9,27.176127070488207,25.249973300057334,26.064261926698013,34.98088597229363,25.626713492111115,21.169248685353196,48.47941414885878,0.16321631772967782,Safe
2026-01-11 04:00:00,9,28.877899455483885,27.176127070488207,27.170876025567118,35.052011948540155,27.270002524968806,21.169248685353196,48.47941414885878,0.22338764751829732,Safe
2026-01-11 05:00:00,9,30.141662041652857,28.877899455483885,29.339407932308593,35.08543920309617,29.12922448116806,21.169248685353196,48.47941414885878,0.2914656637648742,Safe
2026-01-11 06:00:00,9,34.41628767189728,30.141662041652857,32.14316554135298,35.18015262520218,30.918144235007215,21.169248685353196,48.47941414885878,0.356969466395652,Safe
2026-01-11 07:00:00,9,36.07385396701704,34.41628767189728,34.30551969075304,35.253833220046516,34.464618080752224,21.169248685353196,48.47941414885878,0.4868285740098125,Warning
2026-01-11 08:00:00,9,39.79989263589787,36.07385396701704,37.254578283266476,35.35988798473949,36.56181894269764,21.169248685353196,48.47941414885878,0.5636205212411812,Warning
2026-01-11 09:00:00,9,43.060754904562984,39.79989263589787,40.59940367022311,35.46244428617032,40.15258789473491,21.169248685353196,48.47941414885878,0.6951015562189646,Warning
2026-01-11 10:00:00,9,45.066601123743304,43.060754904562984,43.03935043093603,35.546913065037295,43.128372786024045,21.169248685353196,48.47941414885878,0.8040640883685091,High Risk
2026-01-11 11:00:00,9,46.664015968430164,45.066601123743304,44.51264513325438,35.63655351650295,44.9494241091588,21.169248685353196,48.47941414885878,0.8707444334176033,High Risk
2026-01-11 12:00:00,9,48.12856736549203,46.664015968430164,44.5670684350557,35.78494930527113,46.016922473102525,21.169248685353196,48.47941414885878,0.9098323813204555,High Risk
2026-01-11 13:00:00,9,48.71251594831535,48.12856736549203,45.56374534916741,35.91614808023562,47.31951037523919,21.169248685353196,48.47941414885878,0.9575284619678329,High Risk
2026-01-11 14:00:00,9,48.01360102752349,48.71251594831535,45.55511086125069,36.01858517049699,47.699984054339154,21.169248685353196,48.47941414885878,0.9714600386796919,High Risk
2026-01-11 15:00:00,9,47.34332599886694,48.01360102752349,43.63960829540187,36.1729067414747,46.58580701673854,21.169248685353196,48.47941414885878,0.9306628857553594,High Risk
2026-01-11 16:00:00,9,44.92751048193416,47.34332599886694,41.56753248637857,36.31290582462285,45.43687417359308,21.169248685353196,48.47941414885878,0.8885931003265239,High Risk
2026-01-11 17:00:00,9,42.657116325230234,44.92751048193416,40.612345415755925,36.39810461251761,43.52386823064032,21.169248685353196,48.47941414885878,0.8185457080666084,High Risk
2026-01-11 18:00:00,9,39.86176108958909,42.657116325230234,37.75445197676833,36.48590915888514,41.055463582672026,21.169248685353196,48.47941414885878,0.7281616142432769,High Risk
2026-01-11 19:00:00,9,36.6192467930367,39.86176108958909,35.521377243953616,36.531653723430274,38.45610345672829,21.169248685353196,48.47941414885878,0.6329824021569191,Warning
2026-01-11 20:00:00,9,33.38506168092583,36.6192467930367,31.467772788949908,36.611540760595936,34.94036072515781,21.169248685353196,48.47941414885878,0.504248557335118,Warning
2026-01-11 21:00:00,9,30.667661841514246,33.38506168092583,28.562644305569307,36.69924982459364,31.822961469841353,21.169248685353196,48.47941414885878,0.3901006168792362,Safe
2026-01-11 22:00:00,9,28.65488383015134,30.667661841514246,27.02479455520334,36.76717021104981,29.512612607067517,21.169248685353196,48.47941414885878,0.30550395702873173,Safe
2026-01-11 23:00:00,9,26.128116242253,28.65488383015134,25.31953862040551,36.80086094529346,27.60765972774803,21.169248685353196,48.47941414885878,0.23575143897414333,Safe
2026-01-12 00:00:00,9,26.137105627193016,26.128116242253,26.228410617063965,36.797056570715505,26.259464827938736,21.169248685353196,48.47941414885878,0.1863853942226081,Safe
2026-01-12 01:00:00,9,24.774160748900176,26.137105627193016,25.36581530591562,36.77240429750652,25.970287921162196,21.169248685353196,48.47941414885878,0.17579677671407096,Safe
2026-01-12 02:00:00,9,25.039466895962867,24.774160748900176,25.249973300057334,36.76363319733592,25.03573493663444,21.169248685353196,48.47941414885878,0.1415768101028607,Safe
2026-01-12 03:00:00,9,26.35348676686116,25.039466895962867,27.176127070488207,36.72935651801813,25.868843037606602,21.169248685353196,48.47941414885878,0.17208223020293364,Safe
2026-01-12 04:00:00,9,29.09921655669045,26.35348676686116,28.877899455483885,36.738578063901734,27.313791576256026,21.169248685353196,48.47941414885878,0.22499104496905015,Safe
2026-01-12 05:00:00,9,30.197223289131,29.09921655669045,30.141662041652857,36.74089311587999,29.54898157359178,21.169248685353196,48.47941414885878,0.3068356576821446,Safe
2026-01-12 06:00:00,9,33.768214992994686,30.197223289131,34.41628767189728,36.71389008759238,31.73222348683172,21.169248685353196,48.47941414885878,0.38677811852936766,Safe
2026-01-12 07:00:00,9,36.8799481897689,33.768214992994686,36.07385396701704,36.74747734687371,34.64400366934488,21.169248685353196,48.47941414885878,0.49339702861196116,Warning
2026-01-12 08:00:00,9,39.61354535510213,36.8799481897689,39.79989263589787,36.73971287684056,37.961819236858155,21.169248685353196,48.47941414885878,0.6148834930737157,Warning
2026-01-12 09:00:00,9,42.95581759779519,39.61354535510213,43.060754904562984,36.73534048905856,40.87221723997245,21.169248685353196,48.47941414885878,0.7214517927215206,High Risk
2026-01-12 10:00:00,9,45.039237165121285,42.95581759779519,45.066601123743304,36.734200324115974,43.7529583208592,21.169248685353196,48.47941414885878,0.8269341626197879,High Risk
2026-01-12 11:00:00,9,46.338856325234566,45.039237165121285,46.664015968430164,36.72065200564949,45.66740462805997,21.169248685353196,48.47941414885878,0.897034295834246,High Risk
2026-01-12 12:00:00,9,47.73870552179732,46.338856325234566,48.12856736549203,36.70440776216221,47.021748157744916,21.169248685353196,48.47941414885878,0.9466254812814219,High Risk
2026-01-12 13:00:00,9,48.07367762389792,47.73870552179732,48.71251594831535,36.67778949864482,48.14066438179649,21.169248685353196,48.47941414885878,0.9875961661561103,High Risk
2026-01-12 14:00:00,9,48.14114742278771,48.07367762389792,48.01360102752349,36.68310393178083,48.12152382348819,21.169248685353196,48.47941414885878,0.9868953078023586,High Risk
2026-01-12 15:00:00,9,46.32356517166458,48.14114742278771,47.34332599886694,36.64061389731406,47.93653538759209,21.169248685353196,48.47941414885878,0.9801216970979602,High Risk
2026-01-12 16:00:00,9,44.03946373543306,46.32356517166458,44.92751048193416,36.603611949543186,45.91667974327044,21.169248685353196,48.47941414885878,0.9061618533518312,High Risk
2026-01-12 17:00:00,9,41.92638326023218,44.03946373543306,42.657116325230234,36.5731647385016,43.64024842365277,21.169248685353196,48.47941414885878,0.8228071318542654,High Risk
2026-01-12 18:00:00,9,39.10903468476803,41.92638326023218,39.86176108958909,36.54180113830072,41.2965310326395,21.169248685353196,48.47941414885878,0.7369886366010355,High Risk
2026-01-12 19:00:00,9,36.60482261726029,39.10903468476803,36.6192467930367,36.541200130976705,38.33741741965074,21.169248685353196,48.47941414885878,0.6286365466588887,Warning
2026-01-12 20:00:00,9,33.109389513813355,36.60482261726029,33.38506168092583,36.529713790680354,35.58676213416421,21.169248685353196,48.47941414885878,0.5279174503779409,Warning
2026-01-12 21:00:00,9,31.224924487332665,33.109389513813355,30.667661841514246,36.55293306758946,32.36204325820077,21.169248685353196,48.47941414885878,0.40983985168323456,Warning
2026-01-12 22:00:00,9,27.86113950511384,31.224924487332665,28.65488383015134,36.51986038737956,30.436144005441836,21.169248685353196,48.47941414885878,0.33932035282435713,Safe
2026-01-12 23:00:00,9,26.36311609000288,27.86113950511384,26.128116242253,36.52965204770246,27.363078915988254,21.169248685353196,48.47941414885878,0.22679576995298936,Safe
2026-01-13 00:00:00,9,25.20009749588407,26.36311609000288,26.137105627193016,36.49061004223126,26.382534534641636,21.169248685353196,48.47941414885878,0.1908917639244317,Safe
2026-01-13 01:00:00,9,25.578869301591318,25.20009749588407,24.774160748900176,36.52413956526006,25.152642408537325,21.169248685353196,48.47941414885878,0.14585754094568096,Safe
2026-01-13 02:00:00,9,25.587509347585573,25.578869301591318,25.039466895962867,36.54697466741101,25.492105156151446,21.169248685353196,48.47941414885878,0.15828744495478847,Safe
2026-01-13 03:00:00,9,26.5672162128513,25.587509347585573,26.35348676686116,36.55588006099393,25.94728254919218,21.169248685353196,48.47941414885878,0.17495440279442614,Safe
2026-01-13 04:00:00,9,28.974306967877318,26.5672162128513,29.09921655669045,36.55067549479338,27.529837684211724,21.169248685353196,48.47941414885878,0.23290187584019842,Safe
2026-01-13 05:00:00,9,31.55149562904472,28.974306967877318,30.197223289131,36.60710350895645,29.485971067202804,21.169248685353196,48.47941414885878,0.30452843972823074,Safe
2026-01-13 06:00:00,9,33.80294938976922,31.55149562904472,33.768214992994686,36.60855077548872,32.39975953467325,21.169248685353196,48.47941414885878,0.4112208859776567,Warning
2026-01-13 07:00:00,9,36.87350146133944,33.80294938976922,36.8799481897689,36.60828216180416,34.942562038744995,21.169248685353196,48.47941414885878,0.5043291615156208,Warning
2026-01-13 08:00:00,9,39.40200403226459,36.87350146133944,39.61354535510213,36.59946794001927,37.8938399497484,21.169248685353196,48.47941414885878,0.6123943362536503,Warning
2026-01-13 09:00:00,9,42.16268772569504,39.40200403226459,42.95581759779519,36.5664208620151,40.69741946181065,21.169248685353196,48.47941414885878,0.7150513272247107,High Risk
2026-01-13 10:00:00,9,45.486898690956,42.16268772569504,45.039237165121285,36.58507342559154,43.22281932095785,21.169248685353196,48.47941414885878,0.8075223805418658,High Risk
2026-01-13 11:00:00,9,46.45461138911814,45.486898690956,46.338856325234566,36.589896553253354,45.8501126832283,21.169248685353196,48.47941414885878,0.9037244072040352,High Risk
2026-01-13 12:00:00,9,47.61221005871964,46.45461138911814,47.73870552179732,36.58462590895845,46.96438904980518,21.169248685353196,48.47941414885878,0.9445251971979693,High Risk
2026-01-13 13:00:00,9,47.60438282575901,47.61221005871964,48.07367762389792,36.565071959036,47.83907008276607,21.169248685353196,48.47941414885878,0.9765528684364337,High Risk
2026-01-13 14:00:00,9,48.49763278513977,47.60438282575901,48.14114742278771,36.57992551580067,47.85701092177373,21.169248685353196,48.47941414885878,0.9772097973874759,High Risk
2026-01-13 15:00:00,9,47.02203635079141,48.49763278513977,46.32356517166458,36.60902848159762,47.821764661930274,21.169248685353196,48.47941414885878,0.9759192062118215,High Risk
2026-01-13 16:00:00,9,45.11272315888866,47.02203635079141,44.03946373543306,36.6537476242416,46.07151804603102,21.169248685353196,48.47941414885878,0.911831474698427,High Risk
2026-01-13 17:00:00,9,42.245812025530185,45.11272315888866,41.92638326023218,36.66705715612902,44.09499140377614,21.169248685353196,48.47941414885878,0.8394581830564263,High Risk
2026-01-13 18:00:00,9,39.52537780025709,42.245812025530185,39.10903468476803,36.68440478594106,41.248776530191556,21.169248685353196,48.47941414885878,0.7352400386013946,High Risk
2026-01-13 19:00:00,9,36.97911362002821,39.52537780025709,36.60482261726029,36.70000024438973,38.60585885499873,21.169248685353196,48.47941414885878,0.6384659058356884,Warning
2026-01-13 20:00:00,9,33.37985670649237,36.97911362002821,33.109389513813355,36.711269710751345,35.73822309389237,21.169248685353196,48.47941414885878,0.533463405578564,Warning
2026-01-13 21:00:00,9,30.141100601936355,33.37985670649237,31.224924487332665,36.666110382193175,32.730265383571684,21.169248685353196,48.47941414885878,0.42332282059384024,Warning
2026-01-13 22:00:00,9,28.927111224848073,30.141100601936355,27.86113950511384,36.71052587051543,29.452966038222677,21.169248685353196,48.47941414885878,0.3033199143600594,Safe
2026-01-13 23:00:00,9,27.16410641550502,28.927111224848073,26.36311609000288,36.74390046741136,28.143397796405655,21.169248685353196,48.47941414885878,0.25536823879751785,Safe
2026-01-14 00:00:00,9,25.792772404090766,27.16410641550502,25.20009749588407,36.768595255253295,26.587939223057994,21.169248685353196,48.47941414885878,0.1984129443130917,Safe
2026-01-14 01:00:00,9,25.310466301085082,25.792772404090766,25.578869301591318,36.75741179689887,25.817076956018035,21.169248685353196,48.47941414885878,0.17018674261380662,Safe
2026-01-14 02:00:00,9,25.38262654902946,25.310466301085082,25.587509347585573,36.7488750136257,25.503344806035088,21.169248685353196,48.47941414885878,0.15869900047930938,Safe
2026-01-14 03:00:00,9,25.99454527181225,25.38262654902946,26.5672162128513,36.725013724415746,25.885867405880035,21.169248685353196,48.47941414885878,0.17270560129428827,Safe
2026-01-14 04:00:00,9,28.410337130679324,25.99454527181225,28.974306967877318,36.70151498119916,27.111085838178248,21.169248685353196,48.47941414885878,0.21756869042761398,Safe
2026-01-14 05:00:00,9,31.284643768525285,28.410337130679324,31.55149562904472,36.69039615367752,29.578935885416513,21.169248685353196,48.47941414885878,0.3079324767683541,Safe
2026-01-14 06:00:00,9,34.32540074776583,31.284643768525285,33.80294938976922,36.71216496026071,32.236423573469544,21.169248685353196,48.47941414885878,0.4052401109640012,Warning
2026-01-14 07:00:00,9,35.93095829625622,34.32540074776583,36.87350146133944,36.67289232838224,35.283404324739664,21.169248685353196,48.47941414885878,0.5168095792549318,Warning
2026-01-14 08:00:00,9,39.62729993539213,35.93095829625622,39.40200403226459,36.682279657679224,37.202590455175574,21.169248685353196,48.47941414885878,0.5870832677364907,Warning
2026-01-14 09:00:00,9,42.46857514601476,39.62729993539213,42.16268772569504,36.69502496685921,40.57403488240695,21.169248685353196,48.47941414885878,0.7105334280178869,High Risk
2026-01-14 10:00:00,9,45.31290324094404,42.46857514601476,45.486898690956,36.687775156442044,43.57680606587505,21.169248685353196,48.47941414885878,0.8204841010568331,High Risk
2026-01-14 11:00:00,9,47.326975765702315,45.31290324094404,46.45461138911814,36.724123672133054,45.77546313135315,21.169248685353196,48.47941414885878,0.9009910092961569,High Risk
2026-01-14 12:00:00,9,47.575000230886985,47.326975765702315,47.61221005871964,36.722573262640026,47.493921604755606,21.169248685353196,48.47941414885878,0.9639147734445308,High Risk
2026-01-14 13:00:00,9,48.36656181902963,47.575000230886985,47.60438282575901,36.75433072069297,47.65409977152308,21.169248685353196,48.47941414885878,0.9697799213915973,High Risk
2026-01-14 14:00:00,9,47.39175936899023,48.36656181902963,48.49763278513977,36.708252661686736,48.47941414885878,21.169248685353196,48.47941414885878,0.9999999633835992,High Risk
2026-01-14 15:00:00,9,46.57072474186238,47.39175936899023,47.02203635079141,36.689448011314695,47.33457070498784,21.169248685353196,48.47941414885878,0.9580799170374596,High Risk
2026-01-14 16:00:00,9,45.5960157203934,46.57072474186238,45.11272315888866,36.70958520137739,46.14232573722964,21.169248685353196,48.47941414885878,0.9144241974961164,High Risk
2026-01-14 17:00:00,9,41.75172799889731,45.5960157203934,42.245812025530185,36.68899836693435,44.52159813172033,21.169248685353196,48.47941414885878,0.8550789859729615,High Risk
2026-01-14 18:00:00,9,39.98746691433528,41.75172799889731,39.52537780025709,36.70825208002095,41.06677926618244,21.169248685353196,48.47941414885878,0.7285759538455466,High Risk
2026-01-14 19:00:00,9,36.628641591017086,39.98746691433528,36.97911362002821,36.69364907881215,39.03731060875643,21.169248685353196,48.47941414885878,0.6542641161590947,Warning
2026-01-14 20:00:00,9,33.539310585152315,36.628641591017086,33.37985670649237,36.70029299042298,35.600621413038574,21.169248685353196,48.47941414885878,0.5284249272874237,Warning
2026-01-14 21:00:00,9,30.73298978053935,33.539310585152315,30.141100601936355,36.72495503953144,32.464206605321266,21.169248685353196,48.47941414885878,0.4135807057441944,Warning
2026-01-14 22:00:00,9,28.018285420380383,30.73298978053935,28.927111224848073,36.687087297678616,30.2062584299686,21.169248685353196,48.47941414885878,0.330902770464307,Safe
2026-01-14 23:00:00,9,25.820596317356785,28.018285420380383,27.16410641550502,36.631107710255776,27.820657666993803,21.169248685353196,48.47941414885878,0.24355065687823052,Safe
